-- phpMyAdmin SQL Dump
-- version 4.2.7.1
-- http://www.phpmyadmin.net
--
-- Host: 127.0.0.1
-- Generation Time: Jun 25, 2015 at 10:20 AM
-- Server version: 5.6.20
-- PHP Version: 5.5.15

SET SQL_MODE = "NO_AUTO_VALUE_ON_ZERO";
SET time_zone = "+00:00";


/*!40101 SET @OLD_CHARACTER_SET_CLIENT=@@CHARACTER_SET_CLIENT */;
/*!40101 SET @OLD_CHARACTER_SET_RESULTS=@@CHARACTER_SET_RESULTS */;
/*!40101 SET @OLD_COLLATION_CONNECTION=@@COLLATION_CONNECTION */;
/*!40101 SET NAMES utf8 */;

--
-- Database: `tracer_db`
--

-- --------------------------------------------------------

--
-- Table structure for table `attendance_details`
--

CREATE TABLE IF NOT EXISTS `attendance_details` (
`attendance_details_id` bigint(20) NOT NULL,
  `user_id` bigint(20) NOT NULL,
  `date_time` timestamp NOT NULL DEFAULT CURRENT_TIMESTAMP ON UPDATE CURRENT_TIMESTAMP,
  `status` char(1) NOT NULL,
  `user_photo_path` varchar(256) NOT NULL DEFAULT '',
  `lattitude` varchar(30) NOT NULL,
  `longitude` varchar(30) NOT NULL,
  `location` varchar(100) DEFAULT NULL
) ENGINE=InnoDB  DEFAULT CHARSET=utf8 AUTO_INCREMENT=283 ;

--
-- Dumping data for table `attendance_details`
--

INSERT INTO `attendance_details` (`attendance_details_id`, `user_id`, `date_time`, `status`, `user_photo_path`, `lattitude`, `longitude`, `location`) VALUES
(1, 7, '2014-11-13 23:13:49', '1', 'tracer_mob_data/runner_photos/IMG77777HJWQ7El_1412697684875.jpg', '0', '0', NULL),
(2, 13, '2014-11-13 23:13:49', '1', 'tracer_mob_data/runner_photos/IMG50777iC3i3rA_1412701986684.jpg', '0', '0', NULL),
(3, 15, '2014-11-13 23:13:49', '1', 'tracer_mob_data/runner_photos/IMG07777aeDb4GZ_1412775461372.jpg', '0', '0', NULL),
(4, 7, '2014-11-13 23:13:49', '1', 'tracer_mob_data/runner_photos/IMG777772M6v6TJ_1412860371954.jpg', '0', '0', NULL),
(5, 13, '2014-11-13 23:13:49', '1', 'tracer_mob_data/runner_photos/IMG50777DQwyb77_1412949706488.jpg', '0', '0', NULL),
(6, 7, '2014-11-13 23:13:49', '1', 'tracer_mob_data/runner_photos/IMG77777UsjRJ8O_1413209662250.jpg', '0', '0', NULL),
(7, 31, '2014-11-13 23:13:49', '1', 'tracer_mob_data/runner_photos/IMG47777G2rbUJq_1413292914288.jpg', '0', '0', NULL),
(8, 7, '2014-11-13 23:13:49', '1', 'tracer_mob_data/runner_photos/IMG77777I0Qck92_1413293501489.jpg', '0', '0', NULL),
(9, 7, '2014-11-13 23:13:49', '1', 'tracer_mob_data/runner_photos/IMG77777E5gxwBr_1413392143115.jpg', '0', '0', NULL),
(10, 7, '2014-11-13 23:13:49', '1', 'tracer_mob_data/runner_photos/IMG77777G6Mnl7l_1413565655008.jpg', '0', '0', NULL),
(11, 7, '2014-11-13 23:13:49', '1', 'tracer_mob_data/runner_photos/IMG77777YIjvbfj_1414590325690.jpg', '0', '0', NULL),
(12, 7, '2014-11-13 23:13:49', '1', 'tracer_mob_data/runner_photos/IMG77777JOsaYoq_1414685001268.jpg', '0', '0', NULL),
(13, 7, '2014-11-13 23:13:49', '1', 'tracer_mob_data/runner_photos/IMG77777empTeQ7_1414748749114.jpg', '0', '0', NULL),
(14, 7, '2014-11-13 23:13:49', '1', 'tracer_mob_data/runner_photos/IMG77777DT7WGxl_1415008433515.jpg', '0', '0', NULL),
(15, 58, '2014-11-13 23:13:49', '1', 'tracer_mob_data/runner_photos/IMG7999969brEcI_1415110287820.jpg', '0', '0', NULL),
(16, 7, '2014-11-13 23:13:49', '1', 'tracer_mob_data/runner_photos/IMG777774IDW91T_1415378467718.jpg', '0', '0', NULL),
(17, 13, '2014-11-13 23:13:49', '1', 'tracer_mob_data/runner_photos/IMG50777DaZyHbo_1415450654213.jpg', '0', '0', NULL),
(18, 8, '2014-11-13 23:13:49', '1', 'tracer_mob_data/runner_photos/IMG97777Wrke0h8_1415620095645.jpg', '0', '0', NULL),
(19, 7, '2014-11-13 23:13:49', '1', 'tracer_mob_data/runner_photos/IMG77777v2H1jql_1415696116562.jpg', '0', '0', NULL),
(20, 8, '2014-11-13 23:13:49', '1', 'tracer_mob_data/runner_photos/IMG97777P3O3T3m_1415706727948.jpg', '0', '0', NULL),
(21, 8, '2014-11-13 23:13:49', '1', 'tracer_mob_data/runner_photos/IMG97777P3O3T3m_1415706956516.jpg', '0', '0', NULL),
(22, 8, '2014-11-13 23:13:49', '1', 'tracer_mob_data/runner_photos/IMG97777P3O3T3m_1415707979341.jpg', '0', '0', NULL),
(23, 8, '2014-11-13 23:13:49', '1', 'tracer_mob_data/runner_photos/IMG97777P3O3T3m_1415711753826.jpg', '0', '0', NULL),
(24, 6, '2014-11-13 23:13:49', '1', 'tracer_mob_data/runner_photos/IMGbUr9bVy8jLp5_1415713226879.jpg', '0', '0', NULL),
(25, 8, '2014-11-13 23:13:49', '1', 'tracer_mob_data/runner_photos/IMG97777P3O3T3m_1415715808193.jpg', '0', '0', NULL),
(26, 8, '2014-11-13 23:13:49', '1', 'tracer_mob_data/runner_photos/IMG97777P3O3T3m_1415715901198.jpg', '0', '0', NULL),
(27, 8, '2014-11-13 23:13:49', '1', 'tracer_mob_data/runner_photos/IMG97777P3O3T3m_1415715901216.jpg', '0', '0', NULL),
(28, 8, '2014-11-13 23:13:49', '1', 'tracer_mob_data/runner_photos/IMG97777P3O3T3m_1415715901220.jpg', '0', '0', NULL),
(29, 8, '2014-11-13 23:13:49', '1', 'tracer_mob_data/runner_photos/IMG97777P3O3T3m_1415715901223.jpg', '0', '0', NULL),
(30, 8, '2014-11-13 23:13:49', '1', 'tracer_mob_data/runner_photos/IMG97777P3O3T3m_1415715901230.jpg', '0', '0', NULL),
(31, 8, '2014-11-13 23:13:49', '1', 'tracer_mob_data/runner_photos/IMG97777P3O3T3m_1415715901222.jpg', '0', '0', NULL),
(32, 8, '2014-11-13 23:13:49', '1', 'tracer_mob_data/runner_photos/IMG97777P3O3T3m_1415715901219.jpg', '0', '0', NULL),
(33, 8, '2014-11-13 23:13:49', '1', 'tracer_mob_data/runner_photos/IMG97777P3O3T3m_1415715901236.jpg', '0', '0', NULL),
(34, 8, '2014-11-13 23:13:49', '1', 'tracer_mob_data/runner_photos/IMG97777P3O3T3m_1415715901236.jpg', '0', '0', NULL),
(35, 8, '2014-11-13 23:13:49', '1', 'tracer_mob_data/runner_photos/IMG97777P3O3T3m_1415715901244.jpg', '0', '0', NULL),
(36, 8, '2014-11-13 23:13:49', '1', 'tracer_mob_data/runner_photos/IMG97777P3O3T3m_1415715901245.jpg', '0', '0', NULL),
(37, 8, '2014-11-13 23:13:49', '1', 'tracer_mob_data/runner_photos/IMG97777P3O3T3m_1415715901245.jpg', '0', '0', NULL),
(38, 8, '2014-11-13 23:13:49', '1', 'tracer_mob_data/runner_photos/IMG97777P3O3T3m_1415715901248.jpg', '0', '0', NULL),
(39, 8, '2014-11-13 23:13:49', '1', 'tracer_mob_data/runner_photos/IMG97777P3O3T3m_1415715901257.jpg', '0', '0', NULL),
(40, 8, '2014-11-13 23:13:49', '1', 'tracer_mob_data/runner_photos/IMG97777P3O3T3m_1415715901258.jpg', '0', '0', NULL),
(41, 8, '2014-11-13 23:13:49', '1', 'tracer_mob_data/runner_photos/IMG97777P3O3T3m_1415715901273.jpg', '0', '0', NULL),
(42, 8, '2014-11-13 23:13:49', '1', 'tracer_mob_data/runner_photos/IMG97777P3O3T3m_1415715901292.jpg', '0', '0', NULL),
(43, 8, '2014-11-13 23:13:49', '1', 'tracer_mob_data/runner_photos/IMG97777P3O3T3m_1415715901294.jpg', '0', '0', NULL),
(44, 8, '2014-11-13 23:13:49', '1', 'tracer_mob_data/runner_photos/IMG97777P3O3T3m_1415715901295.jpg', '0', '0', NULL),
(45, 8, '2014-11-13 23:13:49', '1', 'tracer_mob_data/runner_photos/IMG97777P3O3T3m_1415715901296.jpg', '0', '0', NULL),
(46, 8, '2014-11-13 23:13:49', '1', 'tracer_mob_data/runner_photos/IMG97777P3O3T3m_1415715901295.jpg', '0', '0', NULL),
(47, 8, '2014-11-13 23:13:49', '1', 'tracer_mob_data/runner_photos/IMG97777P3O3T3m_1415715901296.jpg', '0', '0', NULL),
(48, 8, '2014-11-13 23:13:49', '1', 'tracer_mob_data/runner_photos/IMG97777P3O3T3m_1415715901310.jpg', '0', '0', NULL),
(49, 8, '2014-11-13 23:13:49', '1', 'tracer_mob_data/runner_photos/IMG97777P3O3T3m_1415715901311.jpg', '0', '0', NULL),
(50, 8, '2014-11-13 23:13:49', '1', 'tracer_mob_data/runner_photos/IMG97777P3O3T3m_1415715901324.jpg', '0', '0', NULL),
(51, 8, '2014-11-13 23:13:49', '1', 'tracer_mob_data/runner_photos/IMG97777P3O3T3m_1415715901326.jpg', '0', '0', NULL),
(52, 8, '2014-11-13 23:13:49', '1', 'tracer_mob_data/runner_photos/IMG97777P3O3T3m_1415715901336.jpg', '0', '0', NULL),
(53, 8, '2014-11-13 23:13:49', '1', 'tracer_mob_data/runner_photos/IMG97777P3O3T3m_1415715901338.jpg', '0', '0', NULL),
(54, 8, '2014-11-13 23:13:49', '1', 'tracer_mob_data/runner_photos/IMG97777P3O3T3m_1415715901322.jpg', '0', '0', NULL),
(55, 8, '2014-11-13 23:13:49', '1', 'tracer_mob_data/runner_photos/IMG97777P3O3T3m_1415715901321.jpg', '0', '0', NULL),
(56, 8, '2014-11-13 23:13:49', '1', 'tracer_mob_data/runner_photos/IMG97777P3O3T3m_1415715901350.jpg', '0', '0', NULL),
(57, 8, '2014-11-13 23:13:49', '1', 'tracer_mob_data/runner_photos/IMG97777P3O3T3m_1415715901367.jpg', '0', '0', NULL),
(58, 8, '2014-11-13 23:13:49', '1', 'tracer_mob_data/runner_photos/IMG97777P3O3T3m_1415715901372.jpg', '0', '0', NULL),
(59, 8, '2014-11-13 23:13:49', '1', 'tracer_mob_data/runner_photos/IMG97777P3O3T3m_1415715901378.jpg', '0', '0', NULL),
(60, 8, '2014-11-13 23:13:49', '1', 'tracer_mob_data/runner_photos/IMG97777P3O3T3m_1415715901387.jpg', '0', '0', NULL),
(61, 8, '2014-11-13 23:13:49', '1', 'tracer_mob_data/runner_photos/IMG97777P3O3T3m_1415715901398.jpg', '0', '0', NULL),
(62, 8, '2014-11-13 23:13:49', '1', 'tracer_mob_data/runner_photos/IMG97777P3O3T3m_1415715901409.jpg', '0', '0', NULL),
(63, 8, '2014-11-13 23:13:49', '1', 'tracer_mob_data/runner_photos/IMG97777P3O3T3m_1415715901408.jpg', '0', '0', NULL),
(64, 8, '2014-11-13 23:13:49', '1', 'tracer_mob_data/runner_photos/IMG97777P3O3T3m_1415715901426.jpg', '0', '0', NULL),
(65, 8, '2014-11-13 23:13:49', '1', 'tracer_mob_data/runner_photos/IMG97777P3O3T3m_1415715901422.jpg', '0', '0', NULL),
(66, 8, '2014-11-13 23:13:49', '1', 'tracer_mob_data/runner_photos/IMG97777P3O3T3m_1415715901429.jpg', '0', '0', NULL),
(67, 8, '2014-11-13 23:13:49', '1', 'tracer_mob_data/runner_photos/IMG97777P3O3T3m_1415715901428.jpg', '0', '0', NULL),
(68, 8, '2014-11-13 23:13:49', '1', 'tracer_mob_data/runner_photos/IMG97777P3O3T3m_1415715901432.jpg', '0', '0', NULL),
(69, 8, '2014-11-13 23:13:49', '1', 'tracer_mob_data/runner_photos/IMG97777P3O3T3m_1415715901434.jpg', '0', '0', NULL),
(70, 8, '2014-11-13 23:13:49', '1', 'tracer_mob_data/runner_photos/IMG97777P3O3T3m_1415715901449.jpg', '0', '0', NULL),
(71, 8, '2014-11-13 23:13:49', '1', 'tracer_mob_data/runner_photos/IMG97777P3O3T3m_1415715901439.jpg', '0', '0', NULL),
(72, 8, '2014-11-13 23:13:49', '1', 'tracer_mob_data/runner_photos/IMG97777P3O3T3m_1415715901452.jpg', '0', '0', NULL),
(73, 8, '2014-11-13 23:13:49', '1', 'tracer_mob_data/runner_photos/IMG97777P3O3T3m_1415715901452.jpg', '0', '0', NULL),
(74, 8, '2014-11-13 23:13:49', '1', 'tracer_mob_data/runner_photos/IMG97777P3O3T3m_1415715901464.jpg', '0', '0', NULL),
(75, 8, '2014-11-13 23:13:49', '1', 'tracer_mob_data/runner_photos/IMG97777P3O3T3m_1415715901475.jpg', '0', '0', NULL),
(76, 8, '2014-11-13 23:13:49', '1', 'tracer_mob_data/runner_photos/IMG97777P3O3T3m_1415715977654.jpg', '0', '0', NULL),
(77, 8, '2014-11-13 23:13:49', '1', 'tracer_mob_data/runner_photos/IMG97777P3O3T3m_1415715977743.jpg', '0', '0', NULL),
(78, 8, '2014-11-13 23:13:49', '1', 'tracer_mob_data/runner_photos/IMG97777P3O3T3m_1415715977780.jpg', '0', '0', NULL),
(79, 8, '2014-11-13 23:13:49', '1', 'tracer_mob_data/runner_photos/IMG97777P3O3T3m_1415715977784.jpg', '0', '0', NULL),
(80, 8, '2014-11-13 23:13:49', '1', 'tracer_mob_data/runner_photos/IMG97777P3O3T3m_1415715977967.jpg', '0', '0', NULL),
(81, 8, '2014-11-13 23:13:49', '1', 'tracer_mob_data/runner_photos/IMG97777P3O3T3m_1415715977996.jpg', '0', '0', NULL),
(82, 8, '2014-11-13 23:13:49', '1', 'tracer_mob_data/runner_photos/IMG97777P3O3T3m_1415715978007.jpg', '0', '0', NULL),
(83, 8, '2014-11-13 23:13:49', '1', 'tracer_mob_data/runner_photos/IMG97777P3O3T3m_1415715978026.jpg', '0', '0', NULL),
(84, 8, '2014-11-13 23:13:49', '1', 'tracer_mob_data/runner_photos/IMG97777P3O3T3m_1415715978044.jpg', '0', '0', NULL),
(85, 8, '2014-11-13 23:13:49', '1', 'tracer_mob_data/runner_photos/IMG97777P3O3T3m_1415715978042.jpg', '0', '0', NULL),
(86, 8, '2014-11-13 23:13:49', '1', 'tracer_mob_data/runner_photos/IMG97777P3O3T3m_1415715978051.jpg', '0', '0', NULL),
(87, 8, '2014-11-13 23:13:49', '1', 'tracer_mob_data/runner_photos/IMG97777P3O3T3m_1415715978063.jpg', '0', '0', NULL),
(88, 8, '2014-11-13 23:13:49', '1', 'tracer_mob_data/runner_photos/IMG97777P3O3T3m_1415715978065.jpg', '0', '0', NULL),
(89, 8, '2014-11-13 23:13:49', '1', 'tracer_mob_data/runner_photos/IMG97777P3O3T3m_1415715978073.jpg', '0', '0', NULL),
(90, 8, '2014-11-13 23:13:49', '1', 'tracer_mob_data/runner_photos/IMG97777P3O3T3m_1415715978086.jpg', '0', '0', NULL),
(91, 8, '2014-11-13 23:13:49', '1', 'tracer_mob_data/runner_photos/IMG97777P3O3T3m_1415715978099.jpg', '0', '0', NULL),
(92, 8, '2014-11-13 23:13:49', '1', 'tracer_mob_data/runner_photos/IMG97777P3O3T3m_1415715978109.jpg', '0', '0', NULL),
(93, 8, '2014-11-13 23:13:49', '1', 'tracer_mob_data/runner_photos/IMG97777P3O3T3m_1415715978117.jpg', '0', '0', NULL),
(94, 8, '2014-11-13 23:13:49', '1', 'tracer_mob_data/runner_photos/IMG97777P3O3T3m_1415715978123.jpg', '0', '0', NULL),
(95, 8, '2014-11-13 23:13:49', '1', 'tracer_mob_data/runner_photos/IMG97777P3O3T3m_1415715978126.jpg', '0', '0', NULL),
(96, 8, '2014-11-13 23:13:49', '1', 'tracer_mob_data/runner_photos/IMG97777P3O3T3m_1415715978132.jpg', '0', '0', NULL),
(97, 8, '2014-11-13 23:13:49', '1', 'tracer_mob_data/runner_photos/IMG97777P3O3T3m_1415715978137.jpg', '0', '0', NULL),
(98, 8, '2014-11-13 23:13:49', '1', 'tracer_mob_data/runner_photos/IMG97777P3O3T3m_1415715978138.jpg', '0', '0', NULL),
(99, 8, '2014-11-13 23:13:49', '1', 'tracer_mob_data/runner_photos/IMG97777P3O3T3m_1415715978141.jpg', '0', '0', NULL),
(100, 8, '2014-11-13 23:13:49', '1', 'tracer_mob_data/runner_photos/IMG97777P3O3T3m_1415715978155.jpg', '0', '0', NULL),
(101, 8, '2014-11-13 23:13:49', '1', 'tracer_mob_data/runner_photos/IMG97777P3O3T3m_1415715978158.jpg', '0', '0', NULL),
(102, 8, '2014-11-13 23:13:49', '1', 'tracer_mob_data/runner_photos/IMG97777P3O3T3m_1415715978153.jpg', '0', '0', NULL),
(103, 8, '2014-11-13 23:13:49', '1', 'tracer_mob_data/runner_photos/IMG97777P3O3T3m_1415715978176.jpg', '0', '0', NULL),
(104, 8, '2014-11-13 23:13:49', '1', 'tracer_mob_data/runner_photos/IMG97777P3O3T3m_1415715978192.jpg', '0', '0', NULL),
(105, 8, '2014-11-13 23:13:49', '1', 'tracer_mob_data/runner_photos/IMG97777P3O3T3m_1415715978193.jpg', '0', '0', NULL),
(106, 8, '2014-11-13 23:13:49', '1', 'tracer_mob_data/runner_photos/IMG97777P3O3T3m_1415715978209.jpg', '0', '0', NULL),
(107, 8, '2014-11-13 23:13:49', '1', 'tracer_mob_data/runner_photos/IMG97777P3O3T3m_1415715978212.jpg', '0', '0', NULL),
(108, 8, '2014-11-13 23:13:49', '1', 'tracer_mob_data/runner_photos/IMG97777P3O3T3m_1415715978218.jpg', '0', '0', NULL),
(109, 8, '2014-11-13 23:13:49', '1', 'tracer_mob_data/runner_photos/IMG97777P3O3T3m_1415715978233.jpg', '0', '0', NULL),
(110, 8, '2014-11-13 23:13:49', '1', 'tracer_mob_data/runner_photos/IMG97777P3O3T3m_1415715978234.jpg', '0', '0', NULL),
(111, 8, '2014-11-13 23:13:49', '1', 'tracer_mob_data/runner_photos/IMG97777P3O3T3m_1415715978244.jpg', '0', '0', NULL),
(112, 8, '2014-11-13 23:13:49', '1', 'tracer_mob_data/runner_photos/IMG97777P3O3T3m_1415715978253.jpg', '0', '0', NULL),
(113, 8, '2014-11-13 23:13:49', '1', 'tracer_mob_data/runner_photos/IMG97777P3O3T3m_1415715978266.jpg', '0', '0', NULL),
(114, 8, '2014-11-13 23:13:49', '1', 'tracer_mob_data/runner_photos/IMG97777P3O3T3m_1415715978290.jpg', '0', '0', NULL),
(115, 8, '2014-11-13 23:13:49', '1', 'tracer_mob_data/runner_photos/IMG97777P3O3T3m_1415715978293.jpg', '0', '0', NULL),
(116, 8, '2014-11-13 23:13:49', '1', 'tracer_mob_data/runner_photos/IMG97777P3O3T3m_1415715978520.jpg', '0', '0', NULL),
(117, 8, '2014-11-13 23:13:49', '1', 'tracer_mob_data/runner_photos/IMG97777P3O3T3m_1415715978539.jpg', '0', '0', NULL),
(118, 8, '2014-11-13 23:13:49', '1', 'tracer_mob_data/runner_photos/IMG97777P3O3T3m_1415715978598.jpg', '0', '0', NULL),
(119, 8, '2014-11-13 23:13:49', '1', 'tracer_mob_data/runner_photos/IMG97777P3O3T3m_1415715978611.jpg', '0', '0', NULL),
(120, 8, '2014-11-13 23:13:49', '1', 'tracer_mob_data/runner_photos/IMG97777P3O3T3m_1415715978617.jpg', '0', '0', NULL),
(121, 8, '2014-11-13 23:13:49', '1', 'tracer_mob_data/runner_photos/IMG97777P3O3T3m_1415715978628.jpg', '0', '0', NULL),
(122, 8, '2014-11-13 23:13:49', '1', 'tracer_mob_data/runner_photos/IMG97777P3O3T3m_1415715978636.jpg', '0', '0', NULL),
(123, 8, '2014-11-13 23:13:49', '1', 'tracer_mob_data/runner_photos/IMG97777P3O3T3m_1415715978633.jpg', '0', '0', NULL),
(124, 8, '2014-11-13 23:13:49', '1', 'tracer_mob_data/runner_photos/IMG97777P3O3T3m_1415715978666.jpg', '0', '0', NULL),
(125, 8, '2014-11-13 23:13:49', '1', 'tracer_mob_data/runner_photos/IMG97777P3O3T3m_1415715978684.jpg', '0', '0', NULL),
(126, 31, '2014-11-13 23:13:49', '1', 'tracer_mob_data/runner_photos/IMG47777pebvHo0_1415719475465.jpg', '0', '0', NULL),
(127, 8, '2014-11-13 23:13:49', '1', 'tracer_mob_data/runner_photos/IMG97777Ql9Jst1_1415784421628.jpg', '0', '0', NULL),
(128, 7, '2014-11-13 23:13:49', '1', 'tracer_mob_data/runner_photos/IMG77777TkG56wh_1415785800486.jpg', '0', '0', NULL),
(129, 6, '2014-11-13 23:13:49', '1', 'tracer_mob_data/runner_photos/IMGdZa0dHe4hEk1_1415786370297.jpg', '0', '0', NULL),
(130, 37, '2014-11-13 23:13:49', '1', 'tracer_mob_data/runner_photos/IMG86666M77fSGI_1415796907033.jpg', '0', '0', NULL),
(131, 58, '2014-11-13 23:13:49', '1', 'tracer_mob_data/runner_photos/IMG79999t4uUG8Q_1415797663502.jpg', '0', '0', NULL),
(132, 21, '2014-11-13 23:13:49', '1', 'tracer_mob_data/runner_photos/IMG60999KGR5B7E_1415799140730.jpg', '0', '0', NULL),
(133, 37, '2014-11-13 23:13:49', '1', 'tracer_mob_data/runner_photos/IMG86666M77fSGI_1415799534800.jpg', '0', '0', NULL),
(134, 13, '2014-11-13 23:13:49', '1', 'tracer_mob_data/runner_photos/IMG50777h7BJNJc_1415800136128.jpg', '0', '0', NULL),
(135, 15, '2014-11-13 23:13:49', '1', 'tracer_mob_data/runner_photos/IMG077773B9IXNs_1415802173125.jpg', '0', '0', NULL),
(136, 68, '2014-11-13 23:13:49', '1', 'tracer_mob_data/runner_photos/IMG75827DFDHhHV_1415804056186.jpg', '0', '0', NULL),
(137, 31, '2014-11-13 23:13:49', '1', 'tracer_mob_data/runner_photos/IMG477774mdKGfM_1415812396096.jpg', '0', '0', NULL),
(138, 74, '2014-11-13 23:13:49', '1', 'tracer_mob_data/runner_photos/IMG00999kYgxQ1d_1415815070750.jpg', '0', '0', NULL),
(139, 58, '2014-11-13 23:13:49', '1', 'tracer_mob_data/runner_photos/IMG799990xH2ruD_1415870292029.jpg', '0', '0', NULL),
(140, 15, '2014-11-13 23:13:49', '1', 'tracer_mob_data/runner_photos/IMG07777gdWq8jU_1415870658557.jpg', '0', '0', NULL),
(141, 7, '2014-11-13 23:13:49', '1', 'tracer_mob_data/runner_photos/IMG77777LRASYVC_1415884105341.jpg', '0', '0', NULL),
(142, 8, '2014-11-13 23:13:49', '1', 'tracer_mob_data/runner_photos/IMG97777jE9h509_1415886775733.jpg', '0', '0', NULL),
(143, 27, '2014-11-13 23:13:49', '1', 'tracer_mob_data/runner_photos/IMG76666UYQwPRT_1415887426142.jpg', '0', '0', NULL),
(144, 31, '2014-11-13 23:13:49', '1', 'tracer_mob_data/runner_photos/IMG47777KUOjWT4_1415888812555.jpg', '0', '0', NULL),
(145, 74, '2014-11-13 23:13:49', '1', 'tracer_mob_data/runner_photos/IMG00999aEA8EtH_1415897711941.jpg', '0', '0', NULL),
(146, 74, '2014-11-13 23:13:49', '1', 'tracer_mob_data/runner_photos/IMG00999aEA8EtH_1415898451728.jpg', '0', '0', NULL),
(147, 89, '2014-11-13 23:50:28', '1', 'tracer_mob_data/runner_photos/IMG166664TaNsvO_1415960428191.jpg', '0', '0', 'Office'),
(148, 90, '2014-11-14 02:28:15', '1', 'tracer_mob_data/runner_photos/IMG055554IV1gv2_1415969895330.jpg', '17.4469514', '78.3853993', 'Office'),
(149, 91, '2014-11-14 02:36:17', '1', 'tracer_mob_data/runner_photos/IMG15555NGVxmfQ_1415970377267.jpg', '17.447133', '78.3854777', 'Office'),
(150, 92, '2014-11-14 02:47:12', '1', 'tracer_mob_data/runner_photos/IMG255551FLG1W7_1415971032384.jpg', '17.4470606', '78.3854859', 'Office'),
(151, 93, '2014-11-14 02:57:23', '1', 'tracer_mob_data/runner_photos/IMG35555q2CLvIs_1415971643711.jpg', '17.4471227', '78.3854841', 'Office'),
(152, 94, '2014-11-14 04:38:05', '1', 'tracer_mob_data/runner_photos/IMG455551i58SJt_1415977685581.jpg', '17.447085', '78.3854459', 'Image Gardens Rd'),
(153, 7, '2014-11-16 22:56:50', '1', 'tracer_mob_data/runner_photos/IMG77777IdZWLZM_1416216410218.jpg', '17.4471492', '78.3854507', 'Unable to Track position'),
(154, 58, '2014-11-16 22:59:41', '1', 'tracer_mob_data/runner_photos/IMG79999eBZiVyf_1416216581067.jpg', '0', '0', 'Unable to Track position'),
(155, 96, '2014-11-17 03:42:49', '1', 'tracer_mob_data/runner_photos/IMG223697w8PZHk_1416233569305.jpg', '17.4462632', '78.3867709', 'Image Gardens Rd'),
(156, 95, '2014-11-17 04:12:59', '1', 'tracer_mob_data/runner_photos/IMG02369BrKrZ2d_1416235379798.jpg', '17.4470934', '78.3854023', 'Image Gardens Rd'),
(157, 95, '2014-11-17 22:44:59', '1', 'tracer_mob_data/runner_photos/IMG02369rIfADyB_1416302099600.jpg', '17.4470484', '78.3854481', 'Image Gardens Rd'),
(158, 96, '2014-11-17 23:00:18', '1', 'tracer_mob_data/runner_photos/IMG22369YqRMR4j_1416303018591.jpg', '0', '0', 'Unable to Track position'),
(159, 104, '2014-11-18 02:38:22', '1', 'tracer_mob_data/runner_photos/IMG09999GLV6lWd_1416316102159.jpg', '17.4470904', '78.3854365', 'Image Gardens Rd'),
(160, 105, '2014-11-18 03:29:54', '1', 'tracer_mob_data/runner_photos/IMG547898EPE0up_1416319194300.jpg', '0', '0', 'Unable to Track position'),
(161, 7, '2014-11-18 04:30:57', '1', 'tracer_mob_data/runner_photos/IMG77777kEoPypd_1416322857702.jpg', '17.4470275', '78.3854284', 'Image Gardens Rd'),
(162, 7, '2014-11-18 22:40:12', '1', 'tracer_mob_data/runner_photos/IMG777773VAyr2i_1416388212933.jpg', '17.4471586', '78.3854566', 'Unable to Track position'),
(163, 104, '2014-11-18 23:40:56', '1', 'tracer_mob_data/runner_photos/IMG09999l72Mo7S_1416391856403.jpg', '17.4468991', '78.3853574', '20&21'),
(164, 105, '2014-11-19 01:48:13', '1', 'tracer_mob_data/runner_photos/IMG54789d1RvrtF_1416399493969.jpg', '17.4446024', '78.3869189', 'Unable to Track position'),
(165, 105, '2014-11-19 01:48:56', '1', 'tracer_mob_data/runner_photos/IMG54789d1RvrtF_1416399536757.jpg', '17.4446024', '78.3869189', 'Unable to Track position'),
(166, 105, '2014-11-19 01:49:29', '1', 'tracer_mob_data/runner_photos/IMG54789d1RvrtF_1416399569475.jpg', '17.4446024', '78.3869189', 'Unable to Track position'),
(167, 105, '2014-11-19 01:50:04', '1', 'tracer_mob_data/runner_photos/IMG54789d1RvrtF_1416399604921.jpg', '17.4446024', '78.3869189', 'Unable to Track position'),
(168, 105, '2014-11-19 01:50:27', '1', 'tracer_mob_data/runner_photos/IMG54789d1RvrtF_1416399627970.jpg', '17.4446024', '78.3869189', '1-90/2/6'),
(169, 105, '2014-11-19 01:51:03', '1', 'tracer_mob_data/runner_photos/IMG54789d1RvrtF_1416399663912.jpg', '17.4446024', '78.3869189', '1-90/2/6'),
(170, 105, '2014-11-19 01:51:28', '1', 'tracer_mob_data/runner_photos/IMG54789d1RvrtF_1416399688058.jpg', '17.4446024', '78.3869189', '1-90/2/6'),
(171, 105, '2014-11-19 01:54:48', '1', 'tracer_mob_data/runner_photos/IMG54789d1RvrtF_1416399888362.jpg', '17.4446024', '78.3869189', '1-90/2/6'),
(172, 105, '2014-11-19 02:05:13', '1', 'tracer_mob_data/runner_photos/IMG54789d1RvrtF_1416400513048.jpg', '17.4459546', '78.3859234', 'Image Gardens Rd'),
(173, 58, '2014-11-19 02:18:50', '1', 'tracer_mob_data/runner_photos/IMG79999ZBRO8Hu_1416401330247.jpg', '17.4473069', '78.384928', '20&21'),
(174, 31, '2014-11-19 04:23:08', '1', 'tracer_mob_data/runner_photos/IMG477776mYnapg_1416408788193.jpg', '0', '0', 'Unable to Track position'),
(175, 8, '2014-11-19 06:43:28', '1', 'tracer_mob_data/runner_photos/IMG977771okWx9O_1416417208933.jpg', '17.4446024', '78.3869189', '1-90/2/6'),
(176, 7, '2014-11-19 21:49:33', '1', 'tracer_mob_data/runner_photos/IMG77777I3UjCXm_1416471573670.jpg', '17.4473069', '78.384928', 'Unable to Track position'),
(177, 31, '2014-11-20 00:27:23', '1', 'tracer_mob_data/runner_photos/IMG477778GgYcUl_1416481043282.jpg', '17.4473069', '78.384928', 'Unable to Track position'),
(178, 104, '2014-11-20 01:03:29', '1', 'tracer_mob_data/runner_photos/IMG099993YwdfZC_1416483209533.jpg', '17.4469349', '78.3853557', '20&21'),
(179, 105, '2014-11-20 01:10:05', '1', 'tracer_mob_data/runner_photos/IMG54789StanBKl_1416483605018.jpg', '17.4470989', '78.3871044', 'Unable to Track position'),
(180, 105, '2014-11-20 01:11:36', '1', 'tracer_mob_data/runner_photos/IMG54789StanBKl_1416483696070.jpg', '17.4470989', '78.3871044', 'Unable to Track position'),
(181, 58, '2014-11-20 02:32:42', '1', 'tracer_mob_data/runner_photos/IMG79999N5WAV0v_1416488562751.jpg', '17.4454103', '78.386601', '1-90/2/6'),
(182, 8, '2014-11-20 04:23:35', '1', 'tracer_mob_data/runner_photos/IMG97777lCylIUy_1416495215502.jpg', '17.4473069', '78.384928', 'Unable to Track position'),
(183, 58, '2014-11-20 22:07:32', '1', 'tracer_mob_data/runner_photos/IMG79999lAHjxVj_1416559052859.jpg', '17.4471948', '78.3855023', 'Image Gardens Rd'),
(184, 7, '2014-11-20 22:50:07', '1', 'tracer_mob_data/runner_photos/IMG7777739Hxvfy_1416561607128.jpg', '17.447022', '78.3854319', 'Image Gardens Rd'),
(185, 105, '2014-11-20 22:58:05', '1', 'tracer_mob_data/runner_photos/IMG54789hNXXwDu_1416562085535.jpg', '17.444627', '78.3868581', 'Unable to Track position'),
(186, 104, '2014-11-20 23:50:56', '1', 'tracer_mob_data/runner_photos/IMG09999RIgXA7i_1416565256472.jpg', '17.4468697', '78.3853199', '20&21'),
(187, 15, '2014-11-21 00:39:12', '1', 'tracer_mob_data/runner_photos/IMG07777ckNhbOP_1416568152267.jpg', '17.4469056', '78.3853505', '20&21'),
(188, 95, '2014-11-21 02:45:52', '1', 'tracer_mob_data/runner_photos/IMG02369caZvVse_1416575752501.jpg', '17.444627', '78.3868581', 'Unable to Track position'),
(189, 95, '2014-11-21 02:46:15', '1', 'tracer_mob_data/runner_photos/IMG02369caZvVse_1416575775399.jpg', '17.4471948', '78.3855023', 'Image Gardens Rd'),
(190, 95, '2014-11-21 02:46:19', '1', 'tracer_mob_data/runner_photos/IMG02369caZvVse_1416575779185.jpg', '17.4471959', '78.3855012', 'Unable to Track position'),
(191, 7, '2014-11-23 23:02:37', '1', 'tracer_mob_data/runner_photos/IMG77777rbM4WVS_1416821557144.jpg', '17.4471283', '78.3854439', 'Image Gardens Rd'),
(192, 31, '2014-11-23 23:52:44', '1', 'tracer_mob_data/runner_photos/IMG47777MeY71LQ_1416824564080.jpg', '17.4471308', '78.3854427', 'Image Gardens Rd'),
(193, 91, '2014-11-23 23:57:17', '1', 'tracer_mob_data/runner_photos/IMG15555LtyiB7B_1416824837238.jpg', '17.4471113', '78.3854566', 'Image Gardens Rd'),
(194, 92, '2014-11-24 00:11:17', '1', 'tracer_mob_data/runner_photos/IMG25555YTcqRPn_1416825677240.jpg', '17.4470719', '78.385466', 'Image Gardens Rd'),
(195, 96, '2014-11-24 03:25:37', '1', 'tracer_mob_data/runner_photos/IMG22369paHhgNi_1416837337488.jpg', '17.4470984', '78.3854428', 'Image Gardens Rd'),
(196, 7, '2014-11-24 21:55:15', '1', 'tracer_mob_data/runner_photos/IMG77777fYoScUY_1416903915998.jpg', '17.4446024', '78.3869189', '1-90/2/6'),
(197, 7, '2014-11-24 21:57:07', '1', 'tracer_mob_data/runner_photos/IMG77777fYoScUY_1416904027660.jpg', '17.4446024', '78.3869189', 'Unable to Track position'),
(198, 31, '2014-11-25 00:01:19', '1', 'tracer_mob_data/runner_photos/IMG47777Jq1tB8b_1416911479211.jpg', '17.4470985', '78.3854459', 'Image Gardens Rd'),
(199, 8, '2014-11-25 02:58:51', '1', 'tracer_mob_data/runner_photos/IMG97777fGUKf3W_1416922131741.jpg', '17.4469451', '78.3853679', 'Image Gardens Rd'),
(200, 104, '2014-11-25 05:22:57', '1', 'tracer_mob_data/runner_photos/IMG09999vEyn8e1_1416930777971.jpg', '17.447038', '78.3854157', 'Image Gardens Rd'),
(201, 104, '2014-11-25 05:23:01', '1', 'tracer_mob_data/runner_photos/IMG09999vEyn8e1_1416930781529.jpg', '17.447038', '78.3854157', 'Image Gardens Rd'),
(202, 105, '2014-11-25 05:31:24', '1', 'tracer_mob_data/runner_photos/IMG54789A5a4OTg_1416931284049.jpg', '17.4459491', '78.3858798', 'Unable to Track position'),
(203, 91, '2014-11-25 05:35:54', '1', 'tracer_mob_data/runner_photos/IMG15555yEHeGNP_1416931554257.jpg', '17.444592', '78.3868299', '1-90/2/6'),
(204, 91, '2014-11-25 05:38:23', '1', 'tracer_mob_data/runner_photos/IMG15555yEHeGNP_1416931703271.jpg', '17.4473062', '78.3849299', 'Unable to Track position'),
(205, 105, '2014-11-25 22:47:37', '1', 'tracer_mob_data/runner_photos/IMG54789e6nVMcQ_1416993457211.jpg', '17.4471503', '78.3854623', 'Unable to Track position'),
(206, 105, '2014-11-25 22:50:11', '1', 'tracer_mob_data/runner_photos/IMG54789e6nVMcQ_1416993611449.jpg', '17.444592', '78.3868299', '1-90/2/6'),
(207, 104, '2014-11-26 00:12:40', '1', 'tracer_mob_data/runner_photos/IMG09999ROSSnCI_1416998560789.jpg', '17.4469789', '78.385375', 'Image Gardens Rd'),
(208, 7, '2014-11-26 00:39:39', '1', 'tracer_mob_data/runner_photos/IMG77777DJYCUm2_1417000179416.jpg', '17.4469501', '78.3853715', 'Image Gardens Rd'),
(209, 31, '2014-11-26 06:09:56', '1', 'tracer_mob_data/runner_photos/IMG47777xfNnMSS_1417019996842.jpg', '17.4471193', '78.3854665', 'Image Gardens Rd'),
(210, 7, '2014-11-26 22:34:14', '1', 'tracer_mob_data/runner_photos/IMG77777TkuuF3X_1417079054223.jpg', '17.4471289', '78.3854562', 'Image Gardens Rd'),
(211, 31, '2014-11-26 23:49:41', '1', 'tracer_mob_data/runner_photos/IMG47777wpNHQUi_1417083581267.jpg', '17.4446078', '78.3868013', 'Unable to Track position'),
(212, 7, '2014-11-28 04:15:56', '1', 'tracer_mob_data/runner_photos/IMG777776OgZFyq_1417185956227.jpg', '17.4471289', '78.3854562', 'Unable to Track position'),
(213, 7, '2014-12-05 01:31:25', '1', 'tracer_mob_data/runner_photos/IMG77777yhrnX7c_1417780885640.jpg', '17.4446439', '78.3867985', '1-90/2/6'),
(214, 31, '2014-12-13 04:17:38', '1', 'tracer_mob_data/runner_photos/IMG47777nIL8Jn2_1418482058834.jpg', '17.447134', '78.385477', 'Image Gardens Rd'),
(215, 7, '2014-12-13 04:21:58', '1', 'tracer_mob_data/runner_photos/IMG77777GpWWWww_1418482318085.jpg', '17.447155', '78.385478', 'Image Gardens Rd'),
(216, 7, '2014-12-13 19:31:51', '1', 'tracer_mob_data/runner_photos/IMG77777YelOOTi_1418536911013.jpg', '17.445887', '78.385325', '20&21'),
(217, 31, '2014-12-13 19:55:30', '1', 'tracer_mob_data/runner_photos/IMG47777VpQCmNV_1418538330369.jpg', '17.445887', '78.385325', '20&21'),
(218, 44, '2014-12-13 20:03:37', '1', 'tracer_mob_data/runner_photos/IMG391153w5onav_1418538817685.jpg', '17.445887', '78.385325', '20&21'),
(219, 96, '2014-12-13 20:05:14', '1', 'tracer_mob_data/runner_photos/IMG22369Pb42wwY_1418538914346.jpg', '17.445887', '78.385325', '20&21'),
(220, 8, '2014-12-13 20:23:25', '1', 'tracer_mob_data/runner_photos/IMG97777OyeF4t0_1418540005198.jpg', '17.445887', '78.385325', '20&21'),
(221, 15, '2014-12-13 21:45:22', '1', 'tracer_mob_data/runner_photos/IMG07777Zh6cESk_1418544922980.jpg', '17.445887', '78.385325', '20&21'),
(222, 13, '2014-12-13 21:58:43', '1', 'tracer_mob_data/runner_photos/IMG50777rx5KbON_1418545723132.jpg', '17.445887', '78.385325', '20&21'),
(223, 38, '2014-12-13 22:10:45', '1', 'tracer_mob_data/runner_photos/IMG17777Oib2RUI_1418546445320.jpg', '17.445887', '78.385325', 'Unable to Track position'),
(224, 91, '2014-12-13 22:19:21', '1', 'tracer_mob_data/runner_photos/IMG15555hlfMM23_1418546961266.jpg', '17.445887', '78.385325', '20&21'),
(225, 60, '2014-12-13 22:20:59', '1', 'tracer_mob_data/runner_photos/IMG99658i52h8yB_1418547059994.jpg', '17.445887', '78.385325', '20&21'),
(226, 74, '2014-12-13 22:22:06', '1', 'tracer_mob_data/runner_photos/IMG00999VVLC8MG_1418547126571.jpg', '17.445887', '78.385325', '20&21'),
(227, 92, '2014-12-14 01:51:16', '1', 'tracer_mob_data/runner_photos/IMG25555VYCBkpf_1418559676282.jpg', '17.4464', '78.385965', 'Image Gardens Rd'),
(228, 37, '2014-12-14 02:03:26', '1', 'tracer_mob_data/runner_photos/IMG86666Z6aYUpA_1418560406181.jpg', '17.445887', '78.385325', '20&21'),
(229, 90, '2014-12-14 03:16:41', '1', 'tracer_mob_data/runner_photos/IMG05555kOw3US2_1418564801191.jpg', '17.446914', '78.386605', 'Image Gardens Rd'),
(230, 7, '2014-12-15 17:45:13', '1', 'tracer_mob_data/runner_photos/IMG77777MWucNSM_1418703313076.jpg', '17.447085', '78.385461', 'Image Gardens Rd'),
(231, 7, '2014-12-15 22:47:40', '1', 'tracer_mob_data/runner_photos/IMG77777OyotKOV_1418721460188.jpg', '17.44715', '78.385492', 'Unable to Track position'),
(232, 31, '2014-12-16 17:59:12', '1', 'tracer_mob_data/runner_photos/IMG47777Zv4Ya8q_1418790552394.jpg', '17.44715', '78.385492', 'Unable to Track position'),
(233, 7, '2014-12-16 23:46:16', '1', 'tracer_mob_data/runner_photos/IMG77777tuM4vcp_1418811376834.jpg', '17.44715', '78.385492', 'Unable to Track position'),
(234, 7, '2014-12-21 19:03:00', '1', 'tracer_mob_data/runner_photos/IMG77777vUPMWN7_1419226380094.jpg', '17.447116', '78.38548', 'Image Gardens Rd'),
(235, 31, '2014-12-21 20:31:44', '1', 'tracer_mob_data/runner_photos/IMG47777TnjL80J_1419231704141.jpg', '17.447089', '78.385511', 'Image Gardens Rd'),
(240, 91, '2014-12-22 00:12:15', '1', 'tracer_mob_data/runner_photos/IMG155555VO6Ytx_1419244935402.jpg', '17.447069', '78.385497', 'Unable to Track position'),
(241, 105, '2014-12-22 03:54:45', '1', 'tracer_mob_data/runner_photos/IMG54789uf6yGZv_1419258285004.jpg', '17.445358', '78.384933', '11/1'),
(242, 104, '2014-12-22 03:55:40', '1', 'tracer_mob_data/runner_photos/IMG09999sTYnHdM_1419258340004.jpg', '17.448429', '78.386223', 'Unable to Track position'),
(243, 31, '2014-12-23 18:57:30', '1', 'tracer_mob_data/runner_photos/IMG47777uGCiLiK_1419398850940.jpg', '17.447111', '78.385493', 'Image Gardens Rd'),
(244, 15, '2014-12-25 19:16:06', '1', 'tracer_mob_data/runner_photos/IMG07777U3I1Zj1_1419572766824.jpg', '17.44701', '78.385534', 'Image Gardens Rd'),
(245, 7, '2014-12-28 19:57:50', '1', 'tracer_mob_data/runner_photos/IMG77777OikUDB3_1419834470023.jpg', '17.447095', '78.385569', 'Image Gardens Rd'),
(246, 7, '2015-01-04 20:59:51', '1', 'tracer_mob_data/runner_photos/IMG77777BAnj2Op_1420442991152.jpg', '17.447136', '78.385508', 'Image Gardens Rd'),
(247, 7, '2015-01-05 20:37:12', '1', 'tracer_mob_data/runner_photos/IMG777776idGFEu_1420528032350.jpg', '17.447141', '78.385544', 'Image Gardens Rd'),
(248, 7, '2015-01-06 18:48:47', '1', 'tracer_mob_data/runner_photos/IMG77777iXTLcZq_1420607927269.jpg', '17.447103', '78.385483', 'Unable to Track position'),
(249, 127, '2015-01-07 19:38:14', '1', 'tracer_mob_data/runner_photos/IMG46553YbffjnD_1420697294923.jpg', '17.447103', '78.385483', 'Unable to Track position'),
(250, 7, '2015-01-07 23:48:05', '1', 'tracer_mob_data/runner_photos/IMG77777ZEHDTnN_1420712285061.jpg', '17.447103', '78.385483', 'Unable to Track position'),
(251, 31, '2015-01-08 18:48:11', '1', 'tracer_mob_data/runner_photos/IMG47777uMuWZmD_1420780691040.jpg', '17.447103', '78.385483', 'Unable to Track position'),
(252, 8, '2015-01-08 19:03:23', '1', 'tracer_mob_data/runner_photos/IMG97777qb8b3XR_1420781603079.jpg', '17.447103', '78.385483', 'Unable to Track position'),
(253, 7, '2015-01-11 20:25:08', '1', 'tracer_mob_data/runner_photos/IMG77777Y69U5av_1421045708976.jpg', '17.447145', '78.385461', 'Image Gardens Rd'),
(254, 15, '2015-01-12 17:22:46', '1', 'tracer_mob_data/runner_photos/IMG07777iQoK5Ze_1421121166601.jpg', '17.447058', '78.385427', 'Unable to Track position'),
(255, 15, '2015-01-12 18:41:40', '1', 'tracer_mob_data/runner_photos/IMG07777OxIghFB_1421125900605.jpg', '17.447058', '78.385427', 'Unable to Track position'),
(256, 31, '2015-01-12 19:21:57', '1', 'tracer_mob_data/runner_photos/IMG47777CuZ2dmQ_1421128317014.jpg', '17.447058', '78.385427', 'Unable to Track position'),
(257, 8, '2015-01-12 19:30:31', '1', 'tracer_mob_data/runner_photos/IMG977777uEVuK7_1421128831462.jpg', '17.447058', '78.385427', 'Unable to Track position'),
(258, 21, '2015-01-12 22:29:42', '1', 'tracer_mob_data/runner_photos/IMG60999Et9r8fI_1421139582473.jpg', '17.447058', '78.385427', 'Unable to Track position'),
(259, 122, '2015-01-12 22:34:19', '1', 'tracer_mob_data/runner_photos/IMG77777WME7f5T_1421139859281.jpg', '17.447058', '78.385427', 'Unable to Track position'),
(260, 89, '2015-01-12 22:43:58', '1', 'tracer_mob_data/runner_photos/IMG16666vqvQj8H_1421140438953.jpg', '17.447058', '78.385427', 'Unable to Track position'),
(261, 58, '2015-01-12 22:45:50', '1', 'tracer_mob_data/runner_photos/IMG79999y1trLbl_1421140550393.jpg', '17.447058', '78.385427', 'Unable to Track position'),
(262, 7, '2015-01-13 01:54:16', '1', 'tracer_mob_data/runner_photos/IMG77777M8lAkSn_1421151856438.jpg', '17.447058', '78.385427', 'Unable to Track position'),
(263, 31, '2015-01-13 19:17:57', '1', 'tracer_mob_data/runner_photos/IMG47777Qehxwgt_1421214477658.jpg', '17.447058', '78.385427', 'Unable to Track position'),
(264, 15, '2015-01-13 19:22:33', '1', 'tracer_mob_data/runner_photos/IMG07777YopLRPQ_1421214753756.jpg', '17.447058', '78.385427', 'Unable to Track position'),
(265, 8, '2015-01-14 02:46:47', '1', 'tracer_mob_data/runner_photos/IMG97777feOdAMt_1421241407545.jpg', '17.447453', '78.385221', 'Unable to Track position'),
(266, 98, '2015-01-19 03:33:31', '1', 'tracer_mob_data/runner_photos/IMG65555Y4PlL1Z_1421676211748.jpg', '17.446931', '78.385368', 'Unable to Track position'),
(267, 98, '2015-01-20 02:32:44', '1', 'tracer_mob_data/runner_photos/IMG65555reH1Akx_1421758964807.jpg', '17.446995', '78.385518', 'Unable to Track position'),
(268, 7, '2015-02-09 20:28:04', '1', 'tracer_mob_data/runner_photos/IMG77777MjC5Al9_1423551484437.jpg', '17.447128', '78.385554', '1-98/8/9/A, Image Gardens Rd'),
(269, 8, '2015-02-09 22:46:04', '1', 'tracer_mob_data/runner_photos/IMG97777eOitI4k_1423559764492.jpg', '17.445771', '78.387248', 'Unable to Track position'),
(270, 7, '2015-02-10 19:57:38', '1', 'tracer_mob_data/runner_photos/IMG77777OJWQStm_1423636058849.jpg', '37.422005', '17.084095', 'Unable to Track position'),
(271, 104, '2015-02-10 20:24:10', '1', 'tracer_mob_data/runner_photos/IMG09999D1t9DcU_1423637650519.jpg', '17.447196', '78.385458', '1-98/8/9/A, Image Gardens Rd'),
(272, 74, '2015-02-10 22:45:14', '1', 'tracer_mob_data/runner_photos/IMG00999R4wtwq2_1423646114319.jpg', '17.447059', '78.385471', '1-98/8/9/A, Image Gardens Rd'),
(273, 8, '2015-02-10 23:14:10', '1', 'tracer_mob_data/runner_photos/IMG97777pISUky4_1423647850401.jpg', '17.447123', '78.385498', '1-98/8/9/A, Image Gardens Rd'),
(274, 8, '2015-02-11 21:08:39', '1', 'tracer_mob_data/runner_photos/IMG97777Es9Wr4Z_1423726719749.jpg', '17.44727', '78.387231', '1-98/21/9/20/A'),
(275, 7, '2015-02-12 03:10:14', '1', 'tracer_mob_data/runner_photos/IMG77777GCv97IS_1423748414112.jpg', '17.446087', '78.385119', '20&21'),
(276, 31, '2015-02-12 03:38:06', '1', 'tracer_mob_data/runner_photos/IMG47777EbLPGp9_1423750086893.jpg', '17.446087', '78.385119', '20&21'),
(277, 15, '2015-02-12 03:45:56', '1', 'tracer_mob_data/runner_photos/IMG077776SYiTjJ_1423750556812.jpg', '17.446087', '78.385119', '20&21'),
(278, 38, '2015-02-12 03:52:58', '1', 'tracer_mob_data/runner_photos/IMG17777S0Tfh0x_1423750978363.jpg', '17.446087', '78.385119', '20&21'),
(279, 8, '2015-02-12 18:31:39', '1', 'tracer_mob_data/runner_photos/IMG977772l8ZUmo_1423803699736.jpg', '17.447145', '78.385499', 'Unable to Track position'),
(280, 7, '2015-02-12 19:27:27', '1', 'tracer_mob_data/runner_photos/IMG777772aKL7As_1423807047535.jpg', '17.447145', '78.385499', 'Unable to Track position'),
(281, 8, '2015-02-17 22:47:07', '1', 'tracer_mob_data/runner_photos/IMG9777780fCUok_1424251027390.jpg', '17.447162', '78.385541', '1-98/8/9/A, Image Gardens Rd'),
(282, 7, '2015-02-18 00:10:19', '1', 'tracer_mob_data/runner_photos/IMG77777l0KCh9N_1424256019696.jpg', '17.447144', '78.385557', '1-98/8/9/A, Image Gardens Rd');

-- --------------------------------------------------------

--
-- Table structure for table `beat_plan_details`
--

CREATE TABLE IF NOT EXISTS `beat_plan_details` (
`beat_plan_id` bigint(20) NOT NULL,
  `beat_plan_name` varchar(50) DEFAULT NULL,
  `beat_plan_type` char(1) NOT NULL COMMENT '1-Regular,2-MT ',
  `beat_plan_code` varchar(15) NOT NULL DEFAULT '',
  `status` char(1) NOT NULL COMMENT '0-Inactive,1-Active',
  `user_id` bigint(20) NOT NULL,
  `date_time` timestamp NOT NULL DEFAULT CURRENT_TIMESTAMP ON UPDATE CURRENT_TIMESTAMP
) ENGINE=InnoDB  DEFAULT CHARSET=utf8 AUTO_INCREMENT=43 ;

--
-- Dumping data for table `beat_plan_details`
--

INSERT INTO `beat_plan_details` (`beat_plan_id`, `beat_plan_name`, `beat_plan_type`, `beat_plan_code`, `status`, `user_id`, `date_time`) VALUES
(1, 'Twice a Day', '1', 'BPLSiO8@D@gT*!2', '1', 1, '2014-10-07 05:50:36'),
(2, 'Once a day', '1', 'BPLd30%%W3#0$%1', '0', 1, '2014-10-07 07:20:35'),
(3, 'BPThree', '1', 'BPLXpC*W$!!mMjn', '1', 1, '2014-10-07 07:46:47'),
(4, 'Thrice a Day', '1', 'BPLa@!Dw1@16bk4', '1', 1, '2014-10-08 00:22:14'),
(5, 'IdeaBP', '1', 'BPLGku&kA0$n%v8', '0', 1, '2014-10-08 03:51:01'),
(6, 'Test DBP', '1', 'BPL#%tgO7MYo5iI', '1', 1, '2014-10-10 07:42:08'),
(7, 'Test beat', '1', 'BPL!&38A&#f&q$7', '1', 1, '2014-10-12 21:29:43'),
(8, 'Test beat', '1', 'BPL$N&8q*@tm1@#', '1', 1, '2014-10-12 21:44:24'),
(9, 'Once a Day Lakidikapool', '1', 'BPL&7vnr%L$dSct', '1', 1, '2014-10-14 03:55:40'),
(10, 'Once a day', '1', 'BPL@w414#h!aS3c', '1', 1, '2014-10-17 04:11:22'),
(11, 'IdeaBP', '1', 'BPL7c#7WJ67%@jm', '0', 1, '2014-10-17 06:31:50'),
(12, 'Test beat ii', '1', 'BPLuK6sp*V#@1%!', '1', 1, '2014-10-22 15:46:27'),
(13, 'IdeaBP', '1', 'BPL$208kq*1ay@O', '1', 1, '2014-11-03 06:09:32'),
(14, 'SCI Twice a Day', '1', 'BPLHh01iL$2%pH@', '1', 1, '2014-11-04 03:22:59'),
(15, 'aparna beat plan', '1', 'BPLf$VT$omfp@lO', '1', 1, '2014-11-06 13:51:43'),
(16, 'Aone', '1', 'BPL5Ob&IdH3nHeD', '1', 1, '2014-11-06 13:53:56'),
(17, 'Atwo', '1', 'BPL4**Gup*3sjg!', '1', 1, '2014-11-06 13:54:36'),
(18, 'Afour', '1', 'BPLlPOoT0HjbTEJ', '1', 1, '2014-11-06 14:24:30'),
(19, 'Afive', '1', 'BPL#x4x%!Y@m0*C', '1', 1, '2014-11-06 14:26:02'),
(20, '', '1', 'BPL2%#S3#n2Htxi', '0', 1, '2014-11-06 14:48:25'),
(21, 'Twice a Day', '1', 'BPLPm4RNhph1g0y', '1', 1, '2014-11-11 07:20:16'),
(22, 'scibp', '1', 'BPLr0i%Ebta6v@8', '1', 1, '2014-11-12 06:06:18'),
(23, 'vaibhavi', '1', 'BPL2J@4W88D60M8', '1', 1, '2014-11-12 14:48:11'),
(24, 'mrinal', '1', 'BPL5Q20w5x@!1qt', '0', 1, '2014-11-12 14:50:05'),
(25, 'QTBeatPlan', '1', 'BPLnjgh&O@nJe0Q', '1', 1, '2014-11-12 18:34:02'),
(26, 'Testtttttt', '1', 'BPLJ&M*0%1C%#eI', '1', 1, '2014-11-13 04:14:08'),
(27, 'TestttttttOneeee', '1', 'BPL%M1pXosX2X@x', '1', 1, '2014-11-13 04:16:31'),
(28, 'Beat plan one', '1', 'BPL%!7816O0i61y', '1', 1, '2014-11-16 22:56:30'),
(29, 'Beat plan two', '1', 'BPLj28$$1CU0g33', '1', 1, '2014-11-16 22:57:32'),
(30, 'Beat plan three', '1', 'BPLY!HtA8T%Rahn', '1', 1, '2014-11-16 23:03:00'),
(31, 'Beat plan four', '1', 'BPLP6&&!S%I3DW2', '1', 1, '2014-11-16 23:03:27'),
(32, 'IDEA', '1', 'BPLM*S%#$3I3Y7t', '1', 1, '2014-11-16 23:14:16'),
(33, 'AIRCEL', '1', 'BPLNAmxhE$Od2!E', '1', 1, '2014-11-16 23:14:47'),
(34, 'Ahmed Twice a Day', '1', 'BPL@1*Xb*ACRBHF', '1', 1, '2014-11-17 23:21:30'),
(35, 'Vivek Thrice a Day', '1', 'BPL*s$14a&1PCep', '1', 1, '2014-11-18 02:21:16'),
(36, 'Kartik Thrice a day', '1', 'BPLNiIN!@U7q81!', '1', 1, '2014-11-18 02:23:23'),
(37, '', '1', 'BPL#%3&B%lFfHE3', '0', 1, '2014-12-23 01:37:10'),
(38, 'testdec DistBP', '1', 'BPL*24sK2WqB8k8', '1', 1, '2014-12-23 01:52:11'),
(39, 'Kbp', '1', 'BPL$J#%yF68@8t#', '0', 1, '2014-12-23 02:47:22'),
(40, 'KBP', '1', 'BPLV1kgEioE&4er', '0', 1, '2014-12-23 22:58:49'),
(41, 'KBP', '1', 'BPLrY$GG5@q2%4B', '1', 1, '2014-12-29 23:08:33'),
(42, 'Demo Twice a Day', '1', 'BPL5!VHh4875%m*', '1', 1, '2015-03-26 13:44:29');

-- --------------------------------------------------------

--
-- Table structure for table `beat_plan_distributor_assignments`
--

CREATE TABLE IF NOT EXISTS `beat_plan_distributor_assignments` (
`bp_dist_assignments_id` bigint(20) NOT NULL,
  `beat_plan_id` bigint(20) NOT NULL,
  `distributor_id` bigint(20) NOT NULL,
  `status` char(1) NOT NULL,
  `visit_frequency` char(1) NOT NULL COMMENT '1-Once, 2-Twice,3-Thrice,...till 9.',
  `date_time` timestamp NOT NULL DEFAULT CURRENT_TIMESTAMP ON UPDATE CURRENT_TIMESTAMP
) ENGINE=InnoDB  DEFAULT CHARSET=utf8 AUTO_INCREMENT=92 ;

--
-- Dumping data for table `beat_plan_distributor_assignments`
--

INSERT INTO `beat_plan_distributor_assignments` (`bp_dist_assignments_id`, `beat_plan_id`, `distributor_id`, `status`, `visit_frequency`, `date_time`) VALUES
(1, 1, 1, '1', '6', '2015-01-06 00:44:16'),
(2, 1, 2, '1', '4', '2015-01-06 00:44:16'),
(3, 1, 3, '1', '5', '2015-01-06 00:44:16'),
(4, 1, 4, '1', '4', '2015-01-06 00:44:16'),
(5, 2, 5, '0', '1', '2014-10-07 07:20:35'),
(6, 3, 5, '1', '7', '2014-11-03 13:11:47'),
(7, 4, 6, '1', '3', '2014-10-22 16:44:49'),
(8, 4, 7, '1', '3', '2014-10-22 16:44:49'),
(9, 4, 8, '1', '2', '2014-10-22 16:44:49'),
(10, 4, 9, '1', '3', '2014-10-22 16:44:49'),
(11, 5, 10, '0', '7', '2014-10-10 02:09:32'),
(12, 6, 11, '1', '9', '2014-10-17 07:27:19'),
(13, 7, 12, '1', '2', '2014-10-12 21:29:43'),
(14, 8, 13, '1', '2', '2014-10-12 21:44:24'),
(15, 9, 14, '1', '3', '2014-10-14 03:55:40'),
(16, 10, 15, '1', '2', '2014-10-17 04:11:22'),
(17, 11, 10, '0', '2', '2014-10-17 06:31:50'),
(18, 3, 16, '0', '2', '2014-11-03 13:11:47'),
(19, 12, 17, '1', '1', '2014-10-22 16:47:04'),
(20, 13, 10, '1', '5', '2014-11-03 06:09:32'),
(21, 14, 19, '1', '3', '2014-11-04 03:22:59'),
(22, 15, 21, '1', '9', '2014-11-12 18:34:46'),
(23, 16, 33, '1', '7', '2014-11-12 15:43:52'),
(24, 17, 23, '1', '2', '2014-11-06 13:54:36'),
(25, 18, 38, '1', '4', '2014-12-23 02:48:43'),
(26, 19, 27, '1', '5', '2014-11-18 19:22:46'),
(27, 20, 29, '0', '2', '2014-11-06 14:48:25'),
(28, 21, 16, '1', '2', '2014-11-11 07:20:16'),
(29, 22, 32, '1', '3', '2014-11-12 06:06:18'),
(30, 16, 18, '1', '3', '2014-11-12 15:43:52'),
(31, 16, 20, '1', '3', '2014-11-12 15:43:52'),
(32, 16, 25, '0', '4', '2014-11-12 13:31:59'),
(33, 16, 24, '1', '8', '2014-11-12 15:43:52'),
(34, 16, 33, '0', '2', '2014-11-12 14:21:47'),
(35, 15, 36, '1', '2', '2014-11-12 18:34:46'),
(36, 16, 25, '0', '9', '2014-11-12 14:22:28'),
(37, 18, 34, '1', '1', '2014-12-23 02:48:43'),
(38, 18, 35, '1', '4', '2014-12-23 02:48:43'),
(39, 23, 29, '1', '5', '2014-11-12 14:48:11'),
(40, 24, 31, '0', '2', '2014-11-12 14:50:25'),
(41, 18, 39, '1', '8', '2014-12-23 02:48:43'),
(42, 18, 26, '1', '9', '2014-12-23 02:48:43'),
(43, 25, 37, '1', '3', '2014-11-12 18:34:31'),
(44, 26, 40, '1', '6', '2014-11-13 04:14:08'),
(45, 27, 41, '1', '5', '2014-11-13 04:16:31'),
(46, 28, 42, '1', '9', '2014-11-16 22:57:08'),
(47, 28, 43, '0', '9', '2014-11-16 22:57:08'),
(48, 29, 43, '1', '9', '2014-11-16 22:57:32'),
(49, 30, 44, '1', '9', '2014-11-16 23:03:00'),
(50, 31, 45, '1', '9', '2014-11-16 23:03:56'),
(51, 31, 46, '1', '9', '2014-11-16 23:03:56'),
(52, 32, 47, '1', '5', '2014-11-16 23:14:16'),
(53, 33, 48, '1', '5', '2014-12-23 03:06:31'),
(54, 34, 49, '1', '2', '2014-11-17 23:21:30'),
(55, 34, 50, '1', '2', '2014-11-17 23:21:30'),
(56, 34, 51, '1', '2', '2014-11-17 23:21:30'),
(57, 35, 52, '1', '3', '2014-11-18 02:21:16'),
(58, 35, 53, '1', '3', '2014-11-18 02:21:16'),
(59, 35, 54, '1', '3', '2014-11-18 02:21:16'),
(60, 35, 55, '1', '3', '2014-11-18 02:21:16'),
(61, 35, 56, '1', '3', '2014-11-18 02:21:16'),
(62, 35, 57, '1', '3', '2014-11-18 02:21:16'),
(63, 35, 58, '1', '3', '2014-11-18 02:21:16'),
(64, 35, 59, '1', '3', '2014-11-18 02:21:16'),
(65, 35, 60, '1', '3', '2014-11-18 02:21:16'),
(66, 35, 61, '1', '3', '2014-11-18 02:21:16'),
(67, 35, 62, '1', '3', '2014-11-18 02:21:16'),
(68, 35, 63, '1', '3', '2014-11-18 02:21:16'),
(69, 35, 64, '1', '3', '2014-11-18 02:21:16'),
(70, 35, 65, '1', '3', '2014-11-18 02:21:16'),
(71, 36, 66, '1', '3', '2014-11-18 02:23:23'),
(72, 36, 67, '1', '3', '2014-11-18 02:23:23'),
(73, 36, 68, '1', '3', '2014-11-18 02:23:23'),
(74, 36, 69, '1', '3', '2014-11-18 02:23:23'),
(75, 36, 70, '1', '3', '2014-11-18 02:23:23'),
(76, 36, 71, '1', '3', '2014-11-18 02:23:23'),
(77, 36, 72, '1', '3', '2014-11-18 02:23:23'),
(78, 36, 73, '1', '3', '2014-11-18 02:23:23'),
(79, 36, 74, '1', '3', '2014-11-18 02:23:23'),
(80, 36, 75, '1', '3', '2014-11-18 02:23:23'),
(81, 36, 76, '1', '3', '2014-11-18 02:23:23'),
(82, 36, 77, '1', '3', '2014-11-18 02:23:23'),
(83, 36, 78, '1', '3', '2014-11-18 02:23:23'),
(84, 37, 81, '0', '3', '2014-12-23 01:37:10'),
(85, 38, 81, '1', '4', '2014-12-23 02:09:27'),
(86, 39, 80, '0', '4', '2014-12-23 03:03:27'),
(87, 39, 80, '0', '4', '2014-12-23 03:03:27'),
(88, 40, 80, '0', '4', '2014-12-23 22:58:49'),
(89, 41, 80, '1', '4', '2014-12-29 23:08:33'),
(90, 1, 82, '1', '2', '2015-01-06 00:44:16'),
(91, 42, 83, '1', '2', '2015-03-26 13:44:29');

-- --------------------------------------------------------

--
-- Table structure for table `beat_plan_user_assignments`
--

CREATE TABLE IF NOT EXISTS `beat_plan_user_assignments` (
`bp_user_assignment_id` bigint(20) NOT NULL,
  `bp_dist_assignment_id` bigint(20) NOT NULL,
  `user_id` bigint(20) NOT NULL,
  `status` char(1) NOT NULL,
  `schedule_time` time NOT NULL,
  `visit_no` char(1) NOT NULL DEFAULT '1'
) ENGINE=InnoDB  DEFAULT CHARSET=utf8 AUTO_INCREMENT=239 ;

--
-- Dumping data for table `beat_plan_user_assignments`
--

INSERT INTO `beat_plan_user_assignments` (`bp_user_assignment_id`, `bp_dist_assignment_id`, `user_id`, `status`, `schedule_time`, `visit_no`) VALUES
(1, 1, 7, '1', '11:55:00', '1'),
(2, 2, 7, '1', '16:35:00', '1'),
(3, 3, 7, '1', '17:35:00', '1'),
(4, 4, 7, '1', '18:00:00', '1'),
(5, 1, 7, '1', '18:05:00', '2'),
(6, 2, 8, '1', '16:05:00', '2'),
(7, 1, 8, '1', '16:35:00', '3'),
(8, 3, 8, '1', '17:20:00', '2'),
(9, 4, 8, '1', '17:25:00', '2'),
(10, 6, 13, '1', '19:00:00', '1'),
(11, 6, 13, '1', '20:05:00', '2'),
(12, 6, 13, '1', '20:25:00', '3'),
(13, 7, 8, '0', '11:35:00', '1'),
(14, 8, 8, '0', '11:55:00', '1'),
(15, 9, 8, '0', '12:05:00', '1'),
(16, 10, 8, '0', '12:25:00', '1'),
(17, 7, 15, '0', '11:20:00', '1'),
(18, 8, 15, '0', '11:55:00', '1'),
(19, 9, 15, '0', '12:05:00', '1'),
(20, 10, 15, '0', '12:25:00', '1'),
(21, 7, 15, '1', '11:35:00', '1'),
(22, 8, 15, '1', '11:55:00', '1'),
(23, 9, 15, '1', '00:20:00', '1'),
(24, 10, 15, '1', '00:55:00', '1'),
(25, 11, 21, '0', '10:20:00', '1'),
(26, 11, 21, '0', '11:50:00', '2'),
(27, 11, 21, '0', '14:20:00', '3'),
(28, 11, 21, '0', '16:15:00', '4'),
(29, 11, 21, '0', '18:20:00', '5'),
(30, 12, 27, '1', '09:00:00', '1'),
(31, 12, 27, '1', '16:00:00', '2'),
(32, 15, 31, '1', '15:20:00', '1'),
(33, 15, 31, '1', '15:50:00', '2'),
(34, 16, 37, '0', '11:20:00', '1'),
(35, 11, 21, '0', '16:55:00', '6'),
(36, 16, 37, '1', '11:20:00', '1'),
(37, 12, 38, '1', '09:30:00', '4'),
(38, 12, 38, '1', '09:20:00', '6'),
(39, 15, 45, '1', '16:05:00', '3'),
(40, 10, 15, '1', '16:05:00', '2'),
(41, 6, 37, '1', '10:55:00', '4'),
(42, 20, 21, '1', '09:55:00', '1'),
(43, 20, 21, '1', '10:55:00', '2'),
(44, 20, 21, '1', '14:05:00', '3'),
(45, 21, 58, '1', '12:55:00', '1'),
(46, 1, 13, '1', '07:50:00', '4'),
(47, 29, 58, '1', '15:15:00', '1'),
(48, 29, 58, '1', '17:40:00', '2'),
(49, 29, 58, '1', '19:05:00', '3'),
(50, 16, 74, '1', '09:20:00', '2'),
(51, 6, 8, '1', '19:05:00', '5'),
(52, 39, 84, '1', '19:10:00', '1'),
(53, 39, 85, '1', '20:25:00', '3'),
(54, 39, 86, '1', '20:20:00', '4'),
(55, 39, 84, '1', '11:20:00', '5'),
(56, 43, 85, '1', '09:05:00', '1'),
(57, 43, 84, '1', '09:20:00', '2'),
(58, 43, 86, '1', '14:20:00', '3'),
(59, 44, 74, '1', '16:50:00', '1'),
(60, 44, 74, '1', '17:05:00', '2'),
(61, 44, 74, '1', '17:30:00', '3'),
(62, 44, 74, '1', '18:10:00', '4'),
(63, 44, 74, '1', '19:40:00', '5'),
(64, 44, 74, '1', '20:00:00', '6'),
(65, 45, 74, '1', '11:15:00', '1'),
(66, 45, 74, '1', '12:25:00', '2'),
(67, 45, 74, '1', '10:25:00', '3'),
(68, 45, 74, '1', '13:20:00', '4'),
(69, 45, 74, '1', '09:40:00', '5'),
(70, 6, 89, '1', '11:40:00', '6'),
(71, 6, 89, '1', '00:25:00', '7'),
(72, 46, 95, '1', '09:30:00', '1'),
(73, 46, 95, '1', '00:30:00', '3'),
(74, 46, 95, '1', '14:30:00', '5'),
(75, 46, 95, '1', '13:00:00', '7'),
(76, 46, 95, '1', '15:00:00', '9'),
(77, 48, 95, '0', '10:00:00', '1'),
(78, 48, 95, '1', '00:00:00', '3'),
(79, 48, 95, '1', '14:00:00', '5'),
(80, 48, 95, '1', '16:00:00', '7'),
(81, 48, 95, '1', '20:25:00', '9'),
(82, 50, 95, '1', '06:30:00', '1'),
(83, 50, 95, '1', '20:25:00', '9'),
(84, 50, 95, '1', '08:25:00', '3'),
(85, 50, 95, '1', '09:00:00', '5'),
(86, 50, 95, '1', '20:20:00', '7'),
(87, 50, 96, '0', '07:20:00', '2'),
(88, 50, 96, '0', '11:25:00', '4'),
(89, 50, 96, '0', '13:35:00', '6'),
(90, 50, 96, '0', '17:05:00', '8'),
(91, 51, 95, '1', '06:30:00', '2'),
(92, 51, 95, '1', '08:30:00', '4'),
(93, 51, 95, '1', '10:30:00', '6'),
(94, 51, 95, '1', '17:35:00', '8'),
(95, 51, 96, '0', '07:05:00', '1'),
(96, 51, 96, '0', '09:10:00', '3'),
(97, 51, 96, '0', '11:20:00', '5'),
(98, 51, 96, '0', '15:40:00', '7'),
(99, 51, 96, '0', '19:55:00', '9'),
(100, 48, 96, '0', '07:05:00', '2'),
(101, 48, 96, '0', '09:05:00', '4'),
(102, 48, 96, '0', '16:50:00', '6'),
(103, 48, 96, '0', '11:35:00', '8'),
(104, 46, 96, '0', '06:30:00', '2'),
(105, 46, 96, '0', '06:35:00', '4'),
(106, 46, 96, '0', '00:00:00', '6'),
(107, 46, 96, '0', '17:10:00', '8'),
(108, 49, 95, '0', '06:30:00', '9'),
(109, 49, 95, '1', '20:25:00', '7'),
(110, 49, 95, '0', '17:35:00', '5'),
(111, 49, 95, '0', '10:35:00', '3'),
(112, 49, 95, '0', '07:00:00', '1'),
(113, 49, 96, '0', '08:00:00', '2'),
(114, 49, 96, '0', '10:00:00', '4'),
(115, 49, 96, '0', '00:00:00', '6'),
(116, 49, 96, '0', '14:00:00', '8'),
(117, 52, 97, '0', '00:00:00', '1'),
(118, 52, 97, '1', '13:10:00', '2'),
(119, 52, 97, '1', '14:20:00', '3'),
(120, 52, 97, '1', '15:30:00', '4'),
(121, 52, 97, '1', '17:35:00', '5'),
(122, 53, 98, '1', '12:30:00', '1'),
(123, 53, 98, '1', '13:45:00', '2'),
(124, 53, 98, '1', '16:20:00', '3'),
(125, 53, 98, '1', '17:45:00', '4'),
(126, 53, 98, '1', '18:20:00', '5'),
(127, 48, 95, '1', '06:30:00', '1'),
(128, 49, 95, '1', '06:30:00', '1'),
(129, 49, 95, '1', '08:30:00', '3'),
(130, 49, 95, '1', '10:05:00', '5'),
(131, 49, 95, '0', '00:05:00', '9'),
(132, 49, 96, '0', '07:05:00', '2'),
(133, 49, 96, '0', '09:05:00', '4'),
(134, 49, 96, '0', '11:05:00', '6'),
(135, 49, 96, '0', '15:05:00', '8'),
(136, 49, 95, '1', '00:05:00', '9'),
(137, 52, 97, '0', '18:30:00', '1'),
(138, 52, 97, '0', '06:30:00', '1'),
(139, 52, 97, '0', '00:30:00', '1'),
(140, 52, 97, '0', '19:30:00', '1'),
(141, 52, 97, '0', '07:30:00', '1'),
(142, 52, 97, '0', '00:00:00', '1'),
(143, 52, 97, '1', '00:30:00', '1'),
(144, 54, 96, '1', '11:45:00', '1'),
(145, 56, 96, '1', '11:35:00', '1'),
(146, 55, 96, '1', '12:00:00', '1'),
(147, 56, 96, '1', '14:00:00', '2'),
(148, 54, 96, '1', '14:10:00', '2'),
(149, 55, 96, '1', '14:30:00', '2'),
(150, 57, 104, '1', '10:00:00', '1'),
(151, 58, 104, '1', '10:10:00', '1'),
(152, 59, 104, '1', '10:20:00', '1'),
(153, 60, 104, '1', '10:30:00', '1'),
(154, 61, 104, '1', '10:40:00', '1'),
(155, 62, 104, '1', '10:50:00', '1'),
(156, 63, 104, '1', '11:05:00', '1'),
(157, 64, 104, '0', '11:15:00', '1'),
(158, 65, 104, '0', '11:25:00', '1'),
(159, 66, 104, '0', '11:35:00', '1'),
(160, 67, 104, '0', '11:45:00', '1'),
(161, 68, 104, '0', '11:50:00', '1'),
(162, 69, 104, '0', '11:55:00', '1'),
(163, 70, 104, '0', '00:00:00', '1'),
(164, 57, 104, '1', '14:00:00', '2'),
(165, 58, 104, '1', '14:05:00', '2'),
(166, 59, 104, '1', '14:10:00', '2'),
(167, 60, 104, '1', '14:20:00', '2'),
(168, 61, 104, '1', '14:30:00', '2'),
(169, 62, 104, '1', '14:40:00', '2'),
(170, 63, 104, '1', '14:50:00', '2'),
(171, 64, 104, '0', '15:00:00', '2'),
(172, 65, 104, '0', '15:10:00', '2'),
(173, 66, 104, '0', '15:20:00', '2'),
(174, 67, 104, '0', '15:30:00', '2'),
(175, 68, 104, '0', '15:35:00', '2'),
(176, 69, 104, '0', '15:40:00', '2'),
(177, 70, 104, '0', '15:50:00', '2'),
(178, 57, 104, '0', '17:00:00', '3'),
(179, 58, 104, '0', '17:05:00', '3'),
(180, 59, 104, '0', '17:15:00', '3'),
(181, 60, 104, '0', '17:25:00', '3'),
(182, 61, 104, '0', '17:35:00', '3'),
(183, 62, 104, '0', '17:45:00', '3'),
(184, 63, 104, '0', '17:55:00', '3'),
(185, 64, 104, '0', '18:05:00', '3'),
(186, 65, 104, '0', '18:15:00', '3'),
(187, 66, 104, '0', '18:25:00', '3'),
(188, 67, 104, '0', '18:30:00', '3'),
(189, 68, 104, '0', '18:35:00', '3'),
(190, 69, 104, '0', '18:40:00', '3'),
(191, 70, 104, '0', '18:50:00', '3'),
(192, 71, 105, '1', '10:00:00', '1'),
(193, 72, 105, '1', '10:10:00', '1'),
(194, 73, 105, '1', '10:20:00', '1'),
(195, 74, 105, '1', '10:30:00', '1'),
(196, 75, 105, '1', '10:40:00', '1'),
(197, 76, 105, '1', '10:50:00', '1'),
(198, 77, 105, '1', '11:00:00', '1'),
(199, 78, 105, '1', '11:10:00', '1'),
(200, 79, 105, '1', '11:20:00', '1'),
(201, 80, 105, '1', '11:30:00', '1'),
(202, 81, 105, '1', '11:40:00', '1'),
(203, 82, 105, '1', '11:50:00', '1'),
(204, 83, 105, '1', '00:00:00', '1'),
(205, 71, 105, '1', '14:00:00', '2'),
(206, 72, 105, '1', '14:10:00', '2'),
(207, 73, 105, '1', '14:20:00', '2'),
(208, 74, 105, '1', '14:30:00', '2'),
(209, 75, 105, '1', '14:40:00', '2'),
(210, 76, 105, '1', '14:50:00', '2'),
(211, 77, 105, '1', '15:00:00', '2'),
(212, 78, 105, '1', '15:10:00', '2'),
(213, 79, 105, '1', '15:20:00', '2'),
(214, 80, 105, '1', '15:30:00', '2'),
(215, 81, 105, '1', '15:40:00', '2'),
(216, 82, 105, '1', '15:50:00', '2'),
(217, 83, 105, '1', '16:00:00', '2'),
(218, 71, 105, '1', '17:00:00', '3'),
(219, 72, 105, '1', '17:10:00', '3'),
(220, 73, 105, '1', '17:20:00', '3'),
(221, 74, 105, '1', '17:30:00', '3'),
(222, 75, 105, '1', '17:40:00', '3'),
(223, 76, 105, '1', '17:50:00', '3'),
(224, 77, 105, '1', '18:00:00', '3'),
(225, 78, 105, '1', '18:10:00', '3'),
(226, 79, 105, '1', '18:20:00', '3'),
(227, 80, 105, '1', '18:30:00', '3'),
(228, 81, 105, '1', '18:40:00', '3'),
(229, 82, 105, '1', '18:50:00', '3'),
(230, 83, 105, '1', '19:00:00', '3'),
(231, 12, 27, '1', '15:15:00', '3'),
(232, 85, 123, '0', '10:40:00', '1'),
(233, 85, 124, '0', '15:35:00', '2'),
(234, 88, 122, '0', '07:25:00', '1'),
(235, 88, 122, '0', '10:20:00', '2'),
(236, 90, 7, '1', '10:40:00', '1'),
(237, 90, 7, '1', '11:35:00', '2'),
(238, 91, 136, '1', '09:40:00', '1');

-- --------------------------------------------------------

--
-- Table structure for table `caf_collection_details`
--

CREATE TABLE IF NOT EXISTS `caf_collection_details` (
`caf_collection_id` bigint(20) NOT NULL,
  `total_caf_count` int(5) NOT NULL,
  `accepted_caf_count` int(5) NOT NULL,
  `rejected_caf_count` int(5) NOT NULL,
  `returned_caf_count` int(5) NOT NULL,
  `distributor_photo_path` varchar(256) NOT NULL,
  `dstributor_sign_path` varchar(256) NOT NULL,
  `runner_photo_path` varchar(256) NOT NULL,
  `caf_provider_mob_num` varchar(15) NOT NULL,
  `remarks` varchar(256) DEFAULT NULL,
  `runner_visit_id` bigint(20) NOT NULL,
  `date_time` timestamp NOT NULL DEFAULT CURRENT_TIMESTAMP ON UPDATE CURRENT_TIMESTAMP
) ENGINE=InnoDB  DEFAULT CHARSET=utf8 AUTO_INCREMENT=591 ;

--
-- Dumping data for table `caf_collection_details`
--

INSERT INTO `caf_collection_details` (`caf_collection_id`, `total_caf_count`, `accepted_caf_count`, `rejected_caf_count`, `returned_caf_count`, `distributor_photo_path`, `dstributor_sign_path`, `runner_photo_path`, `caf_provider_mob_num`, `remarks`, `runner_visit_id`, `date_time`) VALUES
(1, 2, 0, 0, 0, 'tracer_mob_data/dist_photos/IMG77777HJWQ7El_1412697765782.jpg', 'tracer_mob_data/dist_signatures/SIGN77777HJWQ7El_1412697765782.jpg', 'tracer_mob_data/runner_photos/IMG77777HJWQ7El_1412697765782.jpg', '9702542875', '', 1, '2014-10-07 06:32:45'),
(2, 20, 10, 5, 5, 'tracer_mob_data/dist_photos/IMG50777iC3i3rA_1412703657727.jpg', 'tracer_mob_data/dist_signatures/SIGN50777iC3i3rA_1412703657727.jpg', 'tracer_mob_data/runner_photos/IMG50777iC3i3rA_1412703657727.jpg', '9848098480', '', 2, '2014-10-07 08:10:57'),
(3, 20, 0, 0, 0, 'tracer_mob_data/dist_photos/IMG07777aeDb4GZ_1412775533631.jpg', 'tracer_mob_data/dist_signatures/SIGN07777aeDb4GZ_1412775533631.jpg', 'tracer_mob_data/runner_photos/IMG07777aeDb4GZ_1412775533631.jpg', '9703541622', '', 6, '2014-10-08 04:08:53'),
(4, 25, 25, 0, 0, 'tracer_mob_data/dist_photos/IMG47777G2rbUJq_1413293236962.jpg', 'tracer_mob_data/dist_signatures/SIGN47777G2rbUJq_1413293236962.jpg', 'tracer_mob_data/runner_photos/IMG47777G2rbUJq_1413293236962.jpg', '9703541622', '', 29, '2014-10-14 03:57:16'),
(5, 6, 6, 0, 0, 'tracer_mob_data/dist_photos/IMG77777I0Qck92_1413293751397.jpg', 'tracer_mob_data/dist_signatures/SIGN77777I0Qck92_1413293751397.jpg', 'tracer_mob_data/runner_photos/IMG77777I0Qck92_1413293751397.jpg', '9703541622', '', 30, '2014-10-14 04:05:51'),
(6, 20, 15, 5, 0, 'tracer_mob_data/dist_photos/IMG77777empTeQ7_1414748926579.jpg', 'tracer_mob_data/dist_signatures/SIGN77777empTeQ7_1414748926579.jpg', 'tracer_mob_data/runner_photos/IMG77777empTeQ7_1414748926579.jpg', '9703541622', '', 37, '2014-10-31 00:18:46'),
(7, 5, 5, 0, 0, 'tracer_mob_data/dist_photos/IMG77777empTeQ7_1414765225953.jpg', 'tracer_mob_data/dist_signatures/SIGN77777empTeQ7_1414765225953.jpg', 'tracer_mob_data/runner_photos/IMG77777empTeQ7_1414765225953.jpg', '9703541622', '', 38, '2014-10-31 04:50:25'),
(8, 6, 6, 0, 0, 'tracer_mob_data/dist_photos/IMG77777empTeQ7_1414765308516.jpg', 'tracer_mob_data/dist_signatures/SIGN77777empTeQ7_1414765308516.jpg', 'tracer_mob_data/runner_photos/IMG77777empTeQ7_1414765308516.jpg', '9703541622', '', 39, '2014-10-31 04:51:48'),
(9, 21, 21, 0, 0, 'tracer_mob_data/dist_photos/IMG77777empTeQ7_1414769391148.jpg', 'tracer_mob_data/dist_signatures/SIGN77777empTeQ7_1414769391148.jpg', 'tracer_mob_data/runner_photos/IMG77777empTeQ7_1414769391148.jpg', '9703541622', '', 40, '2014-10-31 05:59:51'),
(10, 5, 5, 0, 0, 'tracer_mob_data/dist_photos/IMG77777DT7WGxl_1415008515984.jpg', 'tracer_mob_data/dist_signatures/SIGN77777DT7WGxl_1415008515984.jpg', 'tracer_mob_data/runner_photos/IMG77777DT7WGxl_1415008515984.jpg', '9703541622', '', 42, '2014-11-02 23:25:15'),
(11, 5, 5, 0, 0, 'tracer_mob_data/dist_photos/IMG7999969brEcI_1415110820267.jpg', 'tracer_mob_data/dist_signatures/SIGN7999969brEcI_1415110820267.jpg', 'tracer_mob_data/runner_photos/IMG7999969brEcI_1415110820267.jpg', '9703541622', '', 45, '2014-11-04 03:50:20'),
(12, 1, 1, 0, 0, 'tracer_mob_data/dist_photos/IMG777774IDW91T_1415379426910.jpg', 'tracer_mob_data/dist_signatures/SIGN777774IDW91T_1415379426910.jpg', 'tracer_mob_data/runner_photos/IMG777774IDW91T_1415379426910.jpg', '9703541622', '', 47, '2014-11-07 06:27:06'),
(13, 2, 2, 2, 5, 'tracer_mob_data/dist_photos/IMG77777v2H1jql_1415696243125.jpg', 'tracer_mob_data/dist_signatures/SIGN77777v2H1jql_1415696243125.jpg', 'tracer_mob_data/runner_photos/IMG77777v2H1jql_1415696243125.jpg', '9999999999', '', 59, '2014-11-10 22:27:23'),
(14, 2, 6, 9, 9, 'tracer_mob_data/dist_photos/IMG77777v2H1jql_1415696413774.jpg', 'tracer_mob_data/dist_signatures/SIGN77777v2H1jql_1415696413774.jpg', 'tracer_mob_data/runner_photos/IMG77777v2H1jql_1415696413774.jpg', '5555555555', '', 60, '2014-11-10 22:30:13'),
(15, 5, 5, 0, 0, 'tracer_mob_data/dist_photos/IMG97777P3O3T3m_1415706782226.jpg', 'tracer_mob_data/dist_signatures/SIGN97777P3O3T3m_1415706782226.jpg', 'tracer_mob_data/runner_photos/IMG97777P3O3T3m_1415706782226.jpg', '9703541622', '', 63, '2014-11-11 01:23:02'),
(16, 5, 5, 0, 0, 'tracer_mob_data/dist_photos/IMG97777P3O3T3m_1415706957863.jpg', 'tracer_mob_data/dist_signatures/SIGN97777P3O3T3m_1415706957863.jpg', 'tracer_mob_data/runner_photos/IMG97777P3O3T3m_1415706957863.jpg', '9703541622', '', 63, '2014-11-11 01:25:57'),
(17, 5, 5, 0, 0, 'tracer_mob_data/dist_photos/IMG97777P3O3T3m_1415707980636.jpg', 'tracer_mob_data/dist_signatures/SIGN97777P3O3T3m_1415707980636.jpg', 'tracer_mob_data/runner_photos/IMG97777P3O3T3m_1415707980636.jpg', '9703541622', '', 63, '2014-11-11 01:43:00'),
(18, 5, 5, 0, 0, 'tracer_mob_data/dist_photos/IMG97777P3O3T3m_1415711755145.jpg', 'tracer_mob_data/dist_signatures/SIGN97777P3O3T3m_1415711755145.jpg', 'tracer_mob_data/runner_photos/IMG97777P3O3T3m_1415711755145.jpg', '9703541622', '', 63, '2014-11-11 02:45:55'),
(19, 5, 5, 0, 0, 'tracer_mob_data/dist_photos/IMG97777P3O3T3m_1415715809593.jpg', 'tracer_mob_data/dist_signatures/SIGN97777P3O3T3m_1415715809593.jpg', 'tracer_mob_data/runner_photos/IMG97777P3O3T3m_1415715809593.jpg', '9703541622', '', 63, '2014-11-11 03:53:29'),
(20, 5, 5, 0, 0, 'tracer_mob_data/dist_photos/IMG97777P3O3T3m_1415715956338.jpg', 'tracer_mob_data/dist_signatures/SIGN97777P3O3T3m_1415715956338.jpg', 'tracer_mob_data/runner_photos/IMG97777P3O3T3m_1415715956338.jpg', '9703541622', '', 63, '2014-11-11 03:55:56'),
(21, 5, 5, 0, 0, 'tracer_mob_data/dist_photos/IMG97777P3O3T3m_1415715956398.jpg', 'tracer_mob_data/dist_signatures/SIGN97777P3O3T3m_1415715956398.jpg', 'tracer_mob_data/runner_photos/IMG97777P3O3T3m_1415715956398.jpg', '9703541622', '', 63, '2014-11-11 03:55:56'),
(22, 5, 5, 0, 0, 'tracer_mob_data/dist_photos/IMG97777P3O3T3m_1415715956408.jpg', 'tracer_mob_data/dist_signatures/SIGN97777P3O3T3m_1415715956408.jpg', 'tracer_mob_data/runner_photos/IMG97777P3O3T3m_1415715956408.jpg', '9703541622', '', 63, '2014-11-11 03:55:56'),
(23, 5, 5, 0, 0, 'tracer_mob_data/dist_photos/IMG97777P3O3T3m_1415715956442.jpg', 'tracer_mob_data/dist_signatures/SIGN97777P3O3T3m_1415715956442.jpg', 'tracer_mob_data/runner_photos/IMG97777P3O3T3m_1415715956442.jpg', '9703541622', '', 63, '2014-11-11 03:55:56'),
(24, 5, 5, 0, 0, 'tracer_mob_data/dist_photos/IMG97777P3O3T3m_1415715956478.jpg', 'tracer_mob_data/dist_signatures/SIGN97777P3O3T3m_1415715956478.jpg', 'tracer_mob_data/runner_photos/IMG97777P3O3T3m_1415715956478.jpg', '9703541622', '', 63, '2014-11-11 03:55:56'),
(25, 5, 5, 0, 0, 'tracer_mob_data/dist_photos/IMG97777P3O3T3m_1415715956479.jpg', 'tracer_mob_data/dist_signatures/SIGN97777P3O3T3m_1415715956479.jpg', 'tracer_mob_data/runner_photos/IMG97777P3O3T3m_1415715956479.jpg', '9703541622', '', 63, '2014-11-11 03:55:56'),
(26, 5, 5, 0, 0, 'tracer_mob_data/dist_photos/IMG97777P3O3T3m_1415715956501.jpg', 'tracer_mob_data/dist_signatures/SIGN97777P3O3T3m_1415715956501.jpg', 'tracer_mob_data/runner_photos/IMG97777P3O3T3m_1415715956501.jpg', '9703541622', '', 63, '2014-11-11 03:55:56'),
(27, 5, 5, 0, 0, 'tracer_mob_data/dist_photos/IMG97777P3O3T3m_1415715956539.jpg', 'tracer_mob_data/dist_signatures/SIGN97777P3O3T3m_1415715956539.jpg', 'tracer_mob_data/runner_photos/IMG97777P3O3T3m_1415715956539.jpg', '9703541622', '', 63, '2014-11-11 03:55:56'),
(28, 5, 5, 0, 0, 'tracer_mob_data/dist_photos/IMG97777P3O3T3m_1415715956544.jpg', 'tracer_mob_data/dist_signatures/SIGN97777P3O3T3m_1415715956544.jpg', 'tracer_mob_data/runner_photos/IMG97777P3O3T3m_1415715956544.jpg', '9703541622', '', 63, '2014-11-11 03:55:56'),
(29, 5, 5, 0, 0, 'tracer_mob_data/dist_photos/IMG97777P3O3T3m_1415715956551.jpg', 'tracer_mob_data/dist_signatures/SIGN97777P3O3T3m_1415715956551.jpg', 'tracer_mob_data/runner_photos/IMG97777P3O3T3m_1415715956551.jpg', '9703541622', '', 63, '2014-11-11 03:55:56'),
(30, 5, 5, 0, 0, 'tracer_mob_data/dist_photos/IMG97777P3O3T3m_1415715956560.jpg', 'tracer_mob_data/dist_signatures/SIGN97777P3O3T3m_1415715956560.jpg', 'tracer_mob_data/runner_photos/IMG97777P3O3T3m_1415715956560.jpg', '9703541622', '', 63, '2014-11-11 03:55:56'),
(31, 5, 5, 0, 0, 'tracer_mob_data/dist_photos/IMG97777P3O3T3m_1415715956563.jpg', 'tracer_mob_data/dist_signatures/SIGN97777P3O3T3m_1415715956563.jpg', 'tracer_mob_data/runner_photos/IMG97777P3O3T3m_1415715956563.jpg', '9703541622', '', 63, '2014-11-11 03:55:56'),
(32, 5, 5, 0, 0, 'tracer_mob_data/dist_photos/IMG97777P3O3T3m_1415715956568.jpg', 'tracer_mob_data/dist_signatures/SIGN97777P3O3T3m_1415715956568.jpg', 'tracer_mob_data/runner_photos/IMG97777P3O3T3m_1415715956568.jpg', '9703541622', '', 63, '2014-11-11 03:55:56'),
(33, 5, 5, 0, 0, 'tracer_mob_data/dist_photos/IMG97777P3O3T3m_1415715956574.jpg', 'tracer_mob_data/dist_signatures/SIGN97777P3O3T3m_1415715956574.jpg', 'tracer_mob_data/runner_photos/IMG97777P3O3T3m_1415715956574.jpg', '9703541622', '', 63, '2014-11-11 03:55:56'),
(34, 5, 5, 0, 0, 'tracer_mob_data/dist_photos/IMG97777P3O3T3m_1415715956604.jpg', 'tracer_mob_data/dist_signatures/SIGN97777P3O3T3m_1415715956604.jpg', 'tracer_mob_data/runner_photos/IMG97777P3O3T3m_1415715956604.jpg', '9703541622', '', 63, '2014-11-11 03:55:56'),
(35, 5, 5, 0, 0, 'tracer_mob_data/dist_photos/IMG97777P3O3T3m_1415715956610.jpg', 'tracer_mob_data/dist_signatures/SIGN97777P3O3T3m_1415715956610.jpg', 'tracer_mob_data/runner_photos/IMG97777P3O3T3m_1415715956610.jpg', '9703541622', '', 63, '2014-11-11 03:55:56'),
(36, 5, 5, 0, 0, 'tracer_mob_data/dist_photos/IMG97777P3O3T3m_1415715956613.jpg', 'tracer_mob_data/dist_signatures/SIGN97777P3O3T3m_1415715956613.jpg', 'tracer_mob_data/runner_photos/IMG97777P3O3T3m_1415715956613.jpg', '9703541622', '', 63, '2014-11-11 03:55:56'),
(37, 5, 5, 0, 0, 'tracer_mob_data/dist_photos/IMG97777P3O3T3m_1415715956625.jpg', 'tracer_mob_data/dist_signatures/SIGN97777P3O3T3m_1415715956625.jpg', 'tracer_mob_data/runner_photos/IMG97777P3O3T3m_1415715956625.jpg', '9703541622', '', 63, '2014-11-11 03:55:56'),
(38, 5, 5, 0, 0, 'tracer_mob_data/dist_photos/IMG97777P3O3T3m_1415715956627.jpg', 'tracer_mob_data/dist_signatures/SIGN97777P3O3T3m_1415715956627.jpg', 'tracer_mob_data/runner_photos/IMG97777P3O3T3m_1415715956627.jpg', '9703541622', '', 63, '2014-11-11 03:55:56'),
(39, 5, 5, 0, 0, 'tracer_mob_data/dist_photos/IMG97777P3O3T3m_1415715956628.jpg', 'tracer_mob_data/dist_signatures/SIGN97777P3O3T3m_1415715956628.jpg', 'tracer_mob_data/runner_photos/IMG97777P3O3T3m_1415715956628.jpg', '9703541622', '', 63, '2014-11-11 03:55:56'),
(40, 5, 5, 0, 0, 'tracer_mob_data/dist_photos/IMG97777P3O3T3m_1415715956637.jpg', 'tracer_mob_data/dist_signatures/SIGN97777P3O3T3m_1415715956637.jpg', 'tracer_mob_data/runner_photos/IMG97777P3O3T3m_1415715956637.jpg', '9703541622', '', 63, '2014-11-11 03:55:56'),
(41, 5, 5, 0, 0, 'tracer_mob_data/dist_photos/IMG97777P3O3T3m_1415715956648.jpg', 'tracer_mob_data/dist_signatures/SIGN97777P3O3T3m_1415715956648.jpg', 'tracer_mob_data/runner_photos/IMG97777P3O3T3m_1415715956648.jpg', '9703541622', '', 63, '2014-11-11 03:55:56'),
(42, 5, 5, 0, 0, 'tracer_mob_data/dist_photos/IMG97777P3O3T3m_1415715956647.jpg', 'tracer_mob_data/dist_signatures/SIGN97777P3O3T3m_1415715956647.jpg', 'tracer_mob_data/runner_photos/IMG97777P3O3T3m_1415715956647.jpg', '9703541622', '', 63, '2014-11-11 03:55:56'),
(43, 5, 5, 0, 0, 'tracer_mob_data/dist_photos/IMG97777P3O3T3m_1415715956652.jpg', 'tracer_mob_data/dist_signatures/SIGN97777P3O3T3m_1415715956652.jpg', 'tracer_mob_data/runner_photos/IMG97777P3O3T3m_1415715956652.jpg', '9703541622', '', 63, '2014-11-11 03:55:56'),
(44, 5, 5, 0, 0, 'tracer_mob_data/dist_photos/IMG97777P3O3T3m_1415715956654.jpg', 'tracer_mob_data/dist_signatures/SIGN97777P3O3T3m_1415715956654.jpg', 'tracer_mob_data/runner_photos/IMG97777P3O3T3m_1415715956654.jpg', '9703541622', '', 63, '2014-11-11 03:55:56'),
(45, 5, 5, 0, 0, 'tracer_mob_data/dist_photos/IMG97777P3O3T3m_1415715956663.jpg', 'tracer_mob_data/dist_signatures/SIGN97777P3O3T3m_1415715956663.jpg', 'tracer_mob_data/runner_photos/IMG97777P3O3T3m_1415715956663.jpg', '9703541622', '', 63, '2014-11-11 03:55:56'),
(46, 5, 5, 0, 0, 'tracer_mob_data/dist_photos/IMG97777P3O3T3m_1415715956670.jpg', 'tracer_mob_data/dist_signatures/SIGN97777P3O3T3m_1415715956670.jpg', 'tracer_mob_data/runner_photos/IMG97777P3O3T3m_1415715956670.jpg', '9703541622', '', 63, '2014-11-11 03:55:56'),
(47, 5, 5, 0, 0, 'tracer_mob_data/dist_photos/IMG97777P3O3T3m_1415715956680.jpg', 'tracer_mob_data/dist_signatures/SIGN97777P3O3T3m_1415715956680.jpg', 'tracer_mob_data/runner_photos/IMG97777P3O3T3m_1415715956680.jpg', '9703541622', '', 63, '2014-11-11 03:55:56'),
(48, 5, 5, 0, 0, 'tracer_mob_data/dist_photos/IMG97777P3O3T3m_1415715956688.jpg', 'tracer_mob_data/dist_signatures/SIGN97777P3O3T3m_1415715956688.jpg', 'tracer_mob_data/runner_photos/IMG97777P3O3T3m_1415715956688.jpg', '9703541622', '', 63, '2014-11-11 03:55:56'),
(49, 5, 5, 0, 0, 'tracer_mob_data/dist_photos/IMG97777P3O3T3m_1415715956691.jpg', 'tracer_mob_data/dist_signatures/SIGN97777P3O3T3m_1415715956691.jpg', 'tracer_mob_data/runner_photos/IMG97777P3O3T3m_1415715956691.jpg', '9703541622', '', 63, '2014-11-11 03:55:56'),
(50, 5, 5, 0, 0, 'tracer_mob_data/dist_photos/IMG97777P3O3T3m_1415715956694.jpg', 'tracer_mob_data/dist_signatures/SIGN97777P3O3T3m_1415715956694.jpg', 'tracer_mob_data/runner_photos/IMG97777P3O3T3m_1415715956694.jpg', '9703541622', '', 63, '2014-11-11 03:55:56'),
(51, 5, 5, 0, 0, 'tracer_mob_data/dist_photos/IMG97777P3O3T3m_1415715956712.jpg', 'tracer_mob_data/dist_signatures/SIGN97777P3O3T3m_1415715956712.jpg', 'tracer_mob_data/runner_photos/IMG97777P3O3T3m_1415715956712.jpg', '9703541622', '', 63, '2014-11-11 03:55:56'),
(52, 5, 5, 0, 0, 'tracer_mob_data/dist_photos/IMG97777P3O3T3m_1415715956713.jpg', 'tracer_mob_data/dist_signatures/SIGN97777P3O3T3m_1415715956713.jpg', 'tracer_mob_data/runner_photos/IMG97777P3O3T3m_1415715956713.jpg', '9703541622', '', 63, '2014-11-11 03:55:56'),
(53, 5, 5, 0, 0, 'tracer_mob_data/dist_photos/IMG97777P3O3T3m_1415715956720.jpg', 'tracer_mob_data/dist_signatures/SIGN97777P3O3T3m_1415715956720.jpg', 'tracer_mob_data/runner_photos/IMG97777P3O3T3m_1415715956720.jpg', '9703541622', '', 63, '2014-11-11 03:55:56'),
(54, 5, 5, 0, 0, 'tracer_mob_data/dist_photos/IMG97777P3O3T3m_1415715956722.jpg', 'tracer_mob_data/dist_signatures/SIGN97777P3O3T3m_1415715956722.jpg', 'tracer_mob_data/runner_photos/IMG97777P3O3T3m_1415715956722.jpg', '9703541622', '', 63, '2014-11-11 03:55:56'),
(55, 5, 5, 0, 0, 'tracer_mob_data/dist_photos/IMG97777P3O3T3m_1415715956731.jpg', 'tracer_mob_data/dist_signatures/SIGN97777P3O3T3m_1415715956731.jpg', 'tracer_mob_data/runner_photos/IMG97777P3O3T3m_1415715956731.jpg', '9703541622', '', 63, '2014-11-11 03:55:56'),
(56, 5, 5, 0, 0, 'tracer_mob_data/dist_photos/IMG97777P3O3T3m_1415715956734.jpg', 'tracer_mob_data/dist_signatures/SIGN97777P3O3T3m_1415715956734.jpg', 'tracer_mob_data/runner_photos/IMG97777P3O3T3m_1415715956734.jpg', '9703541622', '', 63, '2014-11-11 03:55:56'),
(57, 5, 5, 0, 0, 'tracer_mob_data/dist_photos/IMG97777P3O3T3m_1415715956737.jpg', 'tracer_mob_data/dist_signatures/SIGN97777P3O3T3m_1415715956737.jpg', 'tracer_mob_data/runner_photos/IMG97777P3O3T3m_1415715956737.jpg', '9703541622', '', 63, '2014-11-11 03:55:56'),
(58, 5, 5, 0, 0, 'tracer_mob_data/dist_photos/IMG97777P3O3T3m_1415715956749.jpg', 'tracer_mob_data/dist_signatures/SIGN97777P3O3T3m_1415715956749.jpg', 'tracer_mob_data/runner_photos/IMG97777P3O3T3m_1415715956749.jpg', '9703541622', '', 63, '2014-11-11 03:55:56'),
(59, 5, 5, 0, 0, 'tracer_mob_data/dist_photos/IMG97777P3O3T3m_1415715956829.jpg', 'tracer_mob_data/dist_signatures/SIGN97777P3O3T3m_1415715956829.jpg', 'tracer_mob_data/runner_photos/IMG97777P3O3T3m_1415715956829.jpg', '9703541622', '', 63, '2014-11-11 03:55:56'),
(60, 5, 5, 0, 0, 'tracer_mob_data/dist_photos/IMG97777P3O3T3m_1415715956846.jpg', 'tracer_mob_data/dist_signatures/SIGN97777P3O3T3m_1415715956846.jpg', 'tracer_mob_data/runner_photos/IMG97777P3O3T3m_1415715956846.jpg', '9703541622', '', 63, '2014-11-11 03:55:56'),
(61, 5, 5, 0, 0, 'tracer_mob_data/dist_photos/IMG97777P3O3T3m_1415715956860.jpg', 'tracer_mob_data/dist_signatures/SIGN97777P3O3T3m_1415715956860.jpg', 'tracer_mob_data/runner_photos/IMG97777P3O3T3m_1415715956860.jpg', '9703541622', '', 63, '2014-11-11 03:55:56'),
(62, 5, 5, 0, 0, 'tracer_mob_data/dist_photos/IMG97777P3O3T3m_1415715956845.jpg', 'tracer_mob_data/dist_signatures/SIGN97777P3O3T3m_1415715956845.jpg', 'tracer_mob_data/runner_photos/IMG97777P3O3T3m_1415715956845.jpg', '9703541622', '', 63, '2014-11-11 03:55:56'),
(63, 5, 5, 0, 0, 'tracer_mob_data/dist_photos/IMG97777P3O3T3m_1415715956868.jpg', 'tracer_mob_data/dist_signatures/SIGN97777P3O3T3m_1415715956868.jpg', 'tracer_mob_data/runner_photos/IMG97777P3O3T3m_1415715956868.jpg', '9703541622', '', 63, '2014-11-11 03:55:56'),
(64, 5, 5, 0, 0, 'tracer_mob_data/dist_photos/IMG97777P3O3T3m_1415715956842.jpg', 'tracer_mob_data/dist_signatures/SIGN97777P3O3T3m_1415715956842.jpg', 'tracer_mob_data/runner_photos/IMG97777P3O3T3m_1415715956842.jpg', '9703541622', '', 63, '2014-11-11 03:55:56'),
(65, 5, 5, 0, 0, 'tracer_mob_data/dist_photos/IMG97777P3O3T3m_1415715956850.jpg', 'tracer_mob_data/dist_signatures/SIGN97777P3O3T3m_1415715956850.jpg', 'tracer_mob_data/runner_photos/IMG97777P3O3T3m_1415715956850.jpg', '9703541622', '', 63, '2014-11-11 03:55:56'),
(66, 5, 5, 0, 0, 'tracer_mob_data/dist_photos/IMG97777P3O3T3m_1415715956841.jpg', 'tracer_mob_data/dist_signatures/SIGN97777P3O3T3m_1415715956841.jpg', 'tracer_mob_data/runner_photos/IMG97777P3O3T3m_1415715956841.jpg', '9703541622', '', 63, '2014-11-11 03:55:56'),
(67, 5, 5, 0, 0, 'tracer_mob_data/dist_photos/IMG97777P3O3T3m_1415715956872.jpg', 'tracer_mob_data/dist_signatures/SIGN97777P3O3T3m_1415715956872.jpg', 'tracer_mob_data/runner_photos/IMG97777P3O3T3m_1415715956872.jpg', '9703541622', '', 63, '2014-11-11 03:55:56'),
(68, 5, 5, 0, 0, 'tracer_mob_data/dist_photos/IMG97777P3O3T3m_1415715956863.jpg', 'tracer_mob_data/dist_signatures/SIGN97777P3O3T3m_1415715956863.jpg', 'tracer_mob_data/runner_photos/IMG97777P3O3T3m_1415715956863.jpg', '9703541622', '', 63, '2014-11-11 03:55:56'),
(69, 5, 5, 0, 0, 'tracer_mob_data/dist_photos/IMG97777P3O3T3m_1415715956902.jpg', 'tracer_mob_data/dist_signatures/SIGN97777P3O3T3m_1415715956902.jpg', 'tracer_mob_data/runner_photos/IMG97777P3O3T3m_1415715956902.jpg', '9703541622', '', 63, '2014-11-11 03:55:56'),
(70, 1, 6, 6, 6, 'tracer_mob_data/dist_photos/IMG47777pebvHo0_1415720537265.jpg', 'tracer_mob_data/dist_signatures/SIGN47777pebvHo0_1415720537265.jpg', 'tracer_mob_data/runner_photos/IMG47777pebvHo0_1415720537265.jpg', '8888888888', '', 178, '2014-11-11 05:12:17'),
(71, 8, 9, 6, 9, 'tracer_mob_data/dist_photos/IMG47777pebvHo0_1415726044822.jpg', 'tracer_mob_data/dist_signatures/SIGN47777pebvHo0_1415726044822.jpg', 'tracer_mob_data/runner_photos/IMG47777pebvHo0_1415726044822.jpg', '9999966688', '', 179, '2014-11-11 06:44:04'),
(72, 10, 5, 3, 2, 'tracer_mob_data/dist_photos/IMG97777Ql9Jst1_1415784635691.jpg', 'tracer_mob_data/dist_signatures/SIGN97777Ql9Jst1_1415784635691.jpg', 'tracer_mob_data/runner_photos/IMG97777Ql9Jst1_1415784635691.jpg', '9848098480', '', 180, '2014-11-11 23:00:35'),
(73, 20, 15, 2, 3, 'tracer_mob_data/dist_photos/IMG97777Ql9Jst1_1415786828603.jpg', 'tracer_mob_data/dist_signatures/SIGN97777Ql9Jst1_1415786828603.jpg', 'tracer_mob_data/runner_photos/IMG97777Ql9Jst1_1415786828603.jpg', '9848098480', '', 181, '2014-11-11 23:37:08'),
(74, 20, 10, 5, 5, 'tracer_mob_data/dist_photos/IMG97777Ql9Jst1_1415787593018.jpg', 'tracer_mob_data/dist_signatures/SIGN97777Ql9Jst1_1415787593018.jpg', 'tracer_mob_data/runner_photos/IMG97777Ql9Jst1_1415787593018.jpg', '9848096377', '', 201, '2014-11-11 23:49:53'),
(75, 5, 5, 0, 0, 'tracer_mob_data/dist_photos/IMG86666M77fSGI_1415796961474.jpg', 'tracer_mob_data/dist_signatures/SIGN86666M77fSGI_1415796961474.jpg', 'tracer_mob_data/runner_photos/IMG86666M77fSGI_1415796961474.jpg', '9703541622', '', 209, '2014-11-12 02:26:01'),
(76, 30, 25, 5, 0, 'tracer_mob_data/dist_photos/IMG60999KGR5B7E_1415799228513.jpg', 'tracer_mob_data/dist_signatures/SIGN60999KGR5B7E_1415799228513.jpg', 'tracer_mob_data/runner_photos/IMG60999KGR5B7E_1415799228513.jpg', '9852089630', '', 210, '2014-11-12 03:03:48'),
(77, 5, 5, 0, 0, 'tracer_mob_data/dist_photos/IMG86666M77fSGI_1415799537818.jpg', 'tracer_mob_data/dist_signatures/SIGN86666M77fSGI_1415799537818.jpg', 'tracer_mob_data/runner_photos/IMG86666M77fSGI_1415799537818.jpg', '9703541622', '', 209, '2014-11-12 03:08:57'),
(78, 3, 0, 0, 0, 'tracer_mob_data/dist_photos/IMG50777h7BJNJc_1415800180408.jpg', 'tracer_mob_data/dist_signatures/SIGN50777h7BJNJc_1415800180408.jpg', 'tracer_mob_data/runner_photos/IMG50777h7BJNJc_1415800180408.jpg', '9703541622', '', 220, '2014-11-12 03:19:40'),
(79, 1, 0, 0, 0, 'tracer_mob_data/dist_photos/IMG50777h7BJNJc_1415800339185.jpg', 'tracer_mob_data/dist_signatures/SIGN50777h7BJNJc_1415800339185.jpg', 'tracer_mob_data/runner_photos/IMG50777h7BJNJc_1415800339185.jpg', '9703541622', '', 221, '2014-11-12 03:22:19'),
(80, 2, 2, 0, 0, 'tracer_mob_data/dist_photos/IMG077773B9IXNs_1415802224895.jpg', 'tracer_mob_data/dist_signatures/SIGN077773B9IXNs_1415802224895.jpg', 'tracer_mob_data/runner_photos/IMG077773B9IXNs_1415802224895.jpg', '9703541622', '', 222, '2014-11-12 03:53:44'),
(81, 5, 5, 0, 0, 'tracer_mob_data/dist_photos/IMG077773B9IXNs_1415803850956.jpg', 'tracer_mob_data/dist_signatures/SIGN077773B9IXNs_1415803850956.jpg', 'tracer_mob_data/runner_photos/IMG077773B9IXNs_1415803850956.jpg', '9703541622', '', 63, '2014-11-12 04:20:50'),
(82, 5, 5, 0, 0, 'tracer_mob_data/dist_photos/IMG077773B9IXNs_1415803942992.jpg', 'tracer_mob_data/dist_signatures/SIGN077773B9IXNs_1415803942992.jpg', 'tracer_mob_data/runner_photos/IMG077773B9IXNs_1415803942992.jpg', '9703541622', '', 63, '2014-11-12 04:22:22'),
(83, 5, 5, 0, 0, 'tracer_mob_data/dist_photos/IMG077773B9IXNs_1415803943030.jpg', 'tracer_mob_data/dist_signatures/SIGN077773B9IXNs_1415803943030.jpg', 'tracer_mob_data/runner_photos/IMG077773B9IXNs_1415803943030.jpg', '9703541622', '', 63, '2014-11-12 04:22:23'),
(84, 5, 5, 0, 0, 'tracer_mob_data/dist_photos/IMG077773B9IXNs_1415803943044.jpg', 'tracer_mob_data/dist_signatures/SIGN077773B9IXNs_1415803943044.jpg', 'tracer_mob_data/runner_photos/IMG077773B9IXNs_1415803943044.jpg', '9703541622', '', 63, '2014-11-12 04:22:23'),
(85, 5, 5, 0, 0, 'tracer_mob_data/dist_photos/IMG077773B9IXNs_1415804009334.jpg', 'tracer_mob_data/dist_signatures/SIGN077773B9IXNs_1415804009334.jpg', 'tracer_mob_data/runner_photos/IMG077773B9IXNs_1415804009334.jpg', '9703541622', '', 63, '2014-11-12 04:23:29'),
(86, 5, 5, 0, 0, 'tracer_mob_data/dist_photos/IMG077773B9IXNs_1415804009373.jpg', 'tracer_mob_data/dist_signatures/SIGN077773B9IXNs_1415804009373.jpg', 'tracer_mob_data/runner_photos/IMG077773B9IXNs_1415804009373.jpg', '9703541622', '', 63, '2014-11-12 04:23:29'),
(87, 5, 5, 0, 0, 'tracer_mob_data/dist_photos/IMG077773B9IXNs_1415804009467.jpg', 'tracer_mob_data/dist_signatures/SIGN077773B9IXNs_1415804009467.jpg', 'tracer_mob_data/runner_photos/IMG077773B9IXNs_1415804009467.jpg', '9703541622', '', 63, '2014-11-12 04:23:29'),
(88, 20, 15, 5, 0, 'tracer_mob_data/dist_photos/IMG60999KGR5B7E_1415804145056.jpg', 'tracer_mob_data/dist_signatures/SIGN60999KGR5B7E_1415804145056.jpg', 'tracer_mob_data/runner_photos/IMG60999KGR5B7E_1415804145056.jpg', '9848708434', '', 231, '2014-11-12 04:25:45'),
(89, 5, 5, 0, 0, 'tracer_mob_data/dist_photos/IMG077773B9IXNs_1415804506670.jpg', 'tracer_mob_data/dist_signatures/SIGN077773B9IXNs_1415804506670.jpg', 'tracer_mob_data/runner_photos/IMG077773B9IXNs_1415804506670.jpg', '9703541622', '', 63, '2014-11-12 04:31:46'),
(90, 5, 5, 0, 0, 'tracer_mob_data/dist_photos/IMG077773B9IXNs_1415804506728.jpg', 'tracer_mob_data/dist_signatures/SIGN077773B9IXNs_1415804506728.jpg', 'tracer_mob_data/runner_photos/IMG077773B9IXNs_1415804506728.jpg', '9703541622', '', 63, '2014-11-12 04:31:46'),
(91, 5, 5, 0, 0, 'tracer_mob_data/dist_photos/IMG077773B9IXNs_1415804506854.jpg', 'tracer_mob_data/dist_signatures/SIGN077773B9IXNs_1415804506854.jpg', 'tracer_mob_data/runner_photos/IMG077773B9IXNs_1415804506854.jpg', '9703541622', '', 63, '2014-11-12 04:31:46'),
(92, 5, 5, 0, 0, 'tracer_mob_data/dist_photos/IMG86666M77fSGI_1415804509288.jpg', 'tracer_mob_data/dist_signatures/SIGN86666M77fSGI_1415804509288.jpg', 'tracer_mob_data/runner_photos/IMG86666M77fSGI_1415804509288.jpg', '9703541622', '', 63, '2014-11-12 04:31:49'),
(93, 5, 5, 0, 0, 'tracer_mob_data/dist_photos/IMG86666M77fSGI_1415804509363.jpg', 'tracer_mob_data/dist_signatures/SIGN86666M77fSGI_1415804509363.jpg', 'tracer_mob_data/runner_photos/IMG86666M77fSGI_1415804509363.jpg', '9703541622', '', 63, '2014-11-12 04:31:49'),
(94, 5, 5, 0, 0, 'tracer_mob_data/dist_photos/IMG86666M77fSGI_1415804509539.jpg', 'tracer_mob_data/dist_signatures/SIGN86666M77fSGI_1415804509539.jpg', 'tracer_mob_data/runner_photos/IMG86666M77fSGI_1415804509539.jpg', '9703541622', '', 63, '2014-11-12 04:31:49'),
(95, 5, 5, 0, 0, 'tracer_mob_data/dist_photos/IMG50777h7BJNJc_1415804511864.jpg', 'tracer_mob_data/dist_signatures/SIGN50777h7BJNJc_1415804511864.jpg', 'tracer_mob_data/runner_photos/IMG50777h7BJNJc_1415804511864.jpg', '9703541622', '', 63, '2014-11-12 04:31:51'),
(96, 5, 5, 0, 0, 'tracer_mob_data/dist_photos/IMG50777h7BJNJc_1415804512041.jpg', 'tracer_mob_data/dist_signatures/SIGN50777h7BJNJc_1415804512041.jpg', 'tracer_mob_data/runner_photos/IMG50777h7BJNJc_1415804512041.jpg', '9703541622', '', 63, '2014-11-12 04:31:52'),
(97, 5, 5, 0, 0, 'tracer_mob_data/dist_photos/IMG50777h7BJNJc_1415804512179.jpg', 'tracer_mob_data/dist_signatures/SIGN50777h7BJNJc_1415804512179.jpg', 'tracer_mob_data/runner_photos/IMG50777h7BJNJc_1415804512179.jpg', '9703541622', '', 63, '2014-11-12 04:31:52'),
(98, 5, 5, 0, 0, 'tracer_mob_data/dist_photos/IMG077773B9IXNs_1415804574946.jpg', 'tracer_mob_data/dist_signatures/SIGN077773B9IXNs_1415804574946.jpg', 'tracer_mob_data/runner_photos/IMG077773B9IXNs_1415804574946.jpg', '9703541622', '', 63, '2014-11-12 04:32:54'),
(99, 5, 3, 3, 3, 'tracer_mob_data/dist_photos/IMG77777TkG56wh_1415805027378.jpg', 'tracer_mob_data/dist_signatures/SIGN77777TkG56wh_1415805027378.jpg', 'tracer_mob_data/runner_photos/IMG77777TkG56wh_1415805027378.jpg', '9999665555', '', 244, '2014-11-12 04:40:27'),
(100, 5, 5, 88, 8, 'tracer_mob_data/dist_photos/IMG77777TkG56wh_1415805080599.jpg', 'tracer_mob_data/dist_signatures/SIGN77777TkG56wh_1415805080599.jpg', 'tracer_mob_data/runner_photos/IMG77777TkG56wh_1415805080599.jpg', '8888856868', '', 245, '2014-11-12 04:41:20'),
(101, 5, 8, 8, 8, 'tracer_mob_data/dist_photos/IMG77777TkG56wh_1415805119801.jpg', 'tracer_mob_data/dist_signatures/SIGN77777TkG56wh_1415805119801.jpg', 'tracer_mob_data/runner_photos/IMG77777TkG56wh_1415805119801.jpg', '5386858585', '', 246, '2014-11-12 04:41:59'),
(102, 5, 5, 0, 0, 'tracer_mob_data/dist_photos/IMG077773B9IXNs_1415806711132.jpg', 'tracer_mob_data/dist_signatures/SIGN077773B9IXNs_1415806711132.jpg', 'tracer_mob_data/runner_photos/IMG077773B9IXNs_1415806711132.jpg', '9703541622', '', 63, '2014-11-12 05:08:31'),
(103, 5, 5, 0, 0, 'tracer_mob_data/dist_photos/IMG86666M77fSGI_1415806713503.jpg', 'tracer_mob_data/dist_signatures/SIGN86666M77fSGI_1415806713503.jpg', 'tracer_mob_data/runner_photos/IMG86666M77fSGI_1415806713503.jpg', '9703541622', '', 63, '2014-11-12 05:08:33'),
(104, 5, 5, 0, 0, 'tracer_mob_data/dist_photos/IMG50777h7BJNJc_1415806715866.jpg', 'tracer_mob_data/dist_signatures/SIGN50777h7BJNJc_1415806715866.jpg', 'tracer_mob_data/runner_photos/IMG50777h7BJNJc_1415806715866.jpg', '9703541622', '', 63, '2014-11-12 05:08:35'),
(105, 5, 5, 0, 0, 'tracer_mob_data/dist_photos/IMG077773B9IXNs_1415806778831.jpg', 'tracer_mob_data/dist_signatures/SIGN077773B9IXNs_1415806778831.jpg', 'tracer_mob_data/runner_photos/IMG077773B9IXNs_1415806778831.jpg', '9703541622', '', 63, '2014-11-12 05:09:38'),
(106, 4, 5, 5, 5, 'tracer_mob_data/dist_photos/IMG77777TkG56wh_1415810406495.jpg', 'tracer_mob_data/dist_signatures/SIGN77777TkG56wh_1415810406495.jpg', 'tracer_mob_data/runner_photos/IMG77777TkG56wh_1415810406495.jpg', '8898986898', '', 251, '2014-11-12 06:10:06'),
(107, 2, 2, 0, 0, 'tracer_mob_data/dist_photos/IMG07777gdWq8jU_1415870715846.jpg', 'tracer_mob_data/dist_signatures/SIGN07777gdWq8jU_1415870715846.jpg', 'tracer_mob_data/runner_photos/IMG07777gdWq8jU_1415870715846.jpg', '9703541622', '', 265, '2014-11-12 22:55:15'),
(108, 5, 5, 0, 0, 'tracer_mob_data/dist_photos/IMG07777gdWq8jU_1415873474278.jpg', 'tracer_mob_data/dist_signatures/SIGN07777gdWq8jU_1415873474278.jpg', 'tracer_mob_data/runner_photos/IMG07777gdWq8jU_1415873474278.jpg', '9703541622', '', 63, '2014-11-12 23:41:14'),
(109, 5, 5, 0, 0, 'tracer_mob_data/dist_photos/IMG07777gdWq8jU_1415873668529.jpg', 'tracer_mob_data/dist_signatures/SIGN07777gdWq8jU_1415873668529.jpg', 'tracer_mob_data/runner_photos/IMG07777gdWq8jU_1415873668529.jpg', '9703541622', '', 63, '2014-11-12 23:44:28'),
(110, 5, 5, 0, 0, 'tracer_mob_data/dist_photos/IMG07777gdWq8jU_1415874415493.jpg', 'tracer_mob_data/dist_signatures/SIGN07777gdWq8jU_1415874415493.jpg', 'tracer_mob_data/runner_photos/IMG07777gdWq8jU_1415874415493.jpg', '9703541622', '', 63, '2014-11-12 23:56:55'),
(111, 5, 5, 0, 0, 'tracer_mob_data/dist_photos/IMG07777gdWq8jU_1415874500705.jpg', 'tracer_mob_data/dist_signatures/SIGN07777gdWq8jU_1415874500705.jpg', 'tracer_mob_data/runner_photos/IMG07777gdWq8jU_1415874500705.jpg', '9703541622', '', 63, '2014-11-12 23:58:20'),
(112, 5, 5, 0, 0, 'tracer_mob_data/dist_photos/IMG07777gdWq8jU_1415874719667.jpg', 'tracer_mob_data/dist_signatures/SIGN07777gdWq8jU_1415874719667.jpg', 'tracer_mob_data/runner_photos/IMG07777gdWq8jU_1415874719667.jpg', '9703541622', '', 63, '2014-11-13 00:01:59'),
(113, 5, 5, 0, 0, 'tracer_mob_data/dist_photos/IMG07777gdWq8jU_1415875288779.jpg', 'tracer_mob_data/dist_signatures/SIGN07777gdWq8jU_1415875288779.jpg', 'tracer_mob_data/runner_photos/IMG07777gdWq8jU_1415875288779.jpg', '9703541622', '', 63, '2014-11-13 00:11:28'),
(114, 5, 5, 0, 0, 'tracer_mob_data/dist_photos/IMG07777gdWq8jU_1415877400459.jpg', 'tracer_mob_data/dist_signatures/SIGN07777gdWq8jU_1415877400459.jpg', 'tracer_mob_data/runner_photos/IMG07777gdWq8jU_1415877400459.jpg', '9703541622', '', 63, '2014-11-13 00:46:40'),
(115, 5, 5, 0, 0, 'tracer_mob_data/dist_photos/IMG07777gdWq8jU_1415878689898.jpg', 'tracer_mob_data/dist_signatures/SIGN07777gdWq8jU_1415878689898.jpg', 'tracer_mob_data/runner_photos/IMG07777gdWq8jU_1415878689898.jpg', '9703541622', '', 63, '2014-11-13 01:08:09'),
(116, 5, 5, 0, 0, 'tracer_mob_data/dist_photos/IMG07777gdWq8jU_1415880266102.jpg', 'tracer_mob_data/dist_signatures/SIGN07777gdWq8jU_1415880266102.jpg', 'tracer_mob_data/runner_photos/IMG07777gdWq8jU_1415880266102.jpg', '9703541622', '', 63, '2014-11-13 01:34:26'),
(117, 5, 5, 0, 0, 'tracer_mob_data/dist_photos/IMG07777gdWq8jU_1415883322327.jpg', 'tracer_mob_data/dist_signatures/SIGN07777gdWq8jU_1415883322327.jpg', 'tracer_mob_data/runner_photos/IMG07777gdWq8jU_1415883322327.jpg', '9703541622', '', 63, '2014-11-13 02:25:22'),
(118, 5, 5, 0, 0, 'tracer_mob_data/dist_photos/IMG07777gdWq8jU_1415883385955.jpg', 'tracer_mob_data/dist_signatures/SIGN07777gdWq8jU_1415883385955.jpg', 'tracer_mob_data/runner_photos/IMG07777gdWq8jU_1415883385955.jpg', '9703541622', '', 63, '2014-11-13 02:26:25'),
(119, 5, 5, 0, 0, 'tracer_mob_data/dist_photos/IMG07777gdWq8jU_1415884337477.jpg', 'tracer_mob_data/dist_signatures/SIGN07777gdWq8jU_1415884337477.jpg', 'tracer_mob_data/runner_photos/IMG07777gdWq8jU_1415884337477.jpg', '9703541622', '', 63, '2014-11-13 02:42:17'),
(120, 5, 5, 0, 0, 'tracer_mob_data/dist_photos/IMG07777gdWq8jU_1415884421987.jpg', 'tracer_mob_data/dist_signatures/SIGN07777gdWq8jU_1415884421987.jpg', 'tracer_mob_data/runner_photos/IMG07777gdWq8jU_1415884421987.jpg', '9703541622', '', 63, '2014-11-13 02:43:41'),
(121, 5, 5, 0, 0, 'tracer_mob_data/dist_photos/IMG07777gdWq8jU_1415884483748.jpg', 'tracer_mob_data/dist_signatures/SIGN07777gdWq8jU_1415884483748.jpg', 'tracer_mob_data/runner_photos/IMG07777gdWq8jU_1415884483748.jpg', '9703541622', '', 63, '2014-11-13 02:44:43'),
(122, 5, 5, 0, 0, 'tracer_mob_data/dist_photos/IMG07777gdWq8jU_1415884806540.jpg', 'tracer_mob_data/dist_signatures/SIGN07777gdWq8jU_1415884806540.jpg', 'tracer_mob_data/runner_photos/IMG07777gdWq8jU_1415884806540.jpg', '9703541622', '', 1, '2014-11-13 02:50:06'),
(123, 5, 5, 0, 0, 'tracer_mob_data/dist_photos/IMG07777gdWq8jU_1415884870499.jpg', 'tracer_mob_data/dist_signatures/SIGN07777gdWq8jU_1415884870499.jpg', 'tracer_mob_data/runner_photos/IMG07777gdWq8jU_1415884870499.jpg', '9703541622', '', 1, '2014-11-13 02:51:10'),
(124, 5, 5, 0, 0, 'tracer_mob_data/dist_photos/IMG07777gdWq8jU_1415885749916.jpg', 'tracer_mob_data/dist_signatures/SIGN07777gdWq8jU_1415885749916.jpg', 'tracer_mob_data/runner_photos/IMG07777gdWq8jU_1415885749916.jpg', '9703541622', '', 1, '2014-11-13 03:05:49'),
(125, 5, 5, 0, 0, 'tracer_mob_data/dist_photos/IMG07777gdWq8jU_1415885813127.jpg', 'tracer_mob_data/dist_signatures/SIGN07777gdWq8jU_1415885813127.jpg', 'tracer_mob_data/runner_photos/IMG07777gdWq8jU_1415885813127.jpg', '9703541622', '', 1, '2014-11-13 03:06:53'),
(126, 349, 976, 973, 967, 'tracer_mob_data/dist_photos/IMG97777jE9h509_1415887152482.jpg', 'tracer_mob_data/dist_signatures/SIGN97777jE9h509_1415887152482.jpg', 'tracer_mob_data/runner_photos/IMG97777jE9h509_1415887152482.jpg', '9494946949', '', 303, '2014-11-13 03:29:12'),
(127, 39, 0, 0, 0, 'tracer_mob_data/dist_photos/IMG97777jE9h509_1415887211128.jpg', 'tracer_mob_data/dist_signatures/SIGN97777jE9h509_1415887211128.jpg', 'tracer_mob_data/runner_photos/IMG97777jE9h509_1415887211128.jpg', '6464646565', '', 304, '2014-11-13 03:30:11'),
(128, 568, 859, 858, 985, 'tracer_mob_data/dist_photos/IMG97777jE9h509_1415889099583.jpg', 'tracer_mob_data/dist_signatures/SIGN97777jE9h509_1415889099583.jpg', 'tracer_mob_data/runner_photos/IMG97777jE9h509_1415889099583.jpg', '6986525689', '', 307, '2014-11-13 04:01:39'),
(129, 568, 859, 858, 985, 'tracer_mob_data/dist_photos/IMG97777jE9h509_1415889613672.jpg', 'tracer_mob_data/dist_signatures/SIGN97777jE9h509_1415889613672.jpg', 'tracer_mob_data/runner_photos/IMG97777jE9h509_1415889613672.jpg', '6986525689', '', 307, '2014-11-13 04:10:13'),
(130, 20, 15, 5, 0, 'tracer_mob_data/dist_photos/IMG76666UYQwPRT_1415889704094.jpg', 'tracer_mob_data/dist_signatures/SIGN76666UYQwPRT_1415889704094.jpg', 'tracer_mob_data/runner_photos/IMG76666UYQwPRT_1415889704094.jpg', '9848098480', '', 312, '2014-11-13 04:11:44'),
(131, 1, 585, 685, 857, 'tracer_mob_data/dist_photos/IMG00999aEA8EtH_1415897941699.jpg', 'tracer_mob_data/dist_signatures/SIGN00999aEA8EtH_1415897941699.jpg', 'tracer_mob_data/runner_photos/IMG00999aEA8EtH_1415897941699.jpg', '8686755685', '', 315, '2014-11-13 06:29:01'),
(132, 1, 585, 685, 857, 'tracer_mob_data/dist_photos/IMG00999aEA8EtH_1415898453479.jpg', 'tracer_mob_data/dist_signatures/SIGN00999aEA8EtH_1415898453479.jpg', 'tracer_mob_data/runner_photos/IMG00999aEA8EtH_1415898453479.jpg', '8686755685', '', 315, '2014-11-13 06:37:33'),
(133, 349, 976, 973, 967, 'tracer_mob_data/dist_photos/IMG97777jE9h509_1415899456667.jpg', 'tracer_mob_data/dist_signatures/SIGN97777jE9h509_1415899456667.jpg', 'tracer_mob_data/runner_photos/IMG97777jE9h509_1415899456667.jpg', '9494946949', '', 303, '2014-11-13 06:54:16'),
(134, 39, 0, 0, 0, 'tracer_mob_data/dist_photos/IMG97777jE9h509_1415899461549.jpg', 'tracer_mob_data/dist_signatures/SIGN97777jE9h509_1415899461549.jpg', 'tracer_mob_data/runner_photos/IMG97777jE9h509_1415899461549.jpg', '6464646565', '', 304, '2014-11-13 06:54:21'),
(135, 349, 976, 973, 967, 'tracer_mob_data/dist_photos/IMG97777jE9h509_1415902877548.jpg', 'tracer_mob_data/dist_signatures/SIGN97777jE9h509_1415902877548.jpg', 'tracer_mob_data/runner_photos/IMG97777jE9h509_1415902877548.jpg', '9494946949', '', 303, '2014-11-13 07:51:17'),
(136, 39, 0, 0, 0, 'tracer_mob_data/dist_photos/IMG97777jE9h509_1415902883703.jpg', 'tracer_mob_data/dist_signatures/SIGN97777jE9h509_1415902883703.jpg', 'tracer_mob_data/runner_photos/IMG97777jE9h509_1415902883703.jpg', '6464646565', '', 304, '2014-11-13 07:51:23'),
(137, 349, 976, 973, 967, 'tracer_mob_data/dist_photos/IMG97777jE9h509_1415903286110.jpg', 'tracer_mob_data/dist_signatures/SIGN97777jE9h509_1415903286110.jpg', 'tracer_mob_data/runner_photos/IMG97777jE9h509_1415903286110.jpg', '9494946949', '', 303, '2014-11-13 07:58:06'),
(138, 39, 0, 0, 0, 'tracer_mob_data/dist_photos/IMG97777jE9h509_1415903289299.jpg', 'tracer_mob_data/dist_signatures/SIGN97777jE9h509_1415903289299.jpg', 'tracer_mob_data/runner_photos/IMG97777jE9h509_1415903289299.jpg', '6464646565', '', 304, '2014-11-13 07:58:09'),
(139, 349, 976, 973, 967, 'tracer_mob_data/dist_photos/IMG97777jE9h509_1415903864827.jpg', 'tracer_mob_data/dist_signatures/SIGN97777jE9h509_1415903864827.jpg', 'tracer_mob_data/runner_photos/IMG97777jE9h509_1415903864827.jpg', '9494946949', '', 303, '2014-11-13 08:07:44'),
(140, 39, 0, 0, 0, 'tracer_mob_data/dist_photos/IMG97777jE9h509_1415903867804.jpg', 'tracer_mob_data/dist_signatures/SIGN97777jE9h509_1415903867804.jpg', 'tracer_mob_data/runner_photos/IMG97777jE9h509_1415903867804.jpg', '6464646565', '', 304, '2014-11-13 08:07:47'),
(141, 20, 15, 3, 2, 'tracer_mob_data/dist_photos/IMG166664TaNsvO_1415960499953.jpg', 'tracer_mob_data/dist_signatures/SIGN166664TaNsvO_1415960499953.jpg', 'tracer_mob_data/runner_photos/IMG166664TaNsvO_1415960499953.jpg', '9848078451', '', 325, '2014-11-13 23:51:39'),
(142, 10, 5, 4, 1, 'tracer_mob_data/dist_photos/IMG977770DKX0fA_1415960631421.jpg', 'tracer_mob_data/dist_signatures/SIGN977770DKX0fA_1415960631421.jpg', 'tracer_mob_data/runner_photos/IMG977770DKX0fA_1415960631421.jpg', '9568327468', '', 326, '2014-11-13 23:53:51'),
(143, 678, 576, 585, 468, 'tracer_mob_data/dist_photos/IMG00999Rqq5KSB_1415960935576.jpg', 'tracer_mob_data/dist_signatures/SIGN00999Rqq5KSB_1415960935576.jpg', 'tracer_mob_data/runner_photos/IMG00999Rqq5KSB_1415960935576.jpg', '8865246895', '', 329, '2014-11-13 23:58:55'),
(144, 657, 572, 898, 868, 'tracer_mob_data/dist_photos/IMG00999Rqq5KSB_1415960970441.jpg', 'tracer_mob_data/dist_signatures/SIGN00999Rqq5KSB_1415960970441.jpg', 'tracer_mob_data/runner_photos/IMG00999Rqq5KSB_1415960970441.jpg', '8686722798', '', 330, '2014-11-13 23:59:30'),
(145, 327, 657, 567, 557, 'tracer_mob_data/dist_photos/IMG00999Rqq5KSB_1415961000090.jpg', 'tracer_mob_data/dist_signatures/SIGN00999Rqq5KSB_1415961000090.jpg', 'tracer_mob_data/runner_photos/IMG00999Rqq5KSB_1415961000090.jpg', '6972737557', '', 331, '2014-11-14 00:00:00'),
(146, 678, 576, 585, 468, 'tracer_mob_data/dist_photos/IMG00999Rqq5KSB_1415961147132.jpg', 'tracer_mob_data/dist_signatures/SIGN00999Rqq5KSB_1415961147132.jpg', 'tracer_mob_data/runner_photos/IMG00999Rqq5KSB_1415961147132.jpg', '8865246895', '', 329, '2014-11-14 00:02:27'),
(147, 657, 572, 898, 868, 'tracer_mob_data/dist_photos/IMG00999Rqq5KSB_1415961148573.jpg', 'tracer_mob_data/dist_signatures/SIGN00999Rqq5KSB_1415961148573.jpg', 'tracer_mob_data/runner_photos/IMG00999Rqq5KSB_1415961148573.jpg', '8686722798', '', 330, '2014-11-14 00:02:28'),
(148, 327, 657, 567, 557, 'tracer_mob_data/dist_photos/IMG00999Rqq5KSB_1415961150010.jpg', 'tracer_mob_data/dist_signatures/SIGN00999Rqq5KSB_1415961150010.jpg', 'tracer_mob_data/runner_photos/IMG00999Rqq5KSB_1415961150010.jpg', '6972737557', '', 331, '2014-11-14 00:02:30'),
(149, 15, 7, 7, 1, 'tracer_mob_data/dist_photos/IMG977770DKX0fA_1415961224693.jpg', 'tracer_mob_data/dist_signatures/SIGN977770DKX0fA_1415961224693.jpg', 'tracer_mob_data/runner_photos/IMG977770DKX0fA_1415961224693.jpg', '4648405786', '', 335, '2014-11-14 00:03:44'),
(150, 678, 576, 585, 468, 'tracer_mob_data/dist_photos/IMG00999Rqq5KSB_1415961517061.jpg', 'tracer_mob_data/dist_signatures/SIGN00999Rqq5KSB_1415961517061.jpg', 'tracer_mob_data/runner_photos/IMG00999Rqq5KSB_1415961517061.jpg', '8865246895', '', 329, '2014-11-14 00:08:37'),
(151, 678, 576, 585, 468, 'tracer_mob_data/dist_photos/IMG00999Rqq5KSB_1415961557870.jpg', 'tracer_mob_data/dist_signatures/SIGN00999Rqq5KSB_1415961557870.jpg', 'tracer_mob_data/runner_photos/IMG00999Rqq5KSB_1415961557870.jpg', '8865246895', '', 329, '2014-11-14 00:09:17'),
(152, 327, 657, 567, 557, 'tracer_mob_data/dist_photos/IMG00999Rqq5KSB_1415961658231.jpg', 'tracer_mob_data/dist_signatures/SIGN00999Rqq5KSB_1415961658231.jpg', 'tracer_mob_data/runner_photos/IMG00999Rqq5KSB_1415961658231.jpg', '6972737557', '', 331, '2014-11-14 00:10:58'),
(153, 327, 657, 567, 557, 'tracer_mob_data/dist_photos/IMG00999Rqq5KSB_1415961664061.jpg', 'tracer_mob_data/dist_signatures/SIGN00999Rqq5KSB_1415961664061.jpg', 'tracer_mob_data/runner_photos/IMG00999Rqq5KSB_1415961664061.jpg', '6972737557', '', 331, '2014-11-14 00:11:04'),
(154, 18, 15, 3, 0, 'tracer_mob_data/dist_photos/IMG977770DKX0fA_1415961771800.jpg', 'tracer_mob_data/dist_signatures/SIGN977770DKX0fA_1415961771800.jpg', 'tracer_mob_data/runner_photos/IMG977770DKX0fA_1415961771800.jpg', '6434842464', '', 358, '2014-11-14 00:12:51'),
(155, 678, 576, 585, 468, 'tracer_mob_data/dist_photos/IMG00999Rqq5KSB_1415962325686.jpg', 'tracer_mob_data/dist_signatures/SIGN00999Rqq5KSB_1415962325686.jpg', 'tracer_mob_data/runner_photos/IMG00999Rqq5KSB_1415962325686.jpg', '8865246895', '', 329, '2014-11-14 00:22:05'),
(156, 657, 572, 898, 868, 'tracer_mob_data/dist_photos/IMG00999Rqq5KSB_1415962326815.jpg', 'tracer_mob_data/dist_signatures/SIGN00999Rqq5KSB_1415962326815.jpg', 'tracer_mob_data/runner_photos/IMG00999Rqq5KSB_1415962326815.jpg', '8686722798', '', 330, '2014-11-14 00:22:06'),
(157, 327, 657, 567, 557, 'tracer_mob_data/dist_photos/IMG00999Rqq5KSB_1415962329658.jpg', 'tracer_mob_data/dist_signatures/SIGN00999Rqq5KSB_1415962329658.jpg', 'tracer_mob_data/runner_photos/IMG00999Rqq5KSB_1415962329658.jpg', '6972737557', '', 331, '2014-11-14 00:22:09'),
(158, 678, 576, 585, 468, 'tracer_mob_data/dist_photos/IMG00999Rqq5KSB_1415962593156.jpg', 'tracer_mob_data/dist_signatures/SIGN00999Rqq5KSB_1415962593156.jpg', 'tracer_mob_data/runner_photos/IMG00999Rqq5KSB_1415962593156.jpg', '8865246895', '', 329, '2014-11-14 00:26:33'),
(159, 657, 572, 898, 868, 'tracer_mob_data/dist_photos/IMG00999Rqq5KSB_1415962630801.jpg', 'tracer_mob_data/dist_signatures/SIGN00999Rqq5KSB_1415962630801.jpg', 'tracer_mob_data/runner_photos/IMG00999Rqq5KSB_1415962630801.jpg', '8686722798', '', 330, '2014-11-14 00:27:10'),
(160, 327, 657, 567, 557, 'tracer_mob_data/dist_photos/IMG00999Rqq5KSB_1415962660426.jpg', 'tracer_mob_data/dist_signatures/SIGN00999Rqq5KSB_1415962660426.jpg', 'tracer_mob_data/runner_photos/IMG00999Rqq5KSB_1415962660426.jpg', '6972737557', '', 331, '2014-11-14 00:27:40'),
(161, 30, 25, 0, 5, 'tracer_mob_data/dist_photos/IMG977770DKX0fA_1415963112819.jpg', 'tracer_mob_data/dist_signatures/SIGN977770DKX0fA_1415963112819.jpg', 'tracer_mob_data/runner_photos/IMG977770DKX0fA_1415963112819.jpg', '6487549194', '', 365, '2014-11-14 00:35:12'),
(162, 858, 887, 575, 857, 'tracer_mob_data/dist_photos/IMG00999Rqq5KSB_1415964438071.jpg', 'tracer_mob_data/dist_signatures/SIGN00999Rqq5KSB_1415964438071.jpg', 'tracer_mob_data/runner_photos/IMG00999Rqq5KSB_1415964438071.jpg', '8875568842', '', 366, '2014-11-14 00:57:18'),
(163, 546, 557, 876, 865, 'tracer_mob_data/dist_photos/IMG00999Rqq5KSB_1415965007696.jpg', 'tracer_mob_data/dist_signatures/SIGN00999Rqq5KSB_1415965007696.jpg', 'tracer_mob_data/runner_photos/IMG00999Rqq5KSB_1415965007696.jpg', '8657324868', '', 367, '2014-11-14 01:06:47'),
(164, 673, 657, 5, 857, 'tracer_mob_data/dist_photos/IMG00999Rqq5KSB_1415965035014.jpg', 'tracer_mob_data/dist_signatures/SIGN00999Rqq5KSB_1415965035014.jpg', 'tracer_mob_data/runner_photos/IMG00999Rqq5KSB_1415965035014.jpg', '5764573466', '', 368, '2014-11-14 01:07:15'),
(165, 572, 0, 8, 86, 'tracer_mob_data/dist_photos/IMG00999Rqq5KSB_1415965604429.jpg', 'tracer_mob_data/dist_signatures/SIGN00999Rqq5KSB_1415965604429.jpg', 'tracer_mob_data/runner_photos/IMG00999Rqq5KSB_1415965604429.jpg', '4508450120', '', 369, '2014-11-14 01:16:44'),
(166, 25, 20, 0, 5, 'tracer_mob_data/dist_photos/IMG166664TaNsvO_1415969678733.jpg', 'tracer_mob_data/dist_signatures/SIGN166664TaNsvO_1415969678733.jpg', 'tracer_mob_data/runner_photos/IMG166664TaNsvO_1415969678733.jpg', '9845424646', '', 370, '2014-11-14 02:24:38'),
(167, 678, 576, 585, 468, 'tracer_mob_data/dist_photos/IMG00999Rqq5KSB_1415969717842.jpg', 'tracer_mob_data/dist_signatures/SIGN00999Rqq5KSB_1415969717842.jpg', 'tracer_mob_data/runner_photos/IMG00999Rqq5KSB_1415969717842.jpg', '8865246895', '', 329, '2014-11-14 02:25:17'),
(168, 657, 572, 898, 868, 'tracer_mob_data/dist_photos/IMG00999Rqq5KSB_1415969719241.jpg', 'tracer_mob_data/dist_signatures/SIGN00999Rqq5KSB_1415969719241.jpg', 'tracer_mob_data/runner_photos/IMG00999Rqq5KSB_1415969719241.jpg', '8686722798', '', 330, '2014-11-14 02:25:19'),
(169, 327, 657, 567, 557, 'tracer_mob_data/dist_photos/IMG00999Rqq5KSB_1415969720701.jpg', 'tracer_mob_data/dist_signatures/SIGN00999Rqq5KSB_1415969720701.jpg', 'tracer_mob_data/runner_photos/IMG00999Rqq5KSB_1415969720701.jpg', '6972737557', '', 331, '2014-11-14 02:25:20'),
(170, 678, 576, 585, 468, 'tracer_mob_data/dist_photos/IMG00999Rqq5KSB_1415969809478.jpg', 'tracer_mob_data/dist_signatures/SIGN00999Rqq5KSB_1415969809478.jpg', 'tracer_mob_data/runner_photos/IMG00999Rqq5KSB_1415969809478.jpg', '8865246895', '', 329, '2014-11-14 02:26:49'),
(171, 657, 572, 898, 868, 'tracer_mob_data/dist_photos/IMG00999Rqq5KSB_1415969811848.jpg', 'tracer_mob_data/dist_signatures/SIGN00999Rqq5KSB_1415969811848.jpg', 'tracer_mob_data/runner_photos/IMG00999Rqq5KSB_1415969811848.jpg', '8686722798', '', 330, '2014-11-14 02:26:51'),
(172, 327, 657, 567, 557, 'tracer_mob_data/dist_photos/IMG00999Rqq5KSB_1415969813848.jpg', 'tracer_mob_data/dist_signatures/SIGN00999Rqq5KSB_1415969813848.jpg', 'tracer_mob_data/runner_photos/IMG00999Rqq5KSB_1415969813848.jpg', '6972737557', '', 331, '2014-11-14 02:26:53'),
(173, 678, 576, 585, 468, 'tracer_mob_data/dist_photos/IMG00999Rqq5KSB_1415970282996.jpg', 'tracer_mob_data/dist_signatures/SIGN00999Rqq5KSB_1415970282996.jpg', 'tracer_mob_data/runner_photos/IMG00999Rqq5KSB_1415970282996.jpg', '8865246895', '', 329, '2014-11-14 02:34:42'),
(174, 657, 572, 898, 868, 'tracer_mob_data/dist_photos/IMG00999Rqq5KSB_1415970320759.jpg', 'tracer_mob_data/dist_signatures/SIGN00999Rqq5KSB_1415970320759.jpg', 'tracer_mob_data/runner_photos/IMG00999Rqq5KSB_1415970320759.jpg', '8686722798', '', 330, '2014-11-14 02:35:20'),
(175, 327, 657, 567, 557, 'tracer_mob_data/dist_photos/IMG00999Rqq5KSB_1415970350447.jpg', 'tracer_mob_data/dist_signatures/SIGN00999Rqq5KSB_1415970350447.jpg', 'tracer_mob_data/runner_photos/IMG00999Rqq5KSB_1415970350447.jpg', '6972737557', '', 331, '2014-11-14 02:35:50'),
(176, 678, 576, 585, 468, 'tracer_mob_data/dist_photos/IMG00999Rqq5KSB_1415970796432.jpg', 'tracer_mob_data/dist_signatures/SIGN00999Rqq5KSB_1415970796432.jpg', 'tracer_mob_data/runner_photos/IMG00999Rqq5KSB_1415970796432.jpg', '8865246895', '', 329, '2014-11-14 02:43:16'),
(177, 657, 572, 898, 868, 'tracer_mob_data/dist_photos/IMG00999Rqq5KSB_1415970873468.jpg', 'tracer_mob_data/dist_signatures/SIGN00999Rqq5KSB_1415970873468.jpg', 'tracer_mob_data/runner_photos/IMG00999Rqq5KSB_1415970873468.jpg', '8686722798', '', 330, '2014-11-14 02:44:33'),
(178, 327, 657, 567, 557, 'tracer_mob_data/dist_photos/IMG00999Rqq5KSB_1415970903118.jpg', 'tracer_mob_data/dist_signatures/SIGN00999Rqq5KSB_1415970903118.jpg', 'tracer_mob_data/runner_photos/IMG00999Rqq5KSB_1415970903118.jpg', '6972737557', '', 331, '2014-11-14 02:45:03'),
(179, 678, 576, 585, 468, 'tracer_mob_data/dist_photos/IMG00999Rqq5KSB_1415971687498.jpg', 'tracer_mob_data/dist_signatures/SIGN00999Rqq5KSB_1415971687498.jpg', 'tracer_mob_data/runner_photos/IMG00999Rqq5KSB_1415971687498.jpg', '8865246895', '', 329, '2014-11-14 02:58:07'),
(180, 657, 572, 898, 868, 'tracer_mob_data/dist_photos/IMG00999Rqq5KSB_1415971690388.jpg', 'tracer_mob_data/dist_signatures/SIGN00999Rqq5KSB_1415971690388.jpg', 'tracer_mob_data/runner_photos/IMG00999Rqq5KSB_1415971690388.jpg', '8686722798', '', 330, '2014-11-14 02:58:10'),
(181, 327, 657, 567, 557, 'tracer_mob_data/dist_photos/IMG00999Rqq5KSB_1415971691753.jpg', 'tracer_mob_data/dist_signatures/SIGN00999Rqq5KSB_1415971691753.jpg', 'tracer_mob_data/runner_photos/IMG00999Rqq5KSB_1415971691753.jpg', '6972737557', '', 331, '2014-11-14 02:58:11'),
(182, 25, 22, 3, 1, 'tracer_mob_data/dist_photos/IMG977770DKX0fA_1415971831157.jpg', 'tracer_mob_data/dist_signatures/SIGN977770DKX0fA_1415971831157.jpg', 'tracer_mob_data/runner_photos/IMG977770DKX0fA_1415971831157.jpg', '9854346451', '', 389, '2014-11-14 03:00:31'),
(183, 15, 14, 1, 0, 'tracer_mob_data/dist_photos/IMG79999y5niDZ7_1415977869389.jpg', 'tracer_mob_data/dist_signatures/SIGN79999y5niDZ7_1415977869389.jpg', 'tracer_mob_data/runner_photos/IMG79999y5niDZ7_1415977869389.jpg', '9464883464', '', 390, '2014-11-14 04:41:09'),
(184, 12, 10, 1, 1, 'tracer_mob_data/dist_photos/IMG79999y5niDZ7_1415978435991.jpg', 'tracer_mob_data/dist_signatures/SIGN79999y5niDZ7_1415978435991.jpg', 'tracer_mob_data/runner_photos/IMG79999y5niDZ7_1415978435991.jpg', '6464846491', '', 391, '2014-11-14 04:50:35'),
(185, 678, 576, 585, 468, 'tracer_mob_data/dist_photos/IMG00999Rqq5KSB_1415980227623.jpg', 'tracer_mob_data/dist_signatures/SIGN00999Rqq5KSB_1415980227623.jpg', 'tracer_mob_data/runner_photos/IMG00999Rqq5KSB_1415980227623.jpg', '8865246895', '', 329, '2014-11-14 05:20:27'),
(186, 657, 572, 898, 868, 'tracer_mob_data/dist_photos/IMG00999Rqq5KSB_1415980231188.jpg', 'tracer_mob_data/dist_signatures/SIGN00999Rqq5KSB_1415980231188.jpg', 'tracer_mob_data/runner_photos/IMG00999Rqq5KSB_1415980231188.jpg', '8686722798', '', 330, '2014-11-14 05:20:31');
INSERT INTO `caf_collection_details` (`caf_collection_id`, `total_caf_count`, `accepted_caf_count`, `rejected_caf_count`, `returned_caf_count`, `distributor_photo_path`, `dstributor_sign_path`, `runner_photo_path`, `caf_provider_mob_num`, `remarks`, `runner_visit_id`, `date_time`) VALUES
(187, 327, 657, 567, 557, 'tracer_mob_data/dist_photos/IMG00999Rqq5KSB_1415980232625.jpg', 'tracer_mob_data/dist_signatures/SIGN00999Rqq5KSB_1415980232625.jpg', 'tracer_mob_data/runner_photos/IMG00999Rqq5KSB_1415980232625.jpg', '6972737557', '', 331, '2014-11-14 05:20:32'),
(188, 3, 66, 6, 6, 'tracer_mob_data/dist_photos/IMG77777IdZWLZM_1416216471986.jpg', 'tracer_mob_data/dist_signatures/SIGN77777IdZWLZM_1416216471986.jpg', 'tracer_mob_data/runner_photos/IMG77777IdZWLZM_1416216471986.jpg', '2580880505', '', 395, '2014-11-16 22:57:51'),
(189, 20, 15, 3, 2, 'tracer_mob_data/dist_photos/IMG79999eBZiVyf_1416216710165.jpg', 'tracer_mob_data/dist_signatures/SIGN79999eBZiVyf_1416216710165.jpg', 'tracer_mob_data/runner_photos/IMG79999eBZiVyf_1416216710165.jpg', '9855175156', '', 396, '2014-11-16 23:01:50'),
(190, 10, 5, 7, 2, 'tracer_mob_data/dist_photos/IMG79999eBZiVyf_1416216773929.jpg', 'tracer_mob_data/dist_signatures/SIGN79999eBZiVyf_1416216773929.jpg', 'tracer_mob_data/runner_photos/IMG79999eBZiVyf_1416216773929.jpg', '9434646846', '', 397, '2014-11-16 23:02:53'),
(191, 20, 10, 5, 5, 'tracer_mob_data/dist_photos/IMG223697w8PZHk_1416235301746.jpg', 'tracer_mob_data/dist_signatures/SIGN223697w8PZHk_1416235301746.jpg', 'tracer_mob_data/runner_photos/IMG223697w8PZHk_1416235301746.jpg', '6434946878', '', 399, '2014-11-17 04:11:41'),
(192, 5, 5, 5, 5, 'tracer_mob_data/dist_photos/IMG77777IdZWLZM_1416235659333.jpg', 'tracer_mob_data/dist_signatures/SIGN77777IdZWLZM_1416235659333.jpg', 'tracer_mob_data/runner_photos/IMG77777IdZWLZM_1416235659333.jpg', '5525535555', '', 400, '2014-11-17 04:17:39'),
(193, 3, 3, 0, 0, 'tracer_mob_data/dist_photos/IMG02369BrKrZ2d_1416235824823.jpg', 'tracer_mob_data/dist_signatures/SIGN02369BrKrZ2d_1416235824823.jpg', 'tracer_mob_data/runner_photos/IMG02369BrKrZ2d_1416235824823.jpg', '9703541622', '', 401, '2014-11-17 04:20:24'),
(194, 4, 4, 0, 0, 'tracer_mob_data/dist_photos/IMG02369BrKrZ2d_1416236667145.jpg', 'tracer_mob_data/dist_signatures/SIGN02369BrKrZ2d_1416236667145.jpg', 'tracer_mob_data/runner_photos/IMG02369BrKrZ2d_1416236667145.jpg', '9703541622', '', 403, '2014-11-17 04:34:27'),
(195, 5, 5, 0, 0, 'tracer_mob_data/dist_photos/IMG02369BrKrZ2d_1416237094854.jpg', 'tracer_mob_data/dist_signatures/SIGN02369BrKrZ2d_1416237094854.jpg', 'tracer_mob_data/runner_photos/IMG02369BrKrZ2d_1416237094854.jpg', '9703541622', '', 404, '2014-11-17 04:41:34'),
(196, 30, 20, 5, 5, 'tracer_mob_data/dist_photos/IMG223697w8PZHk_1416237308519.jpg', 'tracer_mob_data/dist_signatures/SIGN223697w8PZHk_1416237308519.jpg', 'tracer_mob_data/runner_photos/IMG223697w8PZHk_1416237308519.jpg', '9536346434', '', 405, '2014-11-17 04:45:08'),
(197, 6, 6, 0, 0, 'tracer_mob_data/dist_photos/IMG02369BrKrZ2d_1416237368455.jpg', 'tracer_mob_data/dist_signatures/SIGN02369BrKrZ2d_1416237368455.jpg', 'tracer_mob_data/runner_photos/IMG02369BrKrZ2d_1416237368455.jpg', '9642009873', '', 406, '2014-11-17 04:46:08'),
(198, 7, 7, 0, 0, 'tracer_mob_data/dist_photos/IMG02369BrKrZ2d_1416237734670.jpg', 'tracer_mob_data/dist_signatures/SIGN02369BrKrZ2d_1416237734670.jpg', 'tracer_mob_data/runner_photos/IMG02369BrKrZ2d_1416237734670.jpg', '9642009873', '', 407, '2014-11-17 04:52:14'),
(199, 40, 30, 5, 5, 'tracer_mob_data/dist_photos/IMG223697w8PZHk_1416237800385.jpg', 'tracer_mob_data/dist_signatures/SIGN223697w8PZHk_1416237800385.jpg', 'tracer_mob_data/runner_photos/IMG223697w8PZHk_1416237800385.jpg', '6437873484', '', 408, '2014-11-17 04:53:20'),
(200, 8, 8, 0, 0, 'tracer_mob_data/dist_photos/IMG02369BrKrZ2d_1416237828464.jpg', 'tracer_mob_data/dist_signatures/SIGN02369BrKrZ2d_1416237828464.jpg', 'tracer_mob_data/runner_photos/IMG02369BrKrZ2d_1416237828464.jpg', '9703541622', '', 409, '2014-11-17 04:53:48'),
(201, 9, 9, 0, 0, 'tracer_mob_data/dist_photos/IMG02369BrKrZ2d_1416238189892.jpg', 'tracer_mob_data/dist_signatures/SIGN02369BrKrZ2d_1416238189892.jpg', 'tracer_mob_data/runner_photos/IMG02369BrKrZ2d_1416238189892.jpg', '9703541622', '', 410, '2014-11-17 04:59:49'),
(202, 35, 30, 5, 0, 'tracer_mob_data/dist_photos/IMG223697w8PZHk_1416238235522.jpg', 'tracer_mob_data/dist_signatures/SIGN223697w8PZHk_1416238235522.jpg', 'tracer_mob_data/runner_photos/IMG223697w8PZHk_1416238235522.jpg', '6734943153', '', 411, '2014-11-17 05:00:35'),
(203, 10, 10, 0, 0, 'tracer_mob_data/dist_photos/IMG02369BrKrZ2d_1416238305264.jpg', 'tracer_mob_data/dist_signatures/SIGN02369BrKrZ2d_1416238305264.jpg', 'tracer_mob_data/runner_photos/IMG02369BrKrZ2d_1416238305264.jpg', '9642009873', '', 412, '2014-11-17 05:01:45'),
(204, 11, 11, 0, 0, 'tracer_mob_data/dist_photos/IMG02369BrKrZ2d_1416238643940.jpg', 'tracer_mob_data/dist_signatures/SIGN02369BrKrZ2d_1416238643940.jpg', 'tracer_mob_data/runner_photos/IMG02369BrKrZ2d_1416238643940.jpg', '9703541622', '', 413, '2014-11-17 05:07:23'),
(205, 25, 15, 5, 5, 'tracer_mob_data/dist_photos/IMG223697w8PZHk_1416238756072.jpg', 'tracer_mob_data/dist_signatures/SIGN223697w8PZHk_1416238756072.jpg', 'tracer_mob_data/runner_photos/IMG223697w8PZHk_1416238756072.jpg', '6435531946', '', 414, '2014-11-17 05:09:16'),
(206, 12, 12, 0, 0, 'tracer_mob_data/dist_photos/IMG02369BrKrZ2d_1416238817029.jpg', 'tracer_mob_data/dist_signatures/SIGN02369BrKrZ2d_1416238817029.jpg', 'tracer_mob_data/runner_photos/IMG02369BrKrZ2d_1416238817029.jpg', '9703541622', '', 415, '2014-11-17 05:10:17'),
(207, 13, 13, 0, 0, 'tracer_mob_data/dist_photos/IMG02369BrKrZ2d_1416239124115.jpg', 'tracer_mob_data/dist_signatures/SIGN02369BrKrZ2d_1416239124115.jpg', 'tracer_mob_data/runner_photos/IMG02369BrKrZ2d_1416239124115.jpg', '9642009873', '', 416, '2014-11-17 05:15:24'),
(208, 40, 20, 20, 0, 'tracer_mob_data/dist_photos/IMG223697w8PZHk_1416239902406.jpg', 'tracer_mob_data/dist_signatures/SIGN223697w8PZHk_1416239902406.jpg', 'tracer_mob_data/runner_photos/IMG223697w8PZHk_1416239902406.jpg', '9334646464', '', 418, '2014-11-17 05:28:22'),
(209, 14, 14, 0, 0, 'tracer_mob_data/dist_photos/IMG02369BrKrZ2d_1416239915102.jpg', 'tracer_mob_data/dist_signatures/SIGN02369BrKrZ2d_1416239915102.jpg', 'tracer_mob_data/runner_photos/IMG02369BrKrZ2d_1416239915102.jpg', '9703541622', '', 419, '2014-11-17 05:28:35'),
(210, 15, 15, 0, 0, 'tracer_mob_data/dist_photos/IMG02369BrKrZ2d_1416240250018.jpg', 'tracer_mob_data/dist_signatures/SIGN02369BrKrZ2d_1416240250018.jpg', 'tracer_mob_data/runner_photos/IMG02369BrKrZ2d_1416240250018.jpg', '9703541622', '', 420, '2014-11-17 05:34:10'),
(211, 16, 16, 0, 0, 'tracer_mob_data/dist_photos/IMG02369BrKrZ2d_1416240559111.jpg', 'tracer_mob_data/dist_signatures/SIGN02369BrKrZ2d_1416240559111.jpg', 'tracer_mob_data/runner_photos/IMG02369BrKrZ2d_1416240559111.jpg', '9703541622', '', 422, '2014-11-17 05:39:19'),
(212, 17, 17, 0, 0, 'tracer_mob_data/dist_photos/IMG02369BrKrZ2d_1416240665772.jpg', 'tracer_mob_data/dist_signatures/SIGN02369BrKrZ2d_1416240665772.jpg', 'tracer_mob_data/runner_photos/IMG02369BrKrZ2d_1416240665772.jpg', '9642009873', '', 423, '2014-11-17 05:41:05'),
(213, 18, 18, 0, 0, 'tracer_mob_data/dist_photos/IMG02369BrKrZ2d_1416240870571.jpg', 'tracer_mob_data/dist_signatures/SIGN02369BrKrZ2d_1416240870571.jpg', 'tracer_mob_data/runner_photos/IMG02369BrKrZ2d_1416240870571.jpg', '9703541622', '', 424, '2014-11-17 05:44:30'),
(214, 19, 19, 0, 0, 'tracer_mob_data/dist_photos/IMG02369BrKrZ2d_1416240968993.jpg', 'tracer_mob_data/dist_signatures/SIGN02369BrKrZ2d_1416240968993.jpg', 'tracer_mob_data/runner_photos/IMG02369BrKrZ2d_1416240968993.jpg', '9342009873', '', 426, '2014-11-17 05:46:08'),
(215, 20, 20, 0, 0, 'tracer_mob_data/dist_photos/IMG02369BrKrZ2d_1416241261361.jpg', 'tracer_mob_data/dist_signatures/SIGN02369BrKrZ2d_1416241261361.jpg', 'tracer_mob_data/runner_photos/IMG02369BrKrZ2d_1416241261361.jpg', '9703541622', '', 427, '2014-11-17 05:51:01'),
(216, 21, 21, 0, 0, 'tracer_mob_data/dist_photos/IMG02369BrKrZ2d_1416241606864.jpg', 'tracer_mob_data/dist_signatures/SIGN02369BrKrZ2d_1416241606864.jpg', 'tracer_mob_data/runner_photos/IMG02369BrKrZ2d_1416241606864.jpg', '9703541622', '', 428, '2014-11-17 05:56:46'),
(217, 22, 22, 0, 0, 'tracer_mob_data/dist_photos/IMG02369BrKrZ2d_1416241718269.jpg', 'tracer_mob_data/dist_signatures/SIGN02369BrKrZ2d_1416241718269.jpg', 'tracer_mob_data/runner_photos/IMG02369BrKrZ2d_1416241718269.jpg', '9642009873', '', 429, '2014-11-17 05:58:38'),
(218, 23, 23, 0, 0, 'tracer_mob_data/dist_photos/IMG02369BrKrZ2d_1416242068440.jpg', 'tracer_mob_data/dist_signatures/SIGN02369BrKrZ2d_1416242068440.jpg', 'tracer_mob_data/runner_photos/IMG02369BrKrZ2d_1416242068440.jpg', '9703541622', '', 430, '2014-11-17 06:04:28'),
(219, 24, 24, 0, 0, 'tracer_mob_data/dist_photos/IMG02369BrKrZ2d_1416242151672.jpg', 'tracer_mob_data/dist_signatures/SIGN02369BrKrZ2d_1416242151672.jpg', 'tracer_mob_data/runner_photos/IMG02369BrKrZ2d_1416242151672.jpg', '9703541622', '', 431, '2014-11-17 06:05:51'),
(220, 25, 25, 0, 0, 'tracer_mob_data/dist_photos/IMG02369BrKrZ2d_1416242446433.jpg', 'tracer_mob_data/dist_signatures/SIGN02369BrKrZ2d_1416242446433.jpg', 'tracer_mob_data/runner_photos/IMG02369BrKrZ2d_1416242446433.jpg', '9703541622', '', 432, '2014-11-17 06:10:46'),
(221, 26, 26, 0, 0, 'tracer_mob_data/dist_photos/IMG02369BrKrZ2d_1416242788432.jpg', 'tracer_mob_data/dist_signatures/SIGN02369BrKrZ2d_1416242788432.jpg', 'tracer_mob_data/runner_photos/IMG02369BrKrZ2d_1416242788432.jpg', '9703541622', '', 433, '2014-11-17 06:16:28'),
(222, 5, 5, 0, 0, 'tracer_mob_data/dist_photos/IMG02369rIfADyB_1416302664243.jpg', 'tracer_mob_data/dist_signatures/SIGN02369rIfADyB_1416302664243.jpg', 'tracer_mob_data/runner_photos/IMG02369rIfADyB_1416302664243.jpg', '9703541622', '', 439, '2014-11-17 22:54:24'),
(223, 6, 6, 0, 0, 'tracer_mob_data/dist_photos/IMG02369rIfADyB_1416303177324.jpg', 'tracer_mob_data/dist_signatures/SIGN02369rIfADyB_1416303177324.jpg', 'tracer_mob_data/runner_photos/IMG02369rIfADyB_1416303177324.jpg', '9703541622', '', 440, '2014-11-17 23:02:57'),
(224, 7, 7, 0, 0, 'tracer_mob_data/dist_photos/IMG02369rIfADyB_1416303432410.jpg', 'tracer_mob_data/dist_signatures/SIGN02369rIfADyB_1416303432410.jpg', 'tracer_mob_data/runner_photos/IMG02369rIfADyB_1416303432410.jpg', '9703541622', '', 441, '2014-11-17 23:07:12'),
(225, 8, 8, 0, 0, 'tracer_mob_data/dist_photos/IMG02369rIfADyB_1416304704321.jpg', 'tracer_mob_data/dist_signatures/SIGN02369rIfADyB_1416304704321.jpg', 'tracer_mob_data/runner_photos/IMG02369rIfADyB_1416304704321.jpg', '9703541622', '', 443, '2014-11-17 23:28:24'),
(226, 20, 10, 5, 5, 'tracer_mob_data/dist_photos/IMG22369YqRMR4j_1416305626354.jpg', 'tracer_mob_data/dist_signatures/SIGN22369YqRMR4j_1416305626354.jpg', 'tracer_mob_data/runner_photos/IMG22369YqRMR4j_1416305626354.jpg', '6997576776', '', 444, '2014-11-17 23:43:46'),
(227, 30, 15, 10, 5, 'tracer_mob_data/dist_photos/IMG22369YqRMR4j_1416306268712.jpg', 'tracer_mob_data/dist_signatures/SIGN22369YqRMR4j_1416306268712.jpg', 'tracer_mob_data/runner_photos/IMG22369YqRMR4j_1416306268712.jpg', '9872457346', '', 445, '2014-11-17 23:54:28'),
(228, 40, 30, 10, 0, 'tracer_mob_data/dist_photos/IMG22369YqRMR4j_1416306945095.jpg', 'tracer_mob_data/dist_signatures/SIGN22369YqRMR4j_1416306945095.jpg', 'tracer_mob_data/runner_photos/IMG22369YqRMR4j_1416306945095.jpg', '9648724843', '', 446, '2014-11-18 00:05:45'),
(229, 1, 1, 0, 0, 'tracer_mob_data/dist_photos/IMG09999GLV6lWd_1416316556895.jpg', 'tracer_mob_data/dist_signatures/SIGN09999GLV6lWd_1416316556895.jpg', 'tracer_mob_data/runner_photos/IMG09999GLV6lWd_1416316556895.jpg', '9703541622', '', 449, '2014-11-18 02:45:56'),
(230, 2, 2, 0, 0, 'tracer_mob_data/dist_photos/IMG09999GLV6lWd_1416316782936.jpg', 'tracer_mob_data/dist_signatures/SIGN09999GLV6lWd_1416316782936.jpg', 'tracer_mob_data/runner_photos/IMG09999GLV6lWd_1416316782936.jpg', '9703541622', '', 450, '2014-11-18 02:49:42'),
(231, 3, 3, 0, 0, 'tracer_mob_data/dist_photos/IMG09999GLV6lWd_1416317282290.jpg', 'tracer_mob_data/dist_signatures/SIGN09999GLV6lWd_1416317282290.jpg', 'tracer_mob_data/runner_photos/IMG09999GLV6lWd_1416317282290.jpg', '9703541622', '', 451, '2014-11-18 02:58:02'),
(232, 4, 4, 0, 0, 'tracer_mob_data/dist_photos/IMG09999GLV6lWd_1416317445427.jpg', 'tracer_mob_data/dist_signatures/SIGN09999GLV6lWd_1416317445427.jpg', 'tracer_mob_data/runner_photos/IMG09999GLV6lWd_1416317445427.jpg', '9703541622', '', 454, '2014-11-18 03:00:45'),
(233, 5, 5, 0, 0, 'tracer_mob_data/dist_photos/IMG09999GLV6lWd_1416317693249.jpg', 'tracer_mob_data/dist_signatures/SIGN09999GLV6lWd_1416317693249.jpg', 'tracer_mob_data/runner_photos/IMG09999GLV6lWd_1416317693249.jpg', '9703541622', '', 455, '2014-11-18 03:04:53'),
(234, 6, 6, 0, 0, 'tracer_mob_data/dist_photos/IMG09999GLV6lWd_1416317784476.jpg', 'tracer_mob_data/dist_signatures/SIGN09999GLV6lWd_1416317784476.jpg', 'tracer_mob_data/runner_photos/IMG09999GLV6lWd_1416317784476.jpg', '9703541622', '', 456, '2014-11-18 03:06:24'),
(235, 7, 7, 0, 0, 'tracer_mob_data/dist_photos/IMG09999GLV6lWd_1416318147123.jpg', 'tracer_mob_data/dist_signatures/SIGN09999GLV6lWd_1416318147123.jpg', 'tracer_mob_data/runner_photos/IMG09999GLV6lWd_1416318147123.jpg', '9703541622', '', 457, '2014-11-18 03:12:27'),
(236, 8, 8, 0, 0, 'tracer_mob_data/dist_photos/IMG09999GLV6lWd_1416318223380.jpg', 'tracer_mob_data/dist_signatures/SIGN09999GLV6lWd_1416318223380.jpg', 'tracer_mob_data/runner_photos/IMG09999GLV6lWd_1416318223380.jpg', '9342009873', '', 458, '2014-11-18 03:13:43'),
(237, 9, 9, 0, 0, 'tracer_mob_data/dist_photos/IMG09999GLV6lWd_1416318440265.jpg', 'tracer_mob_data/dist_signatures/SIGN09999GLV6lWd_1416318440265.jpg', 'tracer_mob_data/runner_photos/IMG09999GLV6lWd_1416318440265.jpg', '9703541622', '', 460, '2014-11-18 03:17:20'),
(238, 10, 10, 0, 0, 'tracer_mob_data/dist_photos/IMG09999GLV6lWd_1416318583598.jpg', 'tracer_mob_data/dist_signatures/SIGN09999GLV6lWd_1416318583598.jpg', 'tracer_mob_data/runner_photos/IMG09999GLV6lWd_1416318583598.jpg', '9703541622', '', 461, '2014-11-18 03:19:43'),
(239, 11, 11, 0, 0, 'tracer_mob_data/dist_photos/IMG09999GLV6lWd_1416319021695.jpg', 'tracer_mob_data/dist_signatures/SIGN09999GLV6lWd_1416319021695.jpg', 'tracer_mob_data/runner_photos/IMG09999GLV6lWd_1416319021695.jpg', '9703541622', '', 462, '2014-11-18 03:27:01'),
(240, 12, 12, 0, 0, 'tracer_mob_data/dist_photos/IMG09999GLV6lWd_1416319093964.jpg', 'tracer_mob_data/dist_signatures/SIGN09999GLV6lWd_1416319093964.jpg', 'tracer_mob_data/runner_photos/IMG09999GLV6lWd_1416319093964.jpg', '9703541622', '', 463, '2014-11-18 03:28:13'),
(241, 10, 5, 5, 0, 'tracer_mob_data/dist_photos/IMG547898EPE0up_1416319337914.jpg', 'tracer_mob_data/dist_signatures/SIGN547898EPE0up_1416319337914.jpg', 'tracer_mob_data/runner_photos/IMG547898EPE0up_1416319337914.jpg', '9824846494', '', 464, '2014-11-18 03:32:17'),
(242, 13, 13, 0, 0, 'tracer_mob_data/dist_photos/IMG09999GLV6lWd_1416319368863.jpg', 'tracer_mob_data/dist_signatures/SIGN09999GLV6lWd_1416319368863.jpg', 'tracer_mob_data/runner_photos/IMG09999GLV6lWd_1416319368863.jpg', '9703541622', '', 465, '2014-11-18 03:32:48'),
(243, 15, 10, 3, 2, 'tracer_mob_data/dist_photos/IMG547898EPE0up_1416319480758.jpg', 'tracer_mob_data/dist_signatures/SIGN547898EPE0up_1416319480758.jpg', 'tracer_mob_data/runner_photos/IMG547898EPE0up_1416319480758.jpg', '9767676494', '', 467, '2014-11-18 03:34:40'),
(244, 14, 14, 0, 0, 'tracer_mob_data/dist_photos/IMG09999GLV6lWd_1416319492235.jpg', 'tracer_mob_data/dist_signatures/SIGN09999GLV6lWd_1416319492235.jpg', 'tracer_mob_data/runner_photos/IMG09999GLV6lWd_1416319492235.jpg', '9703541622', '', 468, '2014-11-18 03:34:52'),
(245, 15, 15, 0, 0, 'tracer_mob_data/dist_photos/IMG09999GLV6lWd_1416319844098.jpg', 'tracer_mob_data/dist_signatures/SIGN09999GLV6lWd_1416319844098.jpg', 'tracer_mob_data/runner_photos/IMG09999GLV6lWd_1416319844098.jpg', '9703541622', '', 470, '2014-11-18 03:40:44'),
(246, 18, 10, 5, 3, 'tracer_mob_data/dist_photos/IMG547898EPE0up_1416319925510.jpg', 'tracer_mob_data/dist_signatures/SIGN547898EPE0up_1416319925510.jpg', 'tracer_mob_data/runner_photos/IMG547898EPE0up_1416319925510.jpg', '9436666666', '', 471, '2014-11-18 03:42:05'),
(247, 16, 16, 0, 0, 'tracer_mob_data/dist_photos/IMG09999GLV6lWd_1416319975845.jpg', 'tracer_mob_data/dist_signatures/SIGN09999GLV6lWd_1416319975845.jpg', 'tracer_mob_data/runner_photos/IMG09999GLV6lWd_1416319975845.jpg', '9703541622', '', 472, '2014-11-18 03:42:55'),
(248, 20, 10, 10, 0, 'tracer_mob_data/dist_photos/IMG547898EPE0up_1416320004144.jpg', 'tracer_mob_data/dist_signatures/SIGN547898EPE0up_1416320004144.jpg', 'tracer_mob_data/runner_photos/IMG547898EPE0up_1416320004144.jpg', '9437739434', '', 473, '2014-11-18 03:43:24'),
(249, 17, 17, 0, 0, 'tracer_mob_data/dist_photos/IMG09999GLV6lWd_1416320147338.jpg', 'tracer_mob_data/dist_signatures/SIGN09999GLV6lWd_1416320147338.jpg', 'tracer_mob_data/runner_photos/IMG09999GLV6lWd_1416320147338.jpg', '9703541622', '', 474, '2014-11-18 03:45:47'),
(250, 18, 18, 0, 0, 'tracer_mob_data/dist_photos/IMG09999GLV6lWd_1416320288815.jpg', 'tracer_mob_data/dist_signatures/SIGN09999GLV6lWd_1416320288815.jpg', 'tracer_mob_data/runner_photos/IMG09999GLV6lWd_1416320288815.jpg', '9703541622', '', 475, '2014-11-18 03:48:08'),
(251, 22, 15, 5, 2, 'tracer_mob_data/dist_photos/IMG547898EPE0up_1416320308547.jpg', 'tracer_mob_data/dist_signatures/SIGN547898EPE0up_1416320308547.jpg', 'tracer_mob_data/runner_photos/IMG547898EPE0up_1416320308547.jpg', '9667678727', '', 476, '2014-11-18 03:48:28'),
(252, 25, 15, 5, 5, 'tracer_mob_data/dist_photos/IMG547898EPE0up_1416320461264.jpg', 'tracer_mob_data/dist_signatures/SIGN547898EPE0up_1416320461264.jpg', 'tracer_mob_data/runner_photos/IMG547898EPE0up_1416320461264.jpg', '9822667872', '', 477, '2014-11-18 03:51:01'),
(253, 28, 20, 8, 0, 'tracer_mob_data/dist_photos/IMG547898EPE0up_1416320619345.jpg', 'tracer_mob_data/dist_signatures/SIGN547898EPE0up_1416320619345.jpg', 'tracer_mob_data/runner_photos/IMG547898EPE0up_1416320619345.jpg', '9457876784', '', 478, '2014-11-18 03:53:39'),
(254, 14, 7, 7, 0, 'tracer_mob_data/dist_photos/IMG547898EPE0up_1416320702326.jpg', 'tracer_mob_data/dist_signatures/SIGN547898EPE0up_1416320702326.jpg', 'tracer_mob_data/runner_photos/IMG547898EPE0up_1416320702326.jpg', '9845543566', '', 479, '2014-11-18 03:55:02'),
(255, 14, 7, 7, 0, 'tracer_mob_data/dist_photos/IMG547898EPE0up_1416320723262.jpg', 'tracer_mob_data/dist_signatures/SIGN547898EPE0up_1416320723262.jpg', 'tracer_mob_data/runner_photos/IMG547898EPE0up_1416320723262.jpg', '9845543566', '', 479, '2014-11-18 03:55:23'),
(256, 19, 19, 0, 0, 'tracer_mob_data/dist_photos/IMG09999GLV6lWd_1416320759919.jpg', 'tracer_mob_data/dist_signatures/SIGN09999GLV6lWd_1416320759919.jpg', 'tracer_mob_data/runner_photos/IMG09999GLV6lWd_1416320759919.jpg', '9703541622', '', 480, '2014-11-18 03:55:59'),
(257, 20, 20, 0, 0, 'tracer_mob_data/dist_photos/IMG09999GLV6lWd_1416320979572.jpg', 'tracer_mob_data/dist_signatures/SIGN09999GLV6lWd_1416320979572.jpg', 'tracer_mob_data/runner_photos/IMG09999GLV6lWd_1416320979572.jpg', '9703541622', '', 481, '2014-11-18 03:59:39'),
(258, 21, 21, 0, 0, 'tracer_mob_data/dist_photos/IMG09999GLV6lWd_1416321215931.jpg', 'tracer_mob_data/dist_signatures/SIGN09999GLV6lWd_1416321215931.jpg', 'tracer_mob_data/runner_photos/IMG09999GLV6lWd_1416321215931.jpg', '9703541622', '', 482, '2014-11-18 04:03:35'),
(259, 12, 6, 6, 0, 'tracer_mob_data/dist_photos/IMG547898EPE0up_1416321294017.jpg', 'tracer_mob_data/dist_signatures/SIGN547898EPE0up_1416321294017.jpg', 'tracer_mob_data/runner_photos/IMG547898EPE0up_1416321294017.jpg', '9542484666', '', 483, '2014-11-18 04:04:54'),
(260, 22, 22, 0, 0, 'tracer_mob_data/dist_photos/IMG09999GLV6lWd_1416321299672.jpg', 'tracer_mob_data/dist_signatures/SIGN09999GLV6lWd_1416321299672.jpg', 'tracer_mob_data/runner_photos/IMG09999GLV6lWd_1416321299672.jpg', '9703541622', '', 484, '2014-11-18 04:04:59'),
(261, 16, 10, 5, 1, 'tracer_mob_data/dist_photos/IMG547898EPE0up_1416321416097.jpg', 'tracer_mob_data/dist_signatures/SIGN547898EPE0up_1416321416097.jpg', 'tracer_mob_data/runner_photos/IMG547898EPE0up_1416321416097.jpg', '9873494543', '', 485, '2014-11-18 04:06:56'),
(262, 23, 23, 0, 0, 'tracer_mob_data/dist_photos/IMG09999GLV6lWd_1416321489930.jpg', 'tracer_mob_data/dist_signatures/SIGN09999GLV6lWd_1416321489930.jpg', 'tracer_mob_data/runner_photos/IMG09999GLV6lWd_1416321489930.jpg', '9703541622', '', 487, '2014-11-18 04:08:09'),
(263, 24, 24, 0, 0, 'tracer_mob_data/dist_photos/IMG09999GLV6lWd_1416321628004.jpg', 'tracer_mob_data/dist_signatures/SIGN09999GLV6lWd_1416321628004.jpg', 'tracer_mob_data/runner_photos/IMG09999GLV6lWd_1416321628004.jpg', '9703541622', '', 488, '2014-11-18 04:10:28'),
(264, 20, 10, 8, 2, 'tracer_mob_data/dist_photos/IMG547898EPE0up_1416321741665.jpg', 'tracer_mob_data/dist_signatures/SIGN547898EPE0up_1416321741665.jpg', 'tracer_mob_data/runner_photos/IMG547898EPE0up_1416321741665.jpg', '9842464842', '', 489, '2014-11-18 04:12:21'),
(265, 25, 25, 0, 0, 'tracer_mob_data/dist_photos/IMG09999GLV6lWd_1416321923664.jpg', 'tracer_mob_data/dist_signatures/SIGN09999GLV6lWd_1416321923664.jpg', 'tracer_mob_data/runner_photos/IMG09999GLV6lWd_1416321923664.jpg', '9703541622', '', 491, '2014-11-18 04:15:23'),
(266, 15, 12, 3, 0, 'tracer_mob_data/dist_photos/IMG547898EPE0up_1416321969897.jpg', 'tracer_mob_data/dist_signatures/SIGN547898EPE0up_1416321969897.jpg', 'tracer_mob_data/runner_photos/IMG547898EPE0up_1416321969897.jpg', '9648727846', '', 490, '2014-11-18 04:16:09'),
(267, 26, 26, 0, 0, 'tracer_mob_data/dist_photos/IMG09999GLV6lWd_1416322077077.jpg', 'tracer_mob_data/dist_signatures/SIGN09999GLV6lWd_1416322077077.jpg', 'tracer_mob_data/runner_photos/IMG09999GLV6lWd_1416322077077.jpg', '9703541622', '', 492, '2014-11-18 04:17:57'),
(268, 16, 8, 8, 0, 'tracer_mob_data/dist_photos/IMG547898EPE0up_1416322235318.jpg', 'tracer_mob_data/dist_signatures/SIGN547898EPE0up_1416322235318.jpg', 'tracer_mob_data/runner_photos/IMG547898EPE0up_1416322235318.jpg', '9543866887', '', 493, '2014-11-18 04:20:35'),
(269, 27, 27, 0, 0, 'tracer_mob_data/dist_photos/IMG09999GLV6lWd_1416322323254.jpg', 'tracer_mob_data/dist_signatures/SIGN09999GLV6lWd_1416322323254.jpg', 'tracer_mob_data/runner_photos/IMG09999GLV6lWd_1416322323254.jpg', '9703541622', '', 495, '2014-11-18 04:22:03'),
(270, 10, 5, 5, 0, 'tracer_mob_data/dist_photos/IMG547898EPE0up_1416322329463.jpg', 'tracer_mob_data/dist_signatures/SIGN547898EPE0up_1416322329463.jpg', 'tracer_mob_data/runner_photos/IMG547898EPE0up_1416322329463.jpg', '9842484649', '', 494, '2014-11-18 04:22:09'),
(271, 28, 28, 0, 0, 'tracer_mob_data/dist_photos/IMG09999GLV6lWd_1416322424211.jpg', 'tracer_mob_data/dist_signatures/SIGN09999GLV6lWd_1416322424211.jpg', 'tracer_mob_data/runner_photos/IMG09999GLV6lWd_1416322424211.jpg', '9703541622', '', 496, '2014-11-18 04:23:44'),
(272, 15, 7, 7, 1, 'tracer_mob_data/dist_photos/IMG547898EPE0up_1416322590192.jpg', 'tracer_mob_data/dist_signatures/SIGN547898EPE0up_1416322590192.jpg', 'tracer_mob_data/runner_photos/IMG547898EPE0up_1416322590192.jpg', '9832556766', '', 498, '2014-11-18 04:26:30'),
(273, 12, 6, 4, 2, 'tracer_mob_data/dist_photos/IMG547898EPE0up_1416322748668.jpg', 'tracer_mob_data/dist_signatures/SIGN547898EPE0up_1416322748668.jpg', 'tracer_mob_data/runner_photos/IMG547898EPE0up_1416322748668.jpg', '9573484546', '', 499, '2014-11-18 04:29:08'),
(274, 20, 10, 5, 5, 'tracer_mob_data/dist_photos/IMG547898EPE0up_1416323147545.jpg', 'tracer_mob_data/dist_signatures/SIGN547898EPE0up_1416323147545.jpg', 'tracer_mob_data/runner_photos/IMG547898EPE0up_1416323147545.jpg', '9367678734', '', 500, '2014-11-18 04:35:47'),
(275, 15, 5, 10, 0, 'tracer_mob_data/dist_photos/IMG547898EPE0up_1416323246266.jpg', 'tracer_mob_data/dist_signatures/SIGN547898EPE0up_1416323246266.jpg', 'tracer_mob_data/runner_photos/IMG547898EPE0up_1416323246266.jpg', '9753683346', '', 501, '2014-11-18 04:37:26'),
(276, 10, 2, 5, 3, 'tracer_mob_data/dist_photos/IMG547898EPE0up_1416323441848.jpg', 'tracer_mob_data/dist_signatures/SIGN547898EPE0up_1416323441848.jpg', 'tracer_mob_data/runner_photos/IMG547898EPE0up_1416323441848.jpg', '9854465358', '', 502, '2014-11-18 04:40:41'),
(277, 10, 3, 7, 0, 'tracer_mob_data/dist_photos/IMG547898EPE0up_1416323522611.jpg', 'tracer_mob_data/dist_signatures/SIGN547898EPE0up_1416323522611.jpg', 'tracer_mob_data/runner_photos/IMG547898EPE0up_1416323522611.jpg', '9873464348', '', 504, '2014-11-18 04:42:02'),
(278, 13, 10, 1, 2, 'tracer_mob_data/dist_photos/IMG547898EPE0up_1416323769964.jpg', 'tracer_mob_data/dist_signatures/SIGN547898EPE0up_1416323769964.jpg', 'tracer_mob_data/runner_photos/IMG547898EPE0up_1416323769964.jpg', '9787346484', '', 505, '2014-11-18 04:46:09'),
(279, 17, 10, 5, 2, 'tracer_mob_data/dist_photos/IMG547898EPE0up_1416323921214.jpg', 'tracer_mob_data/dist_signatures/SIGN547898EPE0up_1416323921214.jpg', 'tracer_mob_data/runner_photos/IMG547898EPE0up_1416323921214.jpg', '9787346684', '', 506, '2014-11-18 04:48:41'),
(280, 8, 5, 3, 0, 'tracer_mob_data/dist_photos/IMG547898EPE0up_1416324193923.jpg', 'tracer_mob_data/dist_signatures/SIGN547898EPE0up_1416324193923.jpg', 'tracer_mob_data/runner_photos/IMG547898EPE0up_1416324193923.jpg', '9465953588', '', 508, '2014-11-18 04:53:13'),
(281, 10, 2, 5, 5, 'tracer_mob_data/dist_photos/IMG547898EPE0up_1416324747625.jpg', 'tracer_mob_data/dist_signatures/SIGN547898EPE0up_1416324747625.jpg', 'tracer_mob_data/runner_photos/IMG547898EPE0up_1416324747625.jpg', '9734688349', '', 511, '2014-11-18 05:02:27'),
(282, 10, 8, 2, 0, 'tracer_mob_data/dist_photos/IMG547898EPE0up_1416324910707.jpg', 'tracer_mob_data/dist_signatures/SIGN547898EPE0up_1416324910707.jpg', 'tracer_mob_data/runner_photos/IMG547898EPE0up_1416324910707.jpg', '9465538866', '', 512, '2014-11-18 05:05:10'),
(283, 19, 10, 5, 4, 'tracer_mob_data/dist_photos/IMG547898EPE0up_1416325040907.jpg', 'tracer_mob_data/dist_signatures/SIGN547898EPE0up_1416325040907.jpg', 'tracer_mob_data/runner_photos/IMG547898EPE0up_1416325040907.jpg', '9339939786', '', 513, '2014-11-18 05:07:20'),
(284, 58, 8, 8, 0, 'tracer_mob_data/dist_photos/IMG77777kEoPypd_1416332217913.jpg', 'tracer_mob_data/dist_signatures/SIGN77777kEoPypd_1416332217913.jpg', 'tracer_mob_data/runner_photos/IMG77777kEoPypd_1416332217913.jpg', '0860066068', '', 519, '2014-11-18 07:06:57'),
(285, 5, 5, 6, 8, 'tracer_mob_data/dist_photos/IMG777773VAyr2i_1416388676047.jpg', 'tracer_mob_data/dist_signatures/SIGN777773VAyr2i_1416388676047.jpg', 'tracer_mob_data/runner_photos/IMG777773VAyr2i_1416388676047.jpg', '0686686868', '', 522, '2014-11-18 22:47:56'),
(286, 1, 1, 0, 0, 'tracer_mob_data/dist_photos/IMG09999l72Mo7S_1416392173745.jpg', 'tracer_mob_data/dist_signatures/SIGN09999l72Mo7S_1416392173745.jpg', 'tracer_mob_data/runner_photos/IMG09999l72Mo7S_1416392173745.jpg', '9703541622', '', 524, '2014-11-18 23:46:13'),
(287, 2, 2, 0, 0, 'tracer_mob_data/dist_photos/IMG09999l72Mo7S_1416392658660.jpg', 'tracer_mob_data/dist_signatures/SIGN09999l72Mo7S_1416392658660.jpg', 'tracer_mob_data/runner_photos/IMG09999l72Mo7S_1416392658660.jpg', '9703541622', '', 525, '2014-11-18 23:54:18'),
(288, 3, 2, 0, 0, 'tracer_mob_data/dist_photos/IMG09999l72Mo7S_1416392965974.jpg', 'tracer_mob_data/dist_signatures/SIGN09999l72Mo7S_1416392965974.jpg', 'tracer_mob_data/runner_photos/IMG09999l72Mo7S_1416392965974.jpg', '9703541622', '', 526, '2014-11-18 23:59:25'),
(289, 4, 4, 5, 6, 'tracer_mob_data/dist_photos/IMG09999l72Mo7S_1416393322038.jpg', 'tracer_mob_data/dist_signatures/SIGN09999l72Mo7S_1416393322038.jpg', 'tracer_mob_data/runner_photos/IMG09999l72Mo7S_1416393322038.jpg', '9703541622', '', 527, '2014-11-19 00:05:22'),
(290, 5, 6, 0, 0, 'tracer_mob_data/dist_photos/IMG09999l72Mo7S_1416393570093.jpg', 'tracer_mob_data/dist_signatures/SIGN09999l72Mo7S_1416393570093.jpg', 'tracer_mob_data/runner_photos/IMG09999l72Mo7S_1416393570093.jpg', '9703541622', '', 529, '2014-11-19 00:09:30'),
(291, 6, 6, 0, 0, 'tracer_mob_data/dist_photos/IMG09999l72Mo7S_1416393873527.jpg', 'tracer_mob_data/dist_signatures/SIGN09999l72Mo7S_1416393873527.jpg', 'tracer_mob_data/runner_photos/IMG09999l72Mo7S_1416393873527.jpg', '9703541622', '', 530, '2014-11-19 00:14:33'),
(292, 7, 7, 7, 0, 'tracer_mob_data/dist_photos/IMG09999l72Mo7S_1416394183964.jpg', 'tracer_mob_data/dist_signatures/SIGN09999l72Mo7S_1416394183964.jpg', 'tracer_mob_data/runner_photos/IMG09999l72Mo7S_1416394183964.jpg', '9703541622', '', 531, '2014-11-19 00:19:43'),
(293, 8, 8, 0, 0, 'tracer_mob_data/dist_photos/IMG09999l72Mo7S_1416394860427.jpg', 'tracer_mob_data/dist_signatures/SIGN09999l72Mo7S_1416394860427.jpg', 'tracer_mob_data/runner_photos/IMG09999l72Mo7S_1416394860427.jpg', '9703541622', '', 532, '2014-11-19 00:31:00'),
(294, 9, 9, 0, 0, 'tracer_mob_data/dist_photos/IMG09999l72Mo7S_1416395061534.jpg', 'tracer_mob_data/dist_signatures/SIGN09999l72Mo7S_1416395061534.jpg', 'tracer_mob_data/runner_photos/IMG09999l72Mo7S_1416395061534.jpg', '9703541622', '', 533, '2014-11-19 00:34:21'),
(295, 10, 10, 0, 0, 'tracer_mob_data/dist_photos/IMG09999l72Mo7S_1416396031961.jpg', 'tracer_mob_data/dist_signatures/SIGN09999l72Mo7S_1416396031961.jpg', 'tracer_mob_data/runner_photos/IMG09999l72Mo7S_1416396031961.jpg', '9703541622', '', 534, '2014-11-19 00:50:31'),
(296, 11, 11, 0, 0, 'tracer_mob_data/dist_photos/IMG09999l72Mo7S_1416396235973.jpg', 'tracer_mob_data/dist_signatures/SIGN09999l72Mo7S_1416396235973.jpg', 'tracer_mob_data/runner_photos/IMG09999l72Mo7S_1416396235973.jpg', '9703541622', '', 535, '2014-11-19 00:53:55'),
(297, 12, 12, 0, 0, 'tracer_mob_data/dist_photos/IMG09999l72Mo7S_1416396375993.jpg', 'tracer_mob_data/dist_signatures/SIGN09999l72Mo7S_1416396375993.jpg', 'tracer_mob_data/runner_photos/IMG09999l72Mo7S_1416396375993.jpg', '9703541622', '', 536, '2014-11-19 00:56:15'),
(298, 13, 13, 0, 0, 'tracer_mob_data/dist_photos/IMG09999l72Mo7S_1416396530563.jpg', 'tracer_mob_data/dist_signatures/SIGN09999l72Mo7S_1416396530563.jpg', 'tracer_mob_data/runner_photos/IMG09999l72Mo7S_1416396530563.jpg', '9703541622', '', 537, '2014-11-19 00:58:50'),
(299, 14, 14, 0, 0, 'tracer_mob_data/dist_photos/IMG09999l72Mo7S_1416396652250.jpg', 'tracer_mob_data/dist_signatures/SIGN09999l72Mo7S_1416396652250.jpg', 'tracer_mob_data/runner_photos/IMG09999l72Mo7S_1416396652250.jpg', '9703541622', '', 538, '2014-11-19 01:00:52'),
(300, 5, 5, 0, 0, 'tracer_mob_data/dist_photos/IMG54789d1RvrtF_1416401918248.jpg', 'tracer_mob_data/dist_signatures/SIGN54789d1RvrtF_1416401918248.jpg', 'tracer_mob_data/runner_photos/IMG54789d1RvrtF_1416401918248.jpg', '9767349464', '', 541, '2014-11-19 02:28:38'),
(301, 10, 5, 5, 0, 'tracer_mob_data/dist_photos/IMG54789d1RvrtF_1416402151924.jpg', 'tracer_mob_data/dist_signatures/SIGN54789d1RvrtF_1416402151924.jpg', 'tracer_mob_data/runner_photos/IMG54789d1RvrtF_1416402151924.jpg', '9764658465', '', 542, '2014-11-19 02:32:31'),
(302, 12, 5, 5, 2, 'tracer_mob_data/dist_photos/IMG54789d1RvrtF_1416402411589.jpg', 'tracer_mob_data/dist_signatures/SIGN54789d1RvrtF_1416402411589.jpg', 'tracer_mob_data/runner_photos/IMG54789d1RvrtF_1416402411589.jpg', '9868356465', '', 543, '2014-11-19 02:36:51'),
(303, 15, 5, 5, 5, 'tracer_mob_data/dist_photos/IMG54789d1RvrtF_1416402605682.jpg', 'tracer_mob_data/dist_signatures/SIGN54789d1RvrtF_1416402605682.jpg', 'tracer_mob_data/runner_photos/IMG54789d1RvrtF_1416402605682.jpg', '9565953956', '', 544, '2014-11-19 02:40:05'),
(304, 18, 10, 5, 3, 'tracer_mob_data/dist_photos/IMG54789d1RvrtF_1416403251546.jpg', 'tracer_mob_data/dist_signatures/SIGN54789d1RvrtF_1416403251546.jpg', 'tracer_mob_data/runner_photos/IMG54789d1RvrtF_1416403251546.jpg', '9454349465', '', 545, '2014-11-19 02:50:51'),
(305, 20, 10, 10, 0, 'tracer_mob_data/dist_photos/IMG54789d1RvrtF_1416403591338.jpg', 'tracer_mob_data/dist_signatures/SIGN54789d1RvrtF_1416403591338.jpg', 'tracer_mob_data/runner_photos/IMG54789d1RvrtF_1416403591338.jpg', '8986898679', '', 546, '2014-11-19 02:56:31'),
(306, 22, 11, 11, 0, 'tracer_mob_data/dist_photos/IMG54789d1RvrtF_1416404463790.jpg', 'tracer_mob_data/dist_signatures/SIGN54789d1RvrtF_1416404463790.jpg', 'tracer_mob_data/runner_photos/IMG54789d1RvrtF_1416404463790.jpg', '9787646464', '', 547, '2014-11-19 03:11:03'),
(307, 25, 20, 5, 0, 'tracer_mob_data/dist_photos/IMG54789d1RvrtF_1416404758061.jpg', 'tracer_mob_data/dist_signatures/SIGN54789d1RvrtF_1416404758061.jpg', 'tracer_mob_data/runner_photos/IMG54789d1RvrtF_1416404758061.jpg', '9888689564', '', 548, '2014-11-19 03:15:58'),
(308, 28, 10, 15, 3, 'tracer_mob_data/dist_photos/IMG54789d1RvrtF_1416404972105.jpg', 'tracer_mob_data/dist_signatures/SIGN54789d1RvrtF_1416404972105.jpg', 'tracer_mob_data/runner_photos/IMG54789d1RvrtF_1416404972105.jpg', '9885346464', '', 549, '2014-11-19 03:19:32'),
(309, 30, 15, 15, 0, 'tracer_mob_data/dist_photos/IMG54789d1RvrtF_1416405393210.jpg', 'tracer_mob_data/dist_signatures/SIGN54789d1RvrtF_1416405393210.jpg', 'tracer_mob_data/runner_photos/IMG54789d1RvrtF_1416405393210.jpg', '6597346464', '', 550, '2014-11-19 03:26:33'),
(310, 20, 10, 10, 0, 'tracer_mob_data/dist_photos/IMG54789d1RvrtF_1416406228540.jpg', 'tracer_mob_data/dist_signatures/SIGN54789d1RvrtF_1416406228540.jpg', 'tracer_mob_data/runner_photos/IMG54789d1RvrtF_1416406228540.jpg', '6835956535', '', 551, '2014-11-19 03:40:28'),
(311, 30, 15, 15, 0, 'tracer_mob_data/dist_photos/IMG54789d1RvrtF_1416406553452.jpg', 'tracer_mob_data/dist_signatures/SIGN54789d1RvrtF_1416406553452.jpg', 'tracer_mob_data/runner_photos/IMG54789d1RvrtF_1416406553452.jpg', '9895346164', '', 552, '2014-11-19 03:45:53'),
(312, 10, 10, 0, 0, 'tracer_mob_data/dist_photos/IMG54789d1RvrtF_1416406802892.jpg', 'tracer_mob_data/dist_signatures/SIGN54789d1RvrtF_1416406802892.jpg', 'tracer_mob_data/runner_photos/IMG54789d1RvrtF_1416406802892.jpg', '9898356465', '', 553, '2014-11-19 03:50:02'),
(313, 1, 1, 0, 0, 'tracer_mob_data/dist_photos/IMG09999l72Mo7S_1416410627917.jpg', 'tracer_mob_data/dist_signatures/SIGN09999l72Mo7S_1416410627917.jpg', 'tracer_mob_data/runner_photos/IMG09999l72Mo7S_1416410627917.jpg', '9703541622', '', 554, '2014-11-19 04:53:47'),
(314, 2, 2, 5, 5, 'tracer_mob_data/dist_photos/IMG777773VAyr2i_1416410789023.jpg', 'tracer_mob_data/dist_signatures/SIGN777773VAyr2i_1416410789023.jpg', 'tracer_mob_data/runner_photos/IMG777773VAyr2i_1416410789023.jpg', '5869886889', '', 555, '2014-11-19 04:56:29'),
(315, 11, 5, 5, 1, 'tracer_mob_data/dist_photos/IMG79999ZBRO8Hu_1416411672276.jpg', 'tracer_mob_data/dist_signatures/SIGN79999ZBRO8Hu_1416411672276.jpg', 'tracer_mob_data/runner_photos/IMG79999ZBRO8Hu_1416411672276.jpg', '9757349338', '', 559, '2014-11-19 05:11:12'),
(316, 2, 2, 0, 0, 'tracer_mob_data/dist_photos/IMG09999l72Mo7S_1416411734352.jpg', 'tracer_mob_data/dist_signatures/SIGN09999l72Mo7S_1416411734352.jpg', 'tracer_mob_data/runner_photos/IMG09999l72Mo7S_1416411734352.jpg', '9703541622', '', 558, '2014-11-19 05:12:14'),
(317, 3, 3, 0, 0, 'tracer_mob_data/dist_photos/IMG09999l72Mo7S_1416412015778.jpg', 'tracer_mob_data/dist_signatures/SIGN09999l72Mo7S_1416412015778.jpg', 'tracer_mob_data/runner_photos/IMG09999l72Mo7S_1416412015778.jpg', '9703541622', '', 561, '2014-11-19 05:16:55'),
(318, 15, 10, 5, 0, 'tracer_mob_data/dist_photos/IMG79999ZBRO8Hu_1416412138772.jpg', 'tracer_mob_data/dist_signatures/SIGN79999ZBRO8Hu_1416412138772.jpg', 'tracer_mob_data/runner_photos/IMG79999ZBRO8Hu_1416412138772.jpg', '9834646895', '', 562, '2014-11-19 05:18:58'),
(319, 4, 4, 0, 0, 'tracer_mob_data/dist_photos/IMG09999l72Mo7S_1416412697954.jpg', 'tracer_mob_data/dist_signatures/SIGN09999l72Mo7S_1416412697954.jpg', 'tracer_mob_data/runner_photos/IMG09999l72Mo7S_1416412697954.jpg', '9703541622', '', 575, '2014-11-19 05:28:17'),
(320, 9, 20, 10, 10, 'tracer_mob_data/dist_photos/IMG79999ZBRO8Hu_1416412794670.jpg', 'tracer_mob_data/dist_signatures/SIGN79999ZBRO8Hu_1416412794670.jpg', 'tracer_mob_data/runner_photos/IMG79999ZBRO8Hu_1416412794670.jpg', '8956669394', '', 576, '2014-11-19 05:29:54'),
(321, 20, 5, 5, 0, 'tracer_mob_data/dist_photos/IMG79999ZBRO8Hu_1416413197020.jpg', 'tracer_mob_data/dist_signatures/SIGN79999ZBRO8Hu_1416413197020.jpg', 'tracer_mob_data/runner_photos/IMG79999ZBRO8Hu_1416413197020.jpg', '9487379467', '', 577, '2014-11-19 05:36:37'),
(322, 5, 5, 0, 0, 'tracer_mob_data/dist_photos/IMG09999l72Mo7S_1416413336282.jpg', 'tracer_mob_data/dist_signatures/SIGN09999l72Mo7S_1416413336282.jpg', 'tracer_mob_data/runner_photos/IMG09999l72Mo7S_1416413336282.jpg', '9703541622', '', 583, '2014-11-19 05:38:56'),
(323, 50, 50, 0, 0, 'tracer_mob_data/dist_photos/IMG09999l72Mo7S_1416413409972.jpg', 'tracer_mob_data/dist_signatures/SIGN09999l72Mo7S_1416413409972.jpg', 'tracer_mob_data/runner_photos/IMG09999l72Mo7S_1416413409972.jpg', '9703541622', '', 582, '2014-11-19 05:40:09'),
(324, 6, 6, 0, 0, 'tracer_mob_data/dist_photos/IMG09999l72Mo7S_1416413867808.jpg', 'tracer_mob_data/dist_signatures/SIGN09999l72Mo7S_1416413867808.jpg', 'tracer_mob_data/runner_photos/IMG09999l72Mo7S_1416413867808.jpg', '9703541622', '', 584, '2014-11-19 05:47:47'),
(325, 7, 7, 0, 0, 'tracer_mob_data/dist_photos/IMG09999l72Mo7S_1416414160092.jpg', 'tracer_mob_data/dist_signatures/SIGN09999l72Mo7S_1416414160092.jpg', 'tracer_mob_data/runner_photos/IMG09999l72Mo7S_1416414160092.jpg', '9703541622', '', 585, '2014-11-19 05:52:40'),
(326, 8, 8, 0, 0, 'tracer_mob_data/dist_photos/IMG09999l72Mo7S_1416414410101.jpg', 'tracer_mob_data/dist_signatures/SIGN09999l72Mo7S_1416414410101.jpg', 'tracer_mob_data/runner_photos/IMG09999l72Mo7S_1416414410101.jpg', '9703541622', '', 586, '2014-11-19 05:56:50'),
(327, 9, 9, 0, 0, 'tracer_mob_data/dist_photos/IMG09999l72Mo7S_1416414758785.jpg', 'tracer_mob_data/dist_signatures/SIGN09999l72Mo7S_1416414758785.jpg', 'tracer_mob_data/runner_photos/IMG09999l72Mo7S_1416414758785.jpg', '9703541622', '', 587, '2014-11-19 06:02:38'),
(328, 5, 88, 5, 8, 'tracer_mob_data/dist_photos/IMG777773VAyr2i_1416415461750.jpg', 'tracer_mob_data/dist_signatures/SIGN777773VAyr2i_1416415461750.jpg', 'tracer_mob_data/runner_photos/IMG777773VAyr2i_1416415461750.jpg', '8686838886', '', 588, '2014-11-19 06:14:21'),
(329, 6, 9, 9, 8, 'tracer_mob_data/dist_photos/IMG777773VAyr2i_1416415562322.jpg', 'tracer_mob_data/dist_signatures/SIGN777773VAyr2i_1416415562322.jpg', 'tracer_mob_data/runner_photos/IMG777773VAyr2i_1416415562322.jpg', '6696686866', '', 589, '2014-11-19 06:16:02'),
(330, 8, 5, 1, 4, 'tracer_mob_data/dist_photos/IMG777773VAyr2i_1416415723149.jpg', 'tracer_mob_data/dist_signatures/SIGN777773VAyr2i_1416415723149.jpg', 'tracer_mob_data/runner_photos/IMG777773VAyr2i_1416415723149.jpg', '4558386866', '', 590, '2014-11-19 06:18:43'),
(331, 5, 8, 8, 8, 'tracer_mob_data/dist_photos/IMG977771okWx9O_1416417449968.jpg', 'tracer_mob_data/dist_signatures/SIGN977771okWx9O_1416417449968.jpg', 'tracer_mob_data/runner_photos/IMG977771okWx9O_1416417449968.jpg', '5885858585', '', 591, '2014-11-19 06:47:29'),
(332, 5, 6, 9, 5, 'tracer_mob_data/dist_photos/IMG977771okWx9O_1416417754081.jpg', 'tracer_mob_data/dist_signatures/SIGN977771okWx9O_1416417754081.jpg', 'tracer_mob_data/runner_photos/IMG977771okWx9O_1416417754081.jpg', '8555268588', '', 592, '2014-11-19 06:52:34'),
(333, 6, 0, 6, 9, 'tracer_mob_data/dist_photos/IMG977771okWx9O_1416418475892.jpg', 'tracer_mob_data/dist_signatures/SIGN977771okWx9O_1416418475892.jpg', 'tracer_mob_data/runner_photos/IMG977771okWx9O_1416418475892.jpg', '9999999999', '', 593, '2014-11-19 07:04:35'),
(334, 5, 8, 5, 8, 'tracer_mob_data/dist_photos/IMG977771okWx9O_1416418576402.jpg', 'tracer_mob_data/dist_signatures/SIGN977771okWx9O_1416418576402.jpg', 'tracer_mob_data/runner_photos/IMG977771okWx9O_1416418576402.jpg', '9999996663', '', 594, '2014-11-19 07:06:16'),
(335, 5, 9, 8, 2, 'tracer_mob_data/dist_photos/IMG977771okWx9O_1416418869132.jpg', 'tracer_mob_data/dist_signatures/SIGN977771okWx9O_1416418869132.jpg', 'tracer_mob_data/runner_photos/IMG977771okWx9O_1416418869132.jpg', '8586868686', '', 596, '2014-11-19 07:11:09'),
(336, 3, 6, 9, 6, 'tracer_mob_data/dist_photos/IMG77777I3UjCXm_1416471830874.jpg', 'tracer_mob_data/dist_signatures/SIGN77777I3UjCXm_1416471830874.jpg', 'tracer_mob_data/runner_photos/IMG77777I3UjCXm_1416471830874.jpg', '5668666666', '', 597, '2014-11-19 21:53:50'),
(337, 5, 6, 9, 9, 'tracer_mob_data/dist_photos/IMG77777I3UjCXm_1416472727144.jpg', 'tracer_mob_data/dist_signatures/SIGN77777I3UjCXm_1416472727144.jpg', 'tracer_mob_data/runner_photos/IMG77777I3UjCXm_1416472727144.jpg', '9633666666', '', 599, '2014-11-19 22:08:47'),
(338, 3, 6, 0, 9, 'tracer_mob_data/dist_photos/IMG77777I3UjCXm_1416473194071.jpg', 'tracer_mob_data/dist_signatures/SIGN77777I3UjCXm_1416473194071.jpg', 'tracer_mob_data/runner_photos/IMG77777I3UjCXm_1416473194071.jpg', '9696898868', '', 600, '2014-11-19 22:16:34'),
(339, 3, 6, 6, 5, 'tracer_mob_data/dist_photos/IMG77777I3UjCXm_1416476830714.jpg', 'tracer_mob_data/dist_signatures/SIGN77777I3UjCXm_1416476830714.jpg', 'tracer_mob_data/runner_photos/IMG77777I3UjCXm_1416476830714.jpg', '8866666566', '', 604, '2014-11-19 23:17:10'),
(340, 6, 8, 8, 8, 'tracer_mob_data/dist_photos/IMG77777I3UjCXm_1416480921429.jpg', 'tracer_mob_data/dist_signatures/SIGN77777I3UjCXm_1416480921429.jpg', 'tracer_mob_data/runner_photos/IMG77777I3UjCXm_1416480921429.jpg', '8888888888', '', 605, '2014-11-20 00:25:21'),
(341, 3, 6, 6, 6, 'tracer_mob_data/dist_photos/IMG477778GgYcUl_1416481196566.jpg', 'tracer_mob_data/dist_signatures/SIGN477778GgYcUl_1416481196566.jpg', 'tracer_mob_data/runner_photos/IMG477778GgYcUl_1416481196566.jpg', '6669699999', '', 606, '2014-11-20 00:29:56'),
(342, 5, 5, 0, 0, 'tracer_mob_data/dist_photos/IMG54789StanBKl_1416484791486.jpg', 'tracer_mob_data/dist_signatures/SIGN54789StanBKl_1416484791486.jpg', 'tracer_mob_data/runner_photos/IMG54789StanBKl_1416484791486.jpg', '9838343464', '', 616, '2014-11-20 01:29:51'),
(343, 10, 5, 5, 0, 'tracer_mob_data/dist_photos/IMG54789StanBKl_1416484985351.jpg', 'tracer_mob_data/dist_signatures/SIGN54789StanBKl_1416484985351.jpg', 'tracer_mob_data/runner_photos/IMG54789StanBKl_1416484985351.jpg', '9798659538', '', 617, '2014-11-20 01:33:05'),
(344, 12, 10, 0, 2, 'tracer_mob_data/dist_photos/IMG54789StanBKl_1416485199734.jpg', 'tracer_mob_data/dist_signatures/SIGN54789StanBKl_1416485199734.jpg', 'tracer_mob_data/runner_photos/IMG54789StanBKl_1416485199734.jpg', '9898359565', '', 618, '2014-11-20 01:36:39'),
(345, 15, 10, 3, 2, 'tracer_mob_data/dist_photos/IMG54789StanBKl_1416485354476.jpg', 'tracer_mob_data/dist_signatures/SIGN54789StanBKl_1416485354476.jpg', 'tracer_mob_data/runner_photos/IMG54789StanBKl_1416485354476.jpg', '9865359565', '', 619, '2014-11-20 01:39:14'),
(346, 12, 10, 2, 0, 'tracer_mob_data/dist_photos/IMG54789StanBKl_1416486014175.jpg', 'tracer_mob_data/dist_signatures/SIGN54789StanBKl_1416486014175.jpg', 'tracer_mob_data/runner_photos/IMG54789StanBKl_1416486014175.jpg', '6868659565', '', 621, '2014-11-20 01:50:14'),
(347, 14, 7, 7, 0, 'tracer_mob_data/dist_photos/IMG54789StanBKl_1416486154756.jpg', 'tracer_mob_data/dist_signatures/SIGN54789StanBKl_1416486154756.jpg', 'tracer_mob_data/runner_photos/IMG54789StanBKl_1416486154756.jpg', '9855459555', '', 622, '2014-11-20 01:52:34'),
(348, 36, 18, 10, 8, 'tracer_mob_data/dist_photos/IMG54789StanBKl_1416486579535.jpg', 'tracer_mob_data/dist_signatures/SIGN54789StanBKl_1416486579535.jpg', 'tracer_mob_data/runner_photos/IMG54789StanBKl_1416486579535.jpg', '9466536686', '', 623, '2014-11-20 01:59:39'),
(349, 20, 10, 5, 5, 'tracer_mob_data/dist_photos/IMG54789StanBKl_1416486855829.jpg', 'tracer_mob_data/dist_signatures/SIGN54789StanBKl_1416486855829.jpg', 'tracer_mob_data/runner_photos/IMG54789StanBKl_1416486855829.jpg', '9853565656', '', 624, '2014-11-20 02:04:15'),
(350, 25, 15, 10, 0, 'tracer_mob_data/dist_photos/IMG54789StanBKl_1416487102526.jpg', 'tracer_mob_data/dist_signatures/SIGN54789StanBKl_1416487102526.jpg', 'tracer_mob_data/runner_photos/IMG54789StanBKl_1416487102526.jpg', '9868656565', '', 625, '2014-11-20 02:08:22'),
(351, 26, 12, 12, 2, 'tracer_mob_data/dist_photos/IMG54789StanBKl_1416487288366.jpg', 'tracer_mob_data/dist_signatures/SIGN54789StanBKl_1416487288366.jpg', 'tracer_mob_data/runner_photos/IMG54789StanBKl_1416487288366.jpg', '9868359434', '', 626, '2014-11-20 02:11:28'),
(352, 28, 12, 12, 4, 'tracer_mob_data/dist_photos/IMG54789StanBKl_1416487589761.jpg', 'tracer_mob_data/dist_signatures/SIGN54789StanBKl_1416487589761.jpg', 'tracer_mob_data/runner_photos/IMG54789StanBKl_1416487589761.jpg', '9868656565', '', 627, '2014-11-20 02:16:29'),
(353, 15, 10, 5, 0, 'tracer_mob_data/dist_photos/IMG54789StanBKl_1416487785503.jpg', 'tracer_mob_data/dist_signatures/SIGN54789StanBKl_1416487785503.jpg', 'tracer_mob_data/runner_photos/IMG54789StanBKl_1416487785503.jpg', '8953565656', '', 628, '2014-11-20 02:19:45'),
(354, 20, 10, 10, 0, 'tracer_mob_data/dist_photos/IMG54789StanBKl_1416487957924.jpg', 'tracer_mob_data/dist_signatures/SIGN54789StanBKl_1416487957924.jpg', 'tracer_mob_data/runner_photos/IMG54789StanBKl_1416487957924.jpg', '6865653595', '', 629, '2014-11-20 02:22:37'),
(355, 10, 5, 5, 5, 'tracer_mob_data/dist_photos/IMG79999N5WAV0v_1416488733352.jpg', 'tracer_mob_data/dist_signatures/SIGN79999N5WAV0v_1416488733352.jpg', 'tracer_mob_data/runner_photos/IMG79999N5WAV0v_1416488733352.jpg', '9568686554', '', 630, '2014-11-20 02:35:33'),
(356, 1, 1, 0, 0, 'tracer_mob_data/dist_photos/IMG099993YwdfZC_1416489401901.jpg', 'tracer_mob_data/dist_signatures/SIGN099993YwdfZC_1416489401901.jpg', 'tracer_mob_data/runner_photos/IMG099993YwdfZC_1416489401901.jpg', '9703541622', '', 631, '2014-11-20 02:46:41'),
(357, 2, 2, 0, 0, 'tracer_mob_data/dist_photos/IMG099993YwdfZC_1416489576993.jpg', 'tracer_mob_data/dist_signatures/SIGN099993YwdfZC_1416489576993.jpg', 'tracer_mob_data/runner_photos/IMG099993YwdfZC_1416489576993.jpg', '9703541622', '', 632, '2014-11-20 02:49:36'),
(358, 2, 5, 9, 6, 'tracer_mob_data/dist_photos/IMG97777lCylIUy_1416497519709.jpg', 'tracer_mob_data/dist_signatures/SIGN97777lCylIUy_1416497519709.jpg', 'tracer_mob_data/runner_photos/IMG97777lCylIUy_1416497519709.jpg', '8999888566', '', 640, '2014-11-20 05:01:59'),
(359, 3, 6, 9, 0, 'tracer_mob_data/dist_photos/IMG97777lCylIUy_1416498098107.jpg', 'tracer_mob_data/dist_signatures/SIGN97777lCylIUy_1416498098107.jpg', 'tracer_mob_data/runner_photos/IMG97777lCylIUy_1416498098107.jpg', '8899686886', '', 644, '2014-11-20 05:11:38'),
(360, 2, 8, 8, 8, 'tracer_mob_data/dist_photos/IMG97777lCylIUy_1416500235780.jpg', 'tracer_mob_data/dist_signatures/SIGN97777lCylIUy_1416500235780.jpg', 'tracer_mob_data/runner_photos/IMG97777lCylIUy_1416500235780.jpg', '8888888888', '', 646, '2014-11-20 05:47:15'),
(361, 58, 6, 8, 8, 'tracer_mob_data/dist_photos/IMG97777lCylIUy_1416500305215.jpg', 'tracer_mob_data/dist_signatures/SIGN97777lCylIUy_1416500305215.jpg', 'tracer_mob_data/runner_photos/IMG97777lCylIUy_1416500305215.jpg', '9666666666', '', 647, '2014-11-20 05:48:25'),
(362, 9, 6, 9, 9, 'tracer_mob_data/dist_photos/IMG97777lCylIUy_1416500433698.jpg', 'tracer_mob_data/dist_signatures/SIGN97777lCylIUy_1416500433698.jpg', 'tracer_mob_data/runner_photos/IMG97777lCylIUy_1416500433698.jpg', '9699999999', '', 648, '2014-11-20 05:50:33'),
(363, 10, 5, 5, 0, 'tracer_mob_data/dist_photos/IMG79999N5WAV0v_1416504522783.jpg', 'tracer_mob_data/dist_signatures/SIGN79999N5WAV0v_1416504522783.jpg', 'tracer_mob_data/runner_photos/IMG79999N5WAV0v_1416504522783.jpg', '6494349464', '', 649, '2014-11-20 06:58:42'),
(364, 15, 10, 5, 0, 'tracer_mob_data/dist_photos/IMG79999N5WAV0v_1416504823044.jpg', 'tracer_mob_data/dist_signatures/SIGN79999N5WAV0v_1416504823044.jpg', 'tracer_mob_data/runner_photos/IMG79999N5WAV0v_1416504823044.jpg', '9865986595', '', 651, '2014-11-20 07:03:43'),
(365, 5, 5, 0, 0, 'tracer_mob_data/dist_photos/IMG54789hNXXwDu_1416562617579.jpg', 'tracer_mob_data/dist_signatures/SIGN54789hNXXwDu_1416562617579.jpg', 'tracer_mob_data/runner_photos/IMG54789hNXXwDu_1416562617579.jpg', '9565386565', '', 679, '2014-11-20 23:06:57'),
(366, 10, 5, 5, 0, 'tracer_mob_data/dist_photos/IMG54789hNXXwDu_1416562846016.jpg', 'tracer_mob_data/dist_signatures/SIGN54789hNXXwDu_1416562846016.jpg', 'tracer_mob_data/runner_photos/IMG54789hNXXwDu_1416562846016.jpg', '9868356134', '', 687, '2014-11-20 23:10:46'),
(367, 12, 5, 5, 2, 'tracer_mob_data/dist_photos/IMG54789hNXXwDu_1416563158126.jpg', 'tracer_mob_data/dist_signatures/SIGN54789hNXXwDu_1416563158126.jpg', 'tracer_mob_data/runner_photos/IMG54789hNXXwDu_1416563158126.jpg', '9843464649', '', 689, '2014-11-20 23:15:58'),
(368, 15, 10, 3, 2, 'tracer_mob_data/dist_photos/IMG54789hNXXwDu_1416563362983.jpg', 'tracer_mob_data/dist_signatures/SIGN54789hNXXwDu_1416563362983.jpg', 'tracer_mob_data/runner_photos/IMG54789hNXXwDu_1416563362983.jpg', '9865656465', '', 690, '2014-11-20 23:19:22'),
(369, 18, 15, 3, 0, 'tracer_mob_data/dist_photos/IMG54789hNXXwDu_1416563672707.jpg', 'tracer_mob_data/dist_signatures/SIGN54789hNXXwDu_1416563672707.jpg', 'tracer_mob_data/runner_photos/IMG54789hNXXwDu_1416563672707.jpg', '9835356665', '', 691, '2014-11-20 23:24:32'),
(370, 20, 10, 10, 0, 'tracer_mob_data/dist_photos/IMG54789hNXXwDu_1416564164558.jpg', 'tracer_mob_data/dist_signatures/SIGN54789hNXXwDu_1416564164558.jpg', 'tracer_mob_data/runner_photos/IMG54789hNXXwDu_1416564164558.jpg', '9868356565', '', 693, '2014-11-20 23:32:44'),
(371, 22, 10, 10, 2, 'tracer_mob_data/dist_photos/IMG54789hNXXwDu_1416564540698.jpg', 'tracer_mob_data/dist_signatures/SIGN54789hNXXwDu_1416564540698.jpg', 'tracer_mob_data/runner_photos/IMG54789hNXXwDu_1416564540698.jpg', '6525455225', '', 703, '2014-11-20 23:39:00'),
(372, 28, 10, 10, 8, 'tracer_mob_data/dist_photos/IMG54789hNXXwDu_1416564806400.jpg', 'tracer_mob_data/dist_signatures/SIGN54789hNXXwDu_1416564806400.jpg', 'tracer_mob_data/runner_photos/IMG54789hNXXwDu_1416564806400.jpg', '9868366692', '', 705, '2014-11-20 23:43:26');
INSERT INTO `caf_collection_details` (`caf_collection_id`, `total_caf_count`, `accepted_caf_count`, `rejected_caf_count`, `returned_caf_count`, `distributor_photo_path`, `dstributor_sign_path`, `runner_photo_path`, `caf_provider_mob_num`, `remarks`, `runner_visit_id`, `date_time`) VALUES
(373, 20, 10, 10, 0, 'tracer_mob_data/dist_photos/IMG54789hNXXwDu_1416565144590.jpg', 'tracer_mob_data/dist_signatures/SIGN54789hNXXwDu_1416565144590.jpg', 'tracer_mob_data/runner_photos/IMG54789hNXXwDu_1416565144590.jpg', '9953565653', '', 706, '2014-11-20 23:49:04'),
(374, 16, 10, 4, 2, 'tracer_mob_data/dist_photos/IMG54789hNXXwDu_1416565392462.jpg', 'tracer_mob_data/dist_signatures/SIGN54789hNXXwDu_1416565392462.jpg', 'tracer_mob_data/runner_photos/IMG54789hNXXwDu_1416565392462.jpg', '9883366111', '', 707, '2014-11-20 23:53:12'),
(375, 14, 7, 7, 0, 'tracer_mob_data/dist_photos/IMG54789hNXXwDu_1416565741802.jpg', 'tracer_mob_data/dist_signatures/SIGN54789hNXXwDu_1416565741802.jpg', 'tracer_mob_data/runner_photos/IMG54789hNXXwDu_1416565741802.jpg', '9868359531', '', 709, '2014-11-20 23:59:01'),
(376, 19, 10, 9, 0, 'tracer_mob_data/dist_photos/IMG54789hNXXwDu_1416566034544.jpg', 'tracer_mob_data/dist_signatures/SIGN54789hNXXwDu_1416566034544.jpg', 'tracer_mob_data/runner_photos/IMG54789hNXXwDu_1416566034544.jpg', '9865326653', '', 712, '2014-11-21 00:03:54'),
(377, 0, 0, 0, 0, 'tracer_mob_data/dist_photos/IMG54789hNXXwDu_1416566310835.jpg', 'tracer_mob_data/dist_signatures/SIGN54789hNXXwDu_1416566310835.jpg', 'tracer_mob_data/runner_photos/IMG54789hNXXwDu_1416566310835.jpg', '9868356565', 'CAF Not available', 716, '2014-11-21 00:08:30'),
(378, 2, 2, 0, 0, 'tracer_mob_data/dist_photos/IMG07777ckNhbOP_1416568237652.jpg', 'tracer_mob_data/dist_signatures/SIGN07777ckNhbOP_1416568237652.jpg', 'tracer_mob_data/runner_photos/IMG07777ckNhbOP_1416568237652.jpg', '9703541622', '', 718, '2014-11-21 00:40:37'),
(379, 1, 1, 0, 0, 'tracer_mob_data/dist_photos/IMG09999RIgXA7i_1416582853902.jpg', 'tracer_mob_data/dist_signatures/SIGN09999RIgXA7i_1416582853902.jpg', 'tracer_mob_data/runner_photos/IMG09999RIgXA7i_1416582853902.jpg', '9703541622', '', 733, '2014-11-21 04:44:13'),
(380, 2, 2, 0, 0, 'tracer_mob_data/dist_photos/IMG09999RIgXA7i_1416583065514.jpg', 'tracer_mob_data/dist_signatures/SIGN09999RIgXA7i_1416583065514.jpg', 'tracer_mob_data/runner_photos/IMG09999RIgXA7i_1416583065514.jpg', '9703541622', '', 734, '2014-11-21 04:47:45'),
(381, 3, 3, 0, 0, 'tracer_mob_data/dist_photos/IMG09999RIgXA7i_1416583312535.jpg', 'tracer_mob_data/dist_signatures/SIGN09999RIgXA7i_1416583312535.jpg', 'tracer_mob_data/runner_photos/IMG09999RIgXA7i_1416583312535.jpg', '9703541622', '', 735, '2014-11-21 04:51:52'),
(382, 4, 4, 0, 0, 'tracer_mob_data/dist_photos/IMG09999RIgXA7i_1416583696597.jpg', 'tracer_mob_data/dist_signatures/SIGN09999RIgXA7i_1416583696597.jpg', 'tracer_mob_data/runner_photos/IMG09999RIgXA7i_1416583696597.jpg', '9703541622', '', 736, '2014-11-21 04:58:16'),
(383, 5, 5, 0, 0, 'tracer_mob_data/dist_photos/IMG09999RIgXA7i_1416584247666.jpg', 'tracer_mob_data/dist_signatures/SIGN09999RIgXA7i_1416584247666.jpg', 'tracer_mob_data/runner_photos/IMG09999RIgXA7i_1416584247666.jpg', '9703541622', '', 738, '2014-11-21 05:07:27'),
(384, 6, 6, 0, 0, 'tracer_mob_data/dist_photos/IMG09999RIgXA7i_1416584585211.jpg', 'tracer_mob_data/dist_signatures/SIGN09999RIgXA7i_1416584585211.jpg', 'tracer_mob_data/runner_photos/IMG09999RIgXA7i_1416584585211.jpg', '9703541622', '', 741, '2014-11-21 05:13:05'),
(385, 7, 7, 0, 0, 'tracer_mob_data/dist_photos/IMG09999RIgXA7i_1416585136016.jpg', 'tracer_mob_data/dist_signatures/SIGN09999RIgXA7i_1416585136016.jpg', 'tracer_mob_data/runner_photos/IMG09999RIgXA7i_1416585136016.jpg', '9703541622', '', 743, '2014-11-21 05:22:16'),
(386, 8, 8, 0, 0, 'tracer_mob_data/dist_photos/IMG09999RIgXA7i_1416585938004.jpg', 'tracer_mob_data/dist_signatures/SIGN09999RIgXA7i_1416585938004.jpg', 'tracer_mob_data/runner_photos/IMG09999RIgXA7i_1416585938004.jpg', '9703541622', '', 744, '2014-11-21 05:35:38'),
(387, 9, 9, 0, 0, 'tracer_mob_data/dist_photos/IMG09999RIgXA7i_1416586119687.jpg', 'tracer_mob_data/dist_signatures/SIGN09999RIgXA7i_1416586119687.jpg', 'tracer_mob_data/runner_photos/IMG09999RIgXA7i_1416586119687.jpg', '9703541622', '', 746, '2014-11-21 05:38:39'),
(388, 20, 20, 0, 0, 'tracer_mob_data/dist_photos/IMG09999RIgXA7i_1416586748398.jpg', 'tracer_mob_data/dist_signatures/SIGN09999RIgXA7i_1416586748398.jpg', 'tracer_mob_data/runner_photos/IMG09999RIgXA7i_1416586748398.jpg', '9703541622', '', 748, '2014-11-21 05:49:08'),
(389, 11, 11, 0, 0, 'tracer_mob_data/dist_photos/IMG09999RIgXA7i_1416587051014.jpg', 'tracer_mob_data/dist_signatures/SIGN09999RIgXA7i_1416587051014.jpg', 'tracer_mob_data/runner_photos/IMG09999RIgXA7i_1416587051014.jpg', '9703541622', '', 751, '2014-11-21 05:54:11'),
(390, 12, 12, 0, 0, 'tracer_mob_data/dist_photos/IMG09999RIgXA7i_1416587208373.jpg', 'tracer_mob_data/dist_signatures/SIGN09999RIgXA7i_1416587208373.jpg', 'tracer_mob_data/runner_photos/IMG09999RIgXA7i_1416587208373.jpg', '9703541622', '', 753, '2014-11-21 05:56:48'),
(391, 13, 13, 0, 0, 'tracer_mob_data/dist_photos/IMG09999RIgXA7i_1416587366698.jpg', 'tracer_mob_data/dist_signatures/SIGN09999RIgXA7i_1416587366698.jpg', 'tracer_mob_data/runner_photos/IMG09999RIgXA7i_1416587366698.jpg', '9703541622', '', 754, '2014-11-21 05:59:26'),
(392, 14, 14, 0, 0, 'tracer_mob_data/dist_photos/IMG09999RIgXA7i_1416587478717.jpg', 'tracer_mob_data/dist_signatures/SIGN09999RIgXA7i_1416587478717.jpg', 'tracer_mob_data/runner_photos/IMG09999RIgXA7i_1416587478717.jpg', '9703541622', '', 755, '2014-11-21 06:01:18'),
(393, 1, 0, 0, 0, 'tracer_mob_data/dist_photos/IMG09999RIgXA7i_1416590265275.jpg', 'tracer_mob_data/dist_signatures/SIGN09999RIgXA7i_1416590265275.jpg', 'tracer_mob_data/runner_photos/IMG09999RIgXA7i_1416590265275.jpg', '9703541622', '', 761, '2014-11-21 06:47:45'),
(394, 2, 8, 8, 8, 'tracer_mob_data/dist_photos/IMG77777fYoScUY_1416910437974.jpg', 'tracer_mob_data/dist_signatures/SIGN77777fYoScUY_1416910437974.jpg', 'tracer_mob_data/runner_photos/IMG77777fYoScUY_1416910437974.jpg', '8855885558', '', 762, '2014-11-24 23:43:57'),
(395, 5, 8, 8, 8, 'tracer_mob_data/dist_photos/IMG77777fYoScUY_1416910553019.jpg', 'tracer_mob_data/dist_signatures/SIGN77777fYoScUY_1416910553019.jpg', 'tracer_mob_data/runner_photos/IMG77777fYoScUY_1416910553019.jpg', '8886668858', '', 763, '2014-11-24 23:45:53'),
(396, 58, 588, 8, 8, 'tracer_mob_data/dist_photos/IMG77777fYoScUY_1416910688380.jpg', 'tracer_mob_data/dist_signatures/SIGN77777fYoScUY_1416910688380.jpg', 'tracer_mob_data/runner_photos/IMG77777fYoScUY_1416910688380.jpg', '5555555555', '', 764, '2014-11-24 23:48:08'),
(397, 2, 8, 8, 8, 'tracer_mob_data/dist_photos/IMG77777fYoScUY_1416911334032.jpg', 'tracer_mob_data/dist_signatures/SIGN77777fYoScUY_1416911334032.jpg', 'tracer_mob_data/runner_photos/IMG77777fYoScUY_1416911334032.jpg', '8888888888', '', 767, '2014-11-24 23:58:54'),
(398, 2, 2, 0, 0, 'tracer_mob_data/dist_photos/IMG77777fYoScUY_1416911406836.jpg', 'tracer_mob_data/dist_signatures/SIGN77777fYoScUY_1416911406836.jpg', 'tracer_mob_data/runner_photos/IMG77777fYoScUY_1416911406836.jpg', '9703541622', '', 768, '2014-11-25 00:00:06'),
(399, 2, 6, 5, 8, 'tracer_mob_data/dist_photos/IMG47777Jq1tB8b_1416911531051.jpg', 'tracer_mob_data/dist_signatures/SIGN47777Jq1tB8b_1416911531051.jpg', 'tracer_mob_data/runner_photos/IMG47777Jq1tB8b_1416911531051.jpg', '8885885885', '', 769, '2014-11-25 00:02:11'),
(400, 3, 6, 6, 9, 'tracer_mob_data/dist_photos/IMG47777Jq1tB8b_1416911783178.jpg', 'tracer_mob_data/dist_signatures/SIGN47777Jq1tB8b_1416911783178.jpg', 'tracer_mob_data/runner_photos/IMG47777Jq1tB8b_1416911783178.jpg', '9999999999', '', 770, '2014-11-25 00:06:23'),
(401, 1, 1, 1, 0, 'tracer_mob_data/dist_photos/IMG09999vEyn8e1_1416931481470.jpg', 'tracer_mob_data/dist_signatures/SIGN09999vEyn8e1_1416931481470.jpg', 'tracer_mob_data/runner_photos/IMG09999vEyn8e1_1416931481470.jpg', '9703541622', '', 781, '2014-11-25 05:34:41'),
(402, 5, 5, 0, 0, 'tracer_mob_data/dist_photos/IMG54789A5a4OTg_1416931491101.jpg', 'tracer_mob_data/dist_signatures/SIGN54789A5a4OTg_1416931491101.jpg', 'tracer_mob_data/runner_photos/IMG54789A5a4OTg_1416931491101.jpg', '9834319565', '', 780, '2014-11-25 05:34:51'),
(403, 10, 5, 5, 0, 'tracer_mob_data/dist_photos/IMG54789A5a4OTg_1416931990096.jpg', 'tracer_mob_data/dist_signatures/SIGN54789A5a4OTg_1416931990096.jpg', 'tracer_mob_data/runner_photos/IMG54789A5a4OTg_1416931990096.jpg', '9835359562', '', 782, '2014-11-25 05:43:10'),
(404, 12, 5, 5, 2, 'tracer_mob_data/dist_photos/IMG54789A5a4OTg_1416932215368.jpg', 'tracer_mob_data/dist_signatures/SIGN54789A5a4OTg_1416932215368.jpg', 'tracer_mob_data/runner_photos/IMG54789A5a4OTg_1416932215368.jpg', '9535655956', '', 783, '2014-11-25 05:46:55'),
(405, 15, 5, 5, 5, 'tracer_mob_data/dist_photos/IMG54789A5a4OTg_1416932372769.jpg', 'tracer_mob_data/dist_signatures/SIGN54789A5a4OTg_1416932372769.jpg', 'tracer_mob_data/runner_photos/IMG54789A5a4OTg_1416932372769.jpg', '9868356565', '', 784, '2014-11-25 05:49:32'),
(406, 18, 10, 5, 3, 'tracer_mob_data/dist_photos/IMG54789A5a4OTg_1416932519021.jpg', 'tracer_mob_data/dist_signatures/SIGN54789A5a4OTg_1416932519021.jpg', 'tracer_mob_data/runner_photos/IMG54789A5a4OTg_1416932519021.jpg', '9864346535', '', 785, '2014-11-25 05:51:59'),
(407, 20, 10, 10, 0, 'tracer_mob_data/dist_photos/IMG54789A5a4OTg_1416932839840.jpg', 'tracer_mob_data/dist_signatures/SIGN54789A5a4OTg_1416932839840.jpg', 'tracer_mob_data/runner_photos/IMG54789A5a4OTg_1416932839840.jpg', '9764343434', '', 786, '2014-11-25 05:57:19'),
(408, 22, 11, 11, 0, 'tracer_mob_data/dist_photos/IMG54789A5a4OTg_1416933019651.jpg', 'tracer_mob_data/dist_signatures/SIGN54789A5a4OTg_1416933019651.jpg', 'tracer_mob_data/runner_photos/IMG54789A5a4OTg_1416933019651.jpg', '9897676764', '', 787, '2014-11-25 06:00:19'),
(409, 25, 10, 15, 0, 'tracer_mob_data/dist_photos/IMG54789A5a4OTg_1416933169346.jpg', 'tracer_mob_data/dist_signatures/SIGN54789A5a4OTg_1416933169346.jpg', 'tracer_mob_data/runner_photos/IMG54789A5a4OTg_1416933169346.jpg', '9868683865', '', 788, '2014-11-25 06:02:49'),
(410, 28, 18, 10, 0, 'tracer_mob_data/dist_photos/IMG54789A5a4OTg_1416933416162.jpg', 'tracer_mob_data/dist_signatures/SIGN54789A5a4OTg_1416933416162.jpg', 'tracer_mob_data/runner_photos/IMG54789A5a4OTg_1416933416162.jpg', '9895353434', '', 790, '2014-11-25 06:06:56'),
(411, 25, 25, 0, 0, 'tracer_mob_data/dist_photos/IMG54789A5a4OTg_1416933640142.jpg', 'tracer_mob_data/dist_signatures/SIGN54789A5a4OTg_1416933640142.jpg', 'tracer_mob_data/runner_photos/IMG54789A5a4OTg_1416933640142.jpg', '9887349434', '', 791, '2014-11-25 06:10:40'),
(412, 32, 15, 15, 2, 'tracer_mob_data/dist_photos/IMG54789A5a4OTg_1416933879918.jpg', 'tracer_mob_data/dist_signatures/SIGN54789A5a4OTg_1416933879918.jpg', 'tracer_mob_data/runner_photos/IMG54789A5a4OTg_1416933879918.jpg', '9764656595', '', 792, '2014-11-25 06:14:39'),
(413, 0, 0, 0, 0, 'tracer_mob_data/dist_photos/IMG54789A5a4OTg_1416934057319.jpg', 'tracer_mob_data/dist_signatures/SIGN54789A5a4OTg_1416934057319.jpg', 'tracer_mob_data/runner_photos/IMG54789A5a4OTg_1416934057319.jpg', '6494346568', 'Select', 793, '2014-11-25 06:17:37'),
(414, 32, 32, 0, 0, 'tracer_mob_data/dist_photos/IMG54789A5a4OTg_1416934176636.jpg', 'tracer_mob_data/dist_signatures/SIGN54789A5a4OTg_1416934176636.jpg', 'tracer_mob_data/runner_photos/IMG54789A5a4OTg_1416934176636.jpg', '9876864346', '', 794, '2014-11-25 06:19:36'),
(415, 2, 2, 0, 0, 'tracer_mob_data/dist_photos/IMG09999vEyn8e1_1416935063199.jpg', 'tracer_mob_data/dist_signatures/SIGN09999vEyn8e1_1416935063199.jpg', 'tracer_mob_data/runner_photos/IMG09999vEyn8e1_1416935063199.jpg', '9703541622', '', 795, '2014-11-25 06:34:23'),
(416, 3, 3, 0, 0, 'tracer_mob_data/dist_photos/IMG09999vEyn8e1_1416935246029.jpg', 'tracer_mob_data/dist_signatures/SIGN09999vEyn8e1_1416935246029.jpg', 'tracer_mob_data/runner_photos/IMG09999vEyn8e1_1416935246029.jpg', '9703541622', '', 796, '2014-11-25 06:37:26'),
(417, 4, 4, 4, 4, 'tracer_mob_data/dist_photos/IMG09999vEyn8e1_1416935424411.jpg', 'tracer_mob_data/dist_signatures/SIGN09999vEyn8e1_1416935424411.jpg', 'tracer_mob_data/runner_photos/IMG09999vEyn8e1_1416935424411.jpg', '9703541622', '', 797, '2014-11-25 06:40:24'),
(418, 5, 5, 5, 5, 'tracer_mob_data/dist_photos/IMG09999vEyn8e1_1416935630095.jpg', 'tracer_mob_data/dist_signatures/SIGN09999vEyn8e1_1416935630095.jpg', 'tracer_mob_data/runner_photos/IMG09999vEyn8e1_1416935630095.jpg', '9703541622', '', 798, '2014-11-25 06:43:50'),
(419, 6, 6, 6, 6, 'tracer_mob_data/dist_photos/IMG09999vEyn8e1_1416935813153.jpg', 'tracer_mob_data/dist_signatures/SIGN09999vEyn8e1_1416935813153.jpg', 'tracer_mob_data/runner_photos/IMG09999vEyn8e1_1416935813153.jpg', '9703541622', '', 799, '2014-11-25 06:46:53'),
(420, 5, 5, 0, 0, 'tracer_mob_data/dist_photos/IMG54789e6nVMcQ_1416995650770.jpg', 'tracer_mob_data/dist_signatures/SIGN54789e6nVMcQ_1416995650770.jpg', 'tracer_mob_data/runner_photos/IMG54789e6nVMcQ_1416995650770.jpg', '9655541135', '', 805, '2014-11-25 23:24:10'),
(421, 8, 5, 3, 0, 'tracer_mob_data/dist_photos/IMG54789e6nVMcQ_1416998919254.jpg', 'tracer_mob_data/dist_signatures/SIGN54789e6nVMcQ_1416998919254.jpg', 'tracer_mob_data/runner_photos/IMG54789e6nVMcQ_1416998919254.jpg', '9565346161', '', 807, '2014-11-26 00:18:39'),
(422, 10, 10, 0, 0, 'tracer_mob_data/dist_photos/IMG54789e6nVMcQ_1416999235422.jpg', 'tracer_mob_data/dist_signatures/SIGN54789e6nVMcQ_1416999235422.jpg', 'tracer_mob_data/runner_photos/IMG54789e6nVMcQ_1416999235422.jpg', '9798346565', '', 808, '2014-11-26 00:23:55'),
(423, 0, 0, 0, 0, 'tracer_mob_data/dist_photos/IMG54789e6nVMcQ_1416999425325.jpg', 'tracer_mob_data/dist_signatures/SIGN54789e6nVMcQ_1416999425325.jpg', 'tracer_mob_data/runner_photos/IMG54789e6nVMcQ_1416999425325.jpg', '9946464643', 'Select', 809, '2014-11-26 00:27:05'),
(424, 15, 10, 5, 0, 'tracer_mob_data/dist_photos/IMG54789e6nVMcQ_1416999596634.jpg', 'tracer_mob_data/dist_signatures/SIGN54789e6nVMcQ_1416999596634.jpg', 'tracer_mob_data/runner_photos/IMG54789e6nVMcQ_1416999596634.jpg', '9565345161', '', 810, '2014-11-26 00:29:56'),
(425, 12, 6, 6, 0, 'tracer_mob_data/dist_photos/IMG54789e6nVMcQ_1416999758598.jpg', 'tracer_mob_data/dist_signatures/SIGN54789e6nVMcQ_1416999758598.jpg', 'tracer_mob_data/runner_photos/IMG54789e6nVMcQ_1416999758598.jpg', '9466434346', '', 811, '2014-11-26 00:32:38'),
(426, 18, 10, 0, 0, 'tracer_mob_data/dist_photos/IMG54789e6nVMcQ_1417000168892.jpg', 'tracer_mob_data/dist_signatures/SIGN54789e6nVMcQ_1417000168892.jpg', 'tracer_mob_data/runner_photos/IMG54789e6nVMcQ_1417000168892.jpg', '9565353565', '', 812, '2014-11-26 00:39:28'),
(427, 20, 10, 10, 0, 'tracer_mob_data/dist_photos/IMG54789e6nVMcQ_1417000372042.jpg', 'tracer_mob_data/dist_signatures/SIGN54789e6nVMcQ_1417000372042.jpg', 'tracer_mob_data/runner_photos/IMG54789e6nVMcQ_1417000372042.jpg', '9655542238', '', 814, '2014-11-26 00:42:52'),
(428, 19, 10, 9, 0, 'tracer_mob_data/dist_photos/IMG54789e6nVMcQ_1417000633650.jpg', 'tracer_mob_data/dist_signatures/SIGN54789e6nVMcQ_1417000633650.jpg', 'tracer_mob_data/runner_photos/IMG54789e6nVMcQ_1417000633650.jpg', '9868349564', '', 815, '2014-11-26 00:47:13'),
(429, 8, 8, 0, 0, 'tracer_mob_data/dist_photos/IMG54789e6nVMcQ_1417001494456.jpg', 'tracer_mob_data/dist_signatures/SIGN54789e6nVMcQ_1417001494456.jpg', 'tracer_mob_data/runner_photos/IMG54789e6nVMcQ_1417001494456.jpg', '9865656653', '', 818, '2014-11-26 01:01:34'),
(430, 22, 11, 10, 1, 'tracer_mob_data/dist_photos/IMG54789e6nVMcQ_1417002140661.jpg', 'tracer_mob_data/dist_signatures/SIGN54789e6nVMcQ_1417002140661.jpg', 'tracer_mob_data/runner_photos/IMG54789e6nVMcQ_1417002140661.jpg', '9889868686', '', 819, '2014-11-26 01:12:20'),
(431, 15, 15, 0, 0, 'tracer_mob_data/dist_photos/IMG54789e6nVMcQ_1417002475140.jpg', 'tracer_mob_data/dist_signatures/SIGN54789e6nVMcQ_1417002475140.jpg', 'tracer_mob_data/runner_photos/IMG54789e6nVMcQ_1417002475140.jpg', '9868353262', '', 820, '2014-11-26 01:17:55'),
(432, 2, 6, 9, 6, 'tracer_mob_data/dist_photos/IMG77777DJYCUm2_1417003014348.jpg', 'tracer_mob_data/dist_signatures/SIGN77777DJYCUm2_1417003014348.jpg', 'tracer_mob_data/runner_photos/IMG77777DJYCUm2_1417003014348.jpg', '9999999999', '', 823, '2014-11-26 01:26:54'),
(433, 14, 7, 7, 0, 'tracer_mob_data/dist_photos/IMG54789e6nVMcQ_1417003018330.jpg', 'tracer_mob_data/dist_signatures/SIGN54789e6nVMcQ_1417003018330.jpg', 'tracer_mob_data/runner_photos/IMG54789e6nVMcQ_1417003018330.jpg', '9565344618', '', 824, '2014-11-26 01:26:58'),
(434, 3, 3, 3, 3, 'tracer_mob_data/dist_photos/IMG77777DJYCUm2_1417013969228.jpg', 'tracer_mob_data/dist_signatures/SIGN77777DJYCUm2_1417013969228.jpg', 'tracer_mob_data/runner_photos/IMG77777DJYCUm2_1417013969228.jpg', '9999999999', '', 835, '2014-11-26 04:29:29'),
(435, 3, 6, 6, 6, 'tracer_mob_data/dist_photos/IMG77777DJYCUm2_1417014208512.jpg', 'tracer_mob_data/dist_signatures/SIGN77777DJYCUm2_1417014208512.jpg', 'tracer_mob_data/runner_photos/IMG77777DJYCUm2_1417014208512.jpg', '6666666666', '', 836, '2014-11-26 04:33:28'),
(436, 3, 6, 9, 9, 'tracer_mob_data/dist_photos/IMG77777DJYCUm2_1417014472678.jpg', 'tracer_mob_data/dist_signatures/SIGN77777DJYCUm2_1417014472678.jpg', 'tracer_mob_data/runner_photos/IMG77777DJYCUm2_1417014472678.jpg', '9999999999', '', 837, '2014-11-26 04:37:52'),
(437, 2, 5, 3, 6, 'tracer_mob_data/dist_photos/IMG77777DJYCUm2_1417019439937.jpg', 'tracer_mob_data/dist_signatures/SIGN77777DJYCUm2_1417019439937.jpg', 'tracer_mob_data/runner_photos/IMG77777DJYCUm2_1417019439937.jpg', '6666666666', '', 840, '2014-11-26 06:00:39'),
(438, 3, 6, 3, 3, 'tracer_mob_data/dist_photos/IMG47777xfNnMSS_1417020320652.jpg', 'tracer_mob_data/dist_signatures/SIGN47777xfNnMSS_1417020320652.jpg', 'tracer_mob_data/runner_photos/IMG47777xfNnMSS_1417020320652.jpg', '9999699999', '', 841, '2014-11-26 06:15:20'),
(439, 2, 3, 2, 3, 'tracer_mob_data/dist_photos/IMG47777xfNnMSS_1417021340077.jpg', 'tracer_mob_data/dist_signatures/SIGN47777xfNnMSS_1417021340077.jpg', 'tracer_mob_data/runner_photos/IMG47777xfNnMSS_1417021340077.jpg', '5555885885', '', 842, '2014-11-26 06:32:20'),
(440, 3, 6, 6, 3, 'tracer_mob_data/dist_photos/IMG77777TkuuF3X_1417079154758.jpg', 'tracer_mob_data/dist_signatures/SIGN77777TkuuF3X_1417079154758.jpg', 'tracer_mob_data/runner_photos/IMG77777TkuuF3X_1417079154758.jpg', '9999999999', '', 843, '2014-11-26 22:35:54'),
(441, 3, 6, 6, 9, 'tracer_mob_data/dist_photos/IMG77777TkuuF3X_1417079391485.jpg', 'tracer_mob_data/dist_signatures/SIGN77777TkuuF3X_1417079391485.jpg', 'tracer_mob_data/runner_photos/IMG77777TkuuF3X_1417079391485.jpg', '9999999999', '', 844, '2014-11-26 22:39:51'),
(442, 2, 3, 3, 3, 'tracer_mob_data/dist_photos/IMG77777TkuuF3X_1417079985787.jpg', 'tracer_mob_data/dist_signatures/SIGN77777TkuuF3X_1417079985787.jpg', 'tracer_mob_data/runner_photos/IMG77777TkuuF3X_1417079985787.jpg', '3333338686', '', 845, '2014-11-26 22:49:45'),
(443, 6, 3, 3, 3, 'tracer_mob_data/dist_photos/IMG77777TkuuF3X_1417080317468.jpg', 'tracer_mob_data/dist_signatures/SIGN77777TkuuF3X_1417080317468.jpg', 'tracer_mob_data/runner_photos/IMG77777TkuuF3X_1417080317468.jpg', '6666666666', '', 846, '2014-11-26 22:55:17'),
(444, 3, 6, 6, 6, 'tracer_mob_data/dist_photos/IMG77777TkuuF3X_1417083413011.jpg', 'tracer_mob_data/dist_signatures/SIGN77777TkuuF3X_1417083413011.jpg', 'tracer_mob_data/runner_photos/IMG77777TkuuF3X_1417083413011.jpg', '9999999999', '', 847, '2014-11-26 23:46:53'),
(445, 2, 3, 6, 3, 'tracer_mob_data/dist_photos/IMG47777wpNHQUi_1417083860846.jpg', 'tracer_mob_data/dist_signatures/SIGN47777wpNHQUi_1417083860846.jpg', 'tracer_mob_data/runner_photos/IMG47777wpNHQUi_1417083860846.jpg', '9699999699', '', 848, '2014-11-26 23:54:20'),
(446, 6, 3, 3, 6, 'tracer_mob_data/dist_photos/IMG47777wpNHQUi_1417084214995.jpg', 'tracer_mob_data/dist_signatures/SIGN47777wpNHQUi_1417084214995.jpg', 'tracer_mob_data/runner_photos/IMG47777wpNHQUi_1417084214995.jpg', '6666666666', '', 849, '2014-11-27 00:00:14'),
(447, 3, 6, 9, 9, 'tracer_mob_data/dist_photos/IMG47777nIL8Jn2_1418482094645.jpg', 'tracer_mob_data/dist_signatures/SIGN47777nIL8Jn2_1418482094645.jpg', 'tracer_mob_data/runner_photos/IMG47777nIL8Jn2_1418482094645.jpg', '6666666666', '', 850, '2014-12-13 04:18:14'),
(448, 6, 6, 9, 9, 'tracer_mob_data/dist_photos/IMG47777nIL8Jn2_1418482171698.jpg', 'tracer_mob_data/dist_signatures/SIGN47777nIL8Jn2_1418482171698.jpg', 'tracer_mob_data/runner_photos/IMG47777nIL8Jn2_1418482171698.jpg', '9999999999', '', 851, '2014-12-13 04:19:31'),
(449, 3, 6, 6, 9, 'tracer_mob_data/dist_photos/IMG77777GpWWWww_1418482351026.jpg', 'tracer_mob_data/dist_signatures/SIGN77777GpWWWww_1418482351026.jpg', 'tracer_mob_data/runner_photos/IMG77777GpWWWww_1418482351026.jpg', '6666666666', '', 852, '2014-12-13 04:22:31'),
(450, 3, 9, 9, 9, 'tracer_mob_data/dist_photos/IMG77777GpWWWww_1418482405258.jpg', 'tracer_mob_data/dist_signatures/SIGN77777GpWWWww_1418482405258.jpg', 'tracer_mob_data/runner_photos/IMG77777GpWWWww_1418482405258.jpg', '9999999999', '', 853, '2014-12-13 04:23:25'),
(451, 3, 3, 6, 6, 'tracer_mob_data/dist_photos/IMG77777GpWWWww_1418483035392.jpg', 'tracer_mob_data/dist_signatures/SIGN77777GpWWWww_1418483035392.jpg', 'tracer_mob_data/runner_photos/IMG77777GpWWWww_1418483035392.jpg', '9669999999', '', 854, '2014-12-13 04:33:55'),
(452, 3, 6, 9, 9, 'tracer_mob_data/dist_photos/IMG77777GpWWWww_1418483106057.jpg', 'tracer_mob_data/dist_signatures/SIGN77777GpWWWww_1418483106057.jpg', 'tracer_mob_data/runner_photos/IMG77777GpWWWww_1418483106057.jpg', '9999999999', '', 855, '2014-12-13 04:35:06'),
(453, 3, 9, 9, 9, 'tracer_mob_data/dist_photos/IMG77777GpWWWww_1418483169048.jpg', 'tracer_mob_data/dist_signatures/SIGN77777GpWWWww_1418483169048.jpg', 'tracer_mob_data/runner_photos/IMG77777GpWWWww_1418483169048.jpg', '9999999999', '', 856, '2014-12-13 04:36:09'),
(454, 3, 9, 9, 9, 'tracer_mob_data/dist_photos/IMG77777YelOOTi_1418537071961.jpg', 'tracer_mob_data/dist_signatures/SIGN77777YelOOTi_1418537071961.jpg', 'tracer_mob_data/runner_photos/IMG77777YelOOTi_1418537071961.jpg', '9999999999', '', 857, '2014-12-13 19:34:31'),
(455, 3, 6, 66, 9, 'tracer_mob_data/dist_photos/IMG77777YelOOTi_1418537342103.jpg', 'tracer_mob_data/dist_signatures/SIGN77777YelOOTi_1418537342103.jpg', 'tracer_mob_data/runner_photos/IMG77777YelOOTi_1418537342103.jpg', '9999999999', '', 858, '2014-12-13 19:39:02'),
(456, 3, 9, 9, 9, 'tracer_mob_data/dist_photos/IMG77777YelOOTi_1418537584896.jpg', 'tracer_mob_data/dist_signatures/SIGN77777YelOOTi_1418537584896.jpg', 'tracer_mob_data/runner_photos/IMG77777YelOOTi_1418537584896.jpg', '9999999999', '', 859, '2014-12-13 19:43:04'),
(457, 3, 9, 6, 6, 'tracer_mob_data/dist_photos/IMG77777YelOOTi_1418537853385.jpg', 'tracer_mob_data/dist_signatures/SIGN77777YelOOTi_1418537853385.jpg', 'tracer_mob_data/runner_photos/IMG77777YelOOTi_1418537853385.jpg', '9999999999', '', 860, '2014-12-13 19:47:33'),
(458, 3, 9, 3, 6, 'tracer_mob_data/dist_photos/IMG77777YelOOTi_1418538173293.jpg', 'tracer_mob_data/dist_signatures/SIGN77777YelOOTi_1418538173293.jpg', 'tracer_mob_data/runner_photos/IMG77777YelOOTi_1418538173293.jpg', '9999999999', '', 861, '2014-12-13 19:52:53'),
(459, 3, 6, 3, 6, 'tracer_mob_data/dist_photos/IMG47777VpQCmNV_1418538446743.jpg', 'tracer_mob_data/dist_signatures/SIGN47777VpQCmNV_1418538446743.jpg', 'tracer_mob_data/runner_photos/IMG47777VpQCmNV_1418538446743.jpg', '9999999999', '', 863, '2014-12-13 19:57:26'),
(460, 3, 6, 3, 6, 'tracer_mob_data/dist_photos/IMG47777VpQCmNV_1418538538614.jpg', 'tracer_mob_data/dist_signatures/SIGN47777VpQCmNV_1418538538614.jpg', 'tracer_mob_data/runner_photos/IMG47777VpQCmNV_1418538538614.jpg', '9999999999', '', 864, '2014-12-13 19:58:58'),
(461, 3, 9, 9, 9, 'tracer_mob_data/dist_photos/IMG22369Pb42wwY_1418539041115.jpg', 'tracer_mob_data/dist_signatures/SIGN22369Pb42wwY_1418539041115.jpg', 'tracer_mob_data/runner_photos/IMG22369Pb42wwY_1418539041115.jpg', '9999999999', '', 865, '2014-12-13 20:07:21'),
(462, 3, 6, 3, 9, 'tracer_mob_data/dist_photos/IMG22369Pb42wwY_1418539096988.jpg', 'tracer_mob_data/dist_signatures/SIGN22369Pb42wwY_1418539096988.jpg', 'tracer_mob_data/runner_photos/IMG22369Pb42wwY_1418539096988.jpg', '9888888888', '', 866, '2014-12-13 20:08:16'),
(463, 3, 9, 6, 222, 'tracer_mob_data/dist_photos/IMG22369Pb42wwY_1418539197406.jpg', 'tracer_mob_data/dist_signatures/SIGN22369Pb42wwY_1418539197406.jpg', 'tracer_mob_data/runner_photos/IMG22369Pb42wwY_1418539197406.jpg', '8555555555', '', 867, '2014-12-13 20:09:57'),
(464, 3, 6, 9, 9, 'tracer_mob_data/dist_photos/IMG22369Pb42wwY_1418539319446.jpg', 'tracer_mob_data/dist_signatures/SIGN22369Pb42wwY_1418539319446.jpg', 'tracer_mob_data/runner_photos/IMG22369Pb42wwY_1418539319446.jpg', '9999999999', '', 868, '2014-12-13 20:11:59'),
(465, 3, 6, 9, 9, 'tracer_mob_data/dist_photos/IMG22369Pb42wwY_1418539789441.jpg', 'tracer_mob_data/dist_signatures/SIGN22369Pb42wwY_1418539789441.jpg', 'tracer_mob_data/runner_photos/IMG22369Pb42wwY_1418539789441.jpg', '9999999999', '', 869, '2014-12-13 20:19:49'),
(466, 6, 9, 9, 9, 'tracer_mob_data/dist_photos/IMG22369Pb42wwY_1418539908341.jpg', 'tracer_mob_data/dist_signatures/SIGN22369Pb42wwY_1418539908341.jpg', 'tracer_mob_data/runner_photos/IMG22369Pb42wwY_1418539908341.jpg', '9999999999', '', 870, '2014-12-13 20:21:48'),
(467, 3, 6, 9, 9, 'tracer_mob_data/dist_photos/IMG97777OyeF4t0_1418540087791.jpg', 'tracer_mob_data/dist_signatures/SIGN97777OyeF4t0_1418540087791.jpg', 'tracer_mob_data/runner_photos/IMG97777OyeF4t0_1418540087791.jpg', '9999999999', '', 871, '2014-12-13 20:24:47'),
(468, 3, 6, 6, 9, 'tracer_mob_data/dist_photos/IMG97777OyeF4t0_1418540351749.jpg', 'tracer_mob_data/dist_signatures/SIGN97777OyeF4t0_1418540351749.jpg', 'tracer_mob_data/runner_photos/IMG97777OyeF4t0_1418540351749.jpg', '9999999999', '', 872, '2014-12-13 20:29:11'),
(469, 3, 6, 9, 6, 'tracer_mob_data/dist_photos/IMG97777OyeF4t0_1418544421246.jpg', 'tracer_mob_data/dist_signatures/SIGN97777OyeF4t0_1418544421246.jpg', 'tracer_mob_data/runner_photos/IMG97777OyeF4t0_1418544421246.jpg', '3333333333', '', 873, '2014-12-13 21:37:01'),
(470, 3, 6, 6, 3, 'tracer_mob_data/dist_photos/IMG97777OyeF4t0_1418544664498.jpg', 'tracer_mob_data/dist_signatures/SIGN97777OyeF4t0_1418544664498.jpg', 'tracer_mob_data/runner_photos/IMG97777OyeF4t0_1418544664498.jpg', '9999666666', '', 875, '2014-12-13 21:41:04'),
(471, 6, 3, 3, 3, 'tracer_mob_data/dist_photos/IMG97777OyeF4t0_1418544788431.jpg', 'tracer_mob_data/dist_signatures/SIGN97777OyeF4t0_1418544788431.jpg', 'tracer_mob_data/runner_photos/IMG97777OyeF4t0_1418544788431.jpg', '3333333333', '', 876, '2014-12-13 21:43:08'),
(472, 3, 6, 6, 3, 'tracer_mob_data/dist_photos/IMG07777Zh6cESk_1418544985093.jpg', 'tracer_mob_data/dist_signatures/SIGN07777Zh6cESk_1418544985093.jpg', 'tracer_mob_data/runner_photos/IMG07777Zh6cESk_1418544985093.jpg', '9999999999', '', 877, '2014-12-13 21:46:25'),
(473, 3, 6, 6, 6, 'tracer_mob_data/dist_photos/IMG07777Zh6cESk_1418545063141.jpg', 'tracer_mob_data/dist_signatures/SIGN07777Zh6cESk_1418545063141.jpg', 'tracer_mob_data/runner_photos/IMG07777Zh6cESk_1418545063141.jpg', '9666666666', '', 878, '2014-12-13 21:47:43'),
(474, 3, 6, 9, 3, 'tracer_mob_data/dist_photos/IMG07777Zh6cESk_1418545300941.jpg', 'tracer_mob_data/dist_signatures/SIGN07777Zh6cESk_1418545300941.jpg', 'tracer_mob_data/runner_photos/IMG07777Zh6cESk_1418545300941.jpg', '6666666666', '', 879, '2014-12-13 21:51:40'),
(475, 3, 6, 9, 3, 'tracer_mob_data/dist_photos/IMG07777Zh6cESk_1418545496718.jpg', 'tracer_mob_data/dist_signatures/SIGN07777Zh6cESk_1418545496718.jpg', 'tracer_mob_data/runner_photos/IMG07777Zh6cESk_1418545496718.jpg', '3333333333', '', 880, '2014-12-13 21:54:56'),
(476, 3, 6, 9, 3, 'tracer_mob_data/dist_photos/IMG07777Zh6cESk_1418545585780.jpg', 'tracer_mob_data/dist_signatures/SIGN07777Zh6cESk_1418545585780.jpg', 'tracer_mob_data/runner_photos/IMG07777Zh6cESk_1418545585780.jpg', '6666666666', '', 881, '2014-12-13 21:56:25'),
(477, 3, 6, 6, 6, 'tracer_mob_data/dist_photos/IMG50777rx5KbON_1418545758907.jpg', 'tracer_mob_data/dist_signatures/SIGN50777rx5KbON_1418545758907.jpg', 'tracer_mob_data/runner_photos/IMG50777rx5KbON_1418545758907.jpg', '9999999999', '', 882, '2014-12-13 21:59:18'),
(478, 3, 6, 9, 6, 'tracer_mob_data/dist_photos/IMG50777rx5KbON_1418545886542.jpg', 'tracer_mob_data/dist_signatures/SIGN50777rx5KbON_1418545886542.jpg', 'tracer_mob_data/runner_photos/IMG50777rx5KbON_1418545886542.jpg', '6666666666', '', 883, '2014-12-13 22:01:26'),
(479, 6, 3, 6, 6, 'tracer_mob_data/dist_photos/IMG50777rx5KbON_1418546065391.jpg', 'tracer_mob_data/dist_signatures/SIGN50777rx5KbON_1418546065391.jpg', 'tracer_mob_data/runner_photos/IMG50777rx5KbON_1418546065391.jpg', '6663333333', '', 884, '2014-12-13 22:04:25'),
(480, 3, 6, 9, 9, 'tracer_mob_data/dist_photos/IMG50777rx5KbON_1418546142480.jpg', 'tracer_mob_data/dist_signatures/SIGN50777rx5KbON_1418546142480.jpg', 'tracer_mob_data/runner_photos/IMG50777rx5KbON_1418546142480.jpg', '9996666336', '', 885, '2014-12-13 22:05:42'),
(481, 3, 6, 9, 9, 'tracer_mob_data/dist_photos/IMG17777Oib2RUI_1418546483092.jpg', 'tracer_mob_data/dist_signatures/SIGN17777Oib2RUI_1418546483092.jpg', 'tracer_mob_data/runner_photos/IMG17777Oib2RUI_1418546483092.jpg', '9999999999', '', 886, '2014-12-13 22:11:23'),
(482, 3, 6, 6, 6, 'tracer_mob_data/dist_photos/IMG17777Oib2RUI_1418546578532.jpg', 'tracer_mob_data/dist_signatures/SIGN17777Oib2RUI_1418546578532.jpg', 'tracer_mob_data/runner_photos/IMG17777Oib2RUI_1418546578532.jpg', '6666666666', '', 887, '2014-12-13 22:12:58'),
(483, 3, 6, 3, 6, 'tracer_mob_data/dist_photos/IMG00999VVLC8MG_1418547173728.jpg', 'tracer_mob_data/dist_signatures/SIGN00999VVLC8MG_1418547173728.jpg', 'tracer_mob_data/runner_photos/IMG00999VVLC8MG_1418547173728.jpg', '6666666666', '', 890, '2014-12-13 22:22:53'),
(484, 2, 3, 3, 3, 'tracer_mob_data/dist_photos/IMG00999VVLC8MG_1418551254271.jpg', 'tracer_mob_data/dist_signatures/SIGN00999VVLC8MG_1418551254271.jpg', 'tracer_mob_data/runner_photos/IMG00999VVLC8MG_1418551254271.jpg', '3339999999', '', 898, '2014-12-13 23:30:54'),
(485, 3, 3, 3, 3, 'tracer_mob_data/dist_photos/IMG00999VVLC8MG_1418551313345.jpg', 'tracer_mob_data/dist_signatures/SIGN00999VVLC8MG_1418551313345.jpg', 'tracer_mob_data/runner_photos/IMG00999VVLC8MG_1418551313345.jpg', '3666666666', '', 899, '2014-12-13 23:31:53'),
(486, 1, 5, 6, 6, 'tracer_mob_data/dist_photos/IMG47777TnjL80J_1419247135140.jpg', 'tracer_mob_data/dist_signatures/SIGN47777TnjL80J_1419247135140.jpg', 'tracer_mob_data/runner_photos/IMG47777TnjL80J_1419247135140.jpg', '9999999999', '', 905, '2014-12-22 00:48:55'),
(487, 1, 5, 6, 5, 'tracer_mob_data/dist_photos/IMG47777TnjL80J_1419247293451.jpg', 'tracer_mob_data/dist_signatures/SIGN47777TnjL80J_1419247293451.jpg', 'tracer_mob_data/runner_photos/IMG47777TnjL80J_1419247293451.jpg', '6699998888', '', 906, '2014-12-22 00:51:33'),
(488, 2, 2, 0, 0, 'tracer_mob_data/dist_photos/IMG09999sTYnHdM_1419258549289.jpg', 'tracer_mob_data/dist_signatures/SIGN09999sTYnHdM_1419258549289.jpg', 'tracer_mob_data/runner_photos/IMG09999sTYnHdM_1419258549289.jpg', '9703541622', '', 910, '2014-12-22 03:59:09'),
(489, 5, 5, 0, 0, 'tracer_mob_data/dist_photos/IMG54789uf6yGZv_1419258663091.jpg', 'tracer_mob_data/dist_signatures/SIGN54789uf6yGZv_1419258663091.jpg', 'tracer_mob_data/runner_photos/IMG54789uf6yGZv_1419258663091.jpg', '9898656565', '', 911, '2014-12-22 04:01:03'),
(490, 4, 4, 0, 0, 'tracer_mob_data/dist_photos/IMG09999sTYnHdM_1419258802134.jpg', 'tracer_mob_data/dist_signatures/SIGN09999sTYnHdM_1419258802134.jpg', 'tracer_mob_data/runner_photos/IMG09999sTYnHdM_1419258802134.jpg', '9703541622', '', 912, '2014-12-22 04:03:22'),
(491, 6, 6, 0, 0, 'tracer_mob_data/dist_photos/IMG54789uf6yGZv_1419258849528.jpg', 'tracer_mob_data/dist_signatures/SIGN54789uf6yGZv_1419258849528.jpg', 'tracer_mob_data/runner_photos/IMG54789uf6yGZv_1419258849528.jpg', '9556535659', '', 913, '2014-12-22 04:04:09'),
(492, 7, 7, 0, 0, 'tracer_mob_data/dist_photos/IMG54789uf6yGZv_1419259070753.jpg', 'tracer_mob_data/dist_signatures/SIGN54789uf6yGZv_1419259070753.jpg', 'tracer_mob_data/runner_photos/IMG54789uf6yGZv_1419259070753.jpg', '9894343344', '', 914, '2014-12-22 04:07:50'),
(493, 8, 8, 0, 0, 'tracer_mob_data/dist_photos/IMG09999sTYnHdM_1419259099905.jpg', 'tracer_mob_data/dist_signatures/SIGN09999sTYnHdM_1419259099905.jpg', 'tracer_mob_data/runner_photos/IMG09999sTYnHdM_1419259099905.jpg', '9642009873', '', 915, '2014-12-22 04:08:19'),
(494, 8, 8, 0, 0, 'tracer_mob_data/dist_photos/IMG54789uf6yGZv_1419259250151.jpg', 'tracer_mob_data/dist_signatures/SIGN54789uf6yGZv_1419259250151.jpg', 'tracer_mob_data/runner_photos/IMG54789uf6yGZv_1419259250151.jpg', '9565634346', '', 916, '2014-12-22 04:10:50'),
(495, 9, 9, 0, 0, 'tracer_mob_data/dist_photos/IMG54789uf6yGZv_1419259365974.jpg', 'tracer_mob_data/dist_signatures/SIGN54789uf6yGZv_1419259365974.jpg', 'tracer_mob_data/runner_photos/IMG54789uf6yGZv_1419259365974.jpg', '9894643316', '', 917, '2014-12-22 04:12:45'),
(496, 12, 12, 0, 0, 'tracer_mob_data/dist_photos/IMG09999sTYnHdM_1419259373022.jpg', 'tracer_mob_data/dist_signatures/SIGN09999sTYnHdM_1419259373022.jpg', 'tracer_mob_data/runner_photos/IMG09999sTYnHdM_1419259373022.jpg', '9703541622', '', 918, '2014-12-22 04:12:53'),
(497, 16, 16, 0, 0, 'tracer_mob_data/dist_photos/IMG09999sTYnHdM_1419259562763.jpg', 'tracer_mob_data/dist_signatures/SIGN09999sTYnHdM_1419259562763.jpg', 'tracer_mob_data/runner_photos/IMG09999sTYnHdM_1419259562763.jpg', '9703541622', '', 919, '2014-12-22 04:16:02'),
(498, 2, 6, 6, 9, 'tracer_mob_data/dist_photos/IMG47777uGCiLiK_1419398908820.jpg', 'tracer_mob_data/dist_signatures/SIGN47777uGCiLiK_1419398908820.jpg', 'tracer_mob_data/runner_photos/IMG47777uGCiLiK_1419398908820.jpg', '9999999999', '', 921, '2014-12-23 18:58:28'),
(499, 1, 3, 6, 6, 'tracer_mob_data/dist_photos/IMG777776idGFEu_1420539916511.jpg', 'tracer_mob_data/dist_signatures/SIGN777776idGFEu_1420539916511.jpg', 'tracer_mob_data/runner_photos/IMG777776idGFEu_1420539916511.jpg', '9999999999', '', 923, '2015-01-05 23:55:16'),
(500, 2, 3, 3, 3, 'tracer_mob_data/dist_photos/IMG777776idGFEu_1420539979808.jpg', 'tracer_mob_data/dist_signatures/SIGN777776idGFEu_1420539979808.jpg', 'tracer_mob_data/runner_photos/IMG777776idGFEu_1420539979808.jpg', '6868668686', '', 924, '2015-01-05 23:56:19'),
(501, 5, 6, 9, 9, 'tracer_mob_data/dist_photos/IMG777776idGFEu_1420540268500.jpg', 'tracer_mob_data/dist_signatures/SIGN777776idGFEu_1420540268500.jpg', 'tracer_mob_data/runner_photos/IMG777776idGFEu_1420540268500.jpg', '9999999999', '', 925, '2015-01-06 00:01:08'),
(502, 1, 5, 8, 8, 'tracer_mob_data/dist_photos/IMG777776idGFEu_1420540466546.jpg', 'tracer_mob_data/dist_signatures/SIGN777776idGFEu_1420540466546.jpg', 'tracer_mob_data/runner_photos/IMG777776idGFEu_1420540466546.jpg', '8888888888', '', 926, '2015-01-06 00:04:26'),
(503, 2, 6, 9, 9, 'tracer_mob_data/dist_photos/IMG777776idGFEu_1420540552579.jpg', 'tracer_mob_data/dist_signatures/SIGN777776idGFEu_1420540552579.jpg', 'tracer_mob_data/runner_photos/IMG777776idGFEu_1420540552579.jpg', '9999999999', '', 927, '2015-01-06 00:05:52'),
(504, 5, 9, 9, 9, 'tracer_mob_data/dist_photos/IMG777776idGFEu_1420540643695.jpg', 'tracer_mob_data/dist_signatures/SIGN777776idGFEu_1420540643695.jpg', 'tracer_mob_data/runner_photos/IMG777776idGFEu_1420540643695.jpg', '9996666699', '', 928, '2015-01-06 00:07:23'),
(505, 2, 6, 9, 9, 'tracer_mob_data/dist_photos/IMG777776idGFEu_1420540828252.jpg', 'tracer_mob_data/dist_signatures/SIGN777776idGFEu_1420540828252.jpg', 'tracer_mob_data/runner_photos/IMG777776idGFEu_1420540828252.jpg', '9999999999', '', 929, '2015-01-06 00:10:28'),
(506, 2, 6, 6, 6, 'tracer_mob_data/dist_photos/IMG777776idGFEu_1420541218042.jpg', 'tracer_mob_data/dist_signatures/SIGN777776idGFEu_1420541218042.jpg', 'tracer_mob_data/runner_photos/IMG777776idGFEu_1420541218042.jpg', '9999999999', '', 930, '2015-01-06 00:16:58'),
(507, 5, 9, 9, 9, 'tracer_mob_data/dist_photos/IMG777776idGFEu_1420541603049.jpg', 'tracer_mob_data/dist_signatures/SIGN777776idGFEu_1420541603049.jpg', 'tracer_mob_data/runner_photos/IMG777776idGFEu_1420541603049.jpg', '9999999999', '', 932, '2015-01-06 00:23:23'),
(508, 5, 8, 8, 99, 'tracer_mob_data/dist_photos/IMG777776idGFEu_1420541797560.jpg', 'tracer_mob_data/dist_signatures/SIGN777776idGFEu_1420541797560.jpg', 'tracer_mob_data/runner_photos/IMG777776idGFEu_1420541797560.jpg', '9999999999', '', 933, '2015-01-06 00:26:37'),
(509, 2, 6, 9, 9, 'tracer_mob_data/dist_photos/IMG777776idGFEu_1420541994329.jpg', 'tracer_mob_data/dist_signatures/SIGN777776idGFEu_1420541994329.jpg', 'tracer_mob_data/runner_photos/IMG777776idGFEu_1420541994329.jpg', '9999999999', '', 934, '2015-01-06 00:29:54'),
(510, 5, 6, 9, 9, 'tracer_mob_data/dist_photos/IMG777776idGFEu_1420542258801.jpg', 'tracer_mob_data/dist_signatures/SIGN777776idGFEu_1420542258801.jpg', 'tracer_mob_data/runner_photos/IMG777776idGFEu_1420542258801.jpg', '9999999999', '', 935, '2015-01-06 00:34:18'),
(511, 5, 9, 9, 9, 'tracer_mob_data/dist_photos/IMG777776idGFEu_1420543197319.jpg', 'tracer_mob_data/dist_signatures/SIGN777776idGFEu_1420543197319.jpg', 'tracer_mob_data/runner_photos/IMG777776idGFEu_1420543197319.jpg', '9999999999', '', 936, '2015-01-06 00:49:57'),
(512, 1, 3, 3, 6, 'tracer_mob_data/dist_photos/IMG77777iXTLcZq_1420626959090.jpg', 'tracer_mob_data/dist_signatures/SIGN77777iXTLcZq_1420626959090.jpg', 'tracer_mob_data/runner_photos/IMG77777iXTLcZq_1420626959090.jpg', '9999999999', '', 943, '2015-01-07 00:05:59'),
(513, 2, 6, 9, 9, 'tracer_mob_data/dist_photos/IMG77777iXTLcZq_1420627046841.jpg', 'tracer_mob_data/dist_signatures/SIGN77777iXTLcZq_1420627046841.jpg', 'tracer_mob_data/runner_photos/IMG77777iXTLcZq_1420627046841.jpg', '9999666666', '', 945, '2015-01-07 00:07:26'),
(514, 2, 3, 6, 9, 'tracer_mob_data/dist_photos/IMG77777ZEHDTnN_1420712334619.jpg', 'tracer_mob_data/dist_signatures/SIGN77777ZEHDTnN_1420712334619.jpg', 'tracer_mob_data/runner_photos/IMG77777ZEHDTnN_1420712334619.jpg', '9999999999', '', 946, '2015-01-07 23:48:54'),
(515, 3, 6, 9, 6, 'tracer_mob_data/dist_photos/IMG77777ZEHDTnN_1420712384929.jpg', 'tracer_mob_data/dist_signatures/SIGN77777ZEHDTnN_1420712384929.jpg', 'tracer_mob_data/runner_photos/IMG77777ZEHDTnN_1420712384929.jpg', '9999999999', '', 947, '2015-01-07 23:49:44'),
(516, 3, 6, 9, 9, 'tracer_mob_data/dist_photos/IMG77777ZEHDTnN_1420712554476.jpg', 'tracer_mob_data/dist_signatures/SIGN77777ZEHDTnN_1420712554476.jpg', 'tracer_mob_data/runner_photos/IMG77777ZEHDTnN_1420712554476.jpg', '9999999999', '', 948, '2015-01-07 23:52:34'),
(517, 2, 6, 9, 9, 'tracer_mob_data/dist_photos/IMG47777uMuWZmD_1420780937627.jpg', 'tracer_mob_data/dist_signatures/SIGN47777uMuWZmD_1420780937627.jpg', 'tracer_mob_data/runner_photos/IMG47777uMuWZmD_1420780937627.jpg', '9999999999', '', 951, '2015-01-08 18:52:17'),
(518, 6, 9, 9, 9, 'tracer_mob_data/dist_photos/IMG47777uMuWZmD_1420781159418.jpg', 'tracer_mob_data/dist_signatures/SIGN47777uMuWZmD_1420781159418.jpg', 'tracer_mob_data/runner_photos/IMG47777uMuWZmD_1420781159418.jpg', '9999999999', '', 952, '2015-01-08 18:55:59'),
(519, 5, 9, 9, 9, 'tracer_mob_data/dist_photos/IMG97777qb8b3XR_1420781646444.jpg', 'tracer_mob_data/dist_signatures/SIGN97777qb8b3XR_1420781646444.jpg', 'tracer_mob_data/runner_photos/IMG97777qb8b3XR_1420781646444.jpg', '9999999669', '', 953, '2015-01-08 19:04:06'),
(520, 3, 6, 6, 6, 'tracer_mob_data/dist_photos/IMG77777Y69U5av_1421057161038.jpg', 'tracer_mob_data/dist_signatures/SIGN77777Y69U5av_1421057161038.jpg', 'tracer_mob_data/runner_photos/IMG77777Y69U5av_1421057161038.jpg', '3333333333', '', 955, '2015-01-11 23:36:01'),
(521, 3, 6, 6, 6, 'tracer_mob_data/dist_photos/IMG77777Y69U5av_1421070389376.jpg', 'tracer_mob_data/dist_signatures/SIGN77777Y69U5av_1421070389376.jpg', 'tracer_mob_data/runner_photos/IMG77777Y69U5av_1421070389376.jpg', '6666999999', '', 965, '2015-01-12 03:16:29'),
(522, 3, 6, 9, 6, 'tracer_mob_data/dist_photos/IMG77777Y69U5av_1421071407042.jpg', 'tracer_mob_data/dist_signatures/SIGN77777Y69U5av_1421071407042.jpg', 'tracer_mob_data/runner_photos/IMG77777Y69U5av_1421071407042.jpg', '6666666666', '', 967, '2015-01-12 03:33:27'),
(523, 3, 6, 6, 6, 'tracer_mob_data/dist_photos/IMG07777iQoK5Ze_1421122564195.jpg', 'tracer_mob_data/dist_signatures/SIGN07777iQoK5Ze_1421122564195.jpg', 'tracer_mob_data/runner_photos/IMG07777iQoK5Ze_1421122564195.jpg', '6666666666', '', 968, '2015-01-12 17:46:04'),
(524, 3, 6, 9, 6, 'tracer_mob_data/dist_photos/IMG07777OxIghFB_1421127164229.jpg', 'tracer_mob_data/dist_signatures/SIGN07777OxIghFB_1421127164229.jpg', 'tracer_mob_data/runner_photos/IMG07777OxIghFB_1421127164229.jpg', '6699999999', '', 972, '2015-01-12 19:02:44'),
(525, 3, 6, 6, 6, 'tracer_mob_data/dist_photos/IMG07777OxIghFB_1421127231254.jpg', 'tracer_mob_data/dist_signatures/SIGN07777OxIghFB_1421127231254.jpg', 'tracer_mob_data/runner_photos/IMG07777OxIghFB_1421127231254.jpg', '6555888888', '', 973, '2015-01-12 19:03:51'),
(526, 3, 6, 6, 6, 'tracer_mob_data/dist_photos/IMG07777OxIghFB_1421127275275.jpg', 'tracer_mob_data/dist_signatures/SIGN07777OxIghFB_1421127275275.jpg', 'tracer_mob_data/runner_photos/IMG07777OxIghFB_1421127275275.jpg', '9999999999', '', 974, '2015-01-12 19:04:35'),
(527, 5, 6, 6, 9, 'tracer_mob_data/dist_photos/IMG07777OxIghFB_1421127321858.jpg', 'tracer_mob_data/dist_signatures/SIGN07777OxIghFB_1421127321858.jpg', 'tracer_mob_data/runner_photos/IMG07777OxIghFB_1421127321858.jpg', '6996999999', '', 975, '2015-01-12 19:05:21'),
(528, 3, 6, 6, 6, 'tracer_mob_data/dist_photos/IMG07777OxIghFB_1421127441109.jpg', 'tracer_mob_data/dist_signatures/SIGN07777OxIghFB_1421127441109.jpg', 'tracer_mob_data/runner_photos/IMG07777OxIghFB_1421127441109.jpg', '6668825858', '', 976, '2015-01-12 19:07:21'),
(529, 3, 6, 6, 9, 'tracer_mob_data/dist_photos/IMG07777OxIghFB_1421127543719.jpg', 'tracer_mob_data/dist_signatures/SIGN07777OxIghFB_1421127543719.jpg', 'tracer_mob_data/runner_photos/IMG07777OxIghFB_1421127543719.jpg', '9999999999', '', 977, '2015-01-12 19:09:03'),
(530, 2, 2, 0, 0, 'tracer_mob_data/dist_photos/IMG977777uEVuK7_1421133710995.jpg', 'tracer_mob_data/dist_signatures/SIGN977777uEVuK7_1421133710995.jpg', 'tracer_mob_data/runner_photos/IMG977777uEVuK7_1421133710995.jpg', '9000143256', '', 979, '2015-01-12 20:51:50'),
(531, 6, 6, 6, 6, 'tracer_mob_data/dist_photos/IMG977777uEVuK7_1421135793563.jpg', 'tracer_mob_data/dist_signatures/SIGN977777uEVuK7_1421135793563.jpg', 'tracer_mob_data/runner_photos/IMG977777uEVuK7_1421135793563.jpg', '6666666666', '', 982, '2015-01-12 21:26:33'),
(532, 6, 6, 66, 66, 'tracer_mob_data/dist_photos/IMG977777uEVuK7_1421139404039.jpg', 'tracer_mob_data/dist_signatures/SIGN977777uEVuK7_1421139404039.jpg', 'tracer_mob_data/runner_photos/IMG977777uEVuK7_1421139404039.jpg', '6666666666', '', 983, '2015-01-12 22:26:44'),
(533, 6, 6, 6, 6, 'tracer_mob_data/dist_photos/IMG79999y1trLbl_1421148506853.jpg', 'tracer_mob_data/dist_signatures/SIGN79999y1trLbl_1421148506853.jpg', 'tracer_mob_data/runner_photos/IMG79999y1trLbl_1421148506853.jpg', '6666666666', '', 984, '2015-01-13 00:58:26'),
(534, 3, 6, 6, 6, 'tracer_mob_data/dist_photos/IMG77777M8lAkSn_1421151928952.jpg', 'tracer_mob_data/dist_signatures/SIGN77777M8lAkSn_1421151928952.jpg', 'tracer_mob_data/runner_photos/IMG77777M8lAkSn_1421151928952.jpg', '9999999999', '', 985, '2015-01-13 01:55:28'),
(535, 3, 6, 6, 6, 'tracer_mob_data/dist_photos/IMG07777YopLRPQ_1421216239753.jpg', 'tracer_mob_data/dist_signatures/SIGN07777YopLRPQ_1421216239753.jpg', 'tracer_mob_data/runner_photos/IMG07777YopLRPQ_1421216239753.jpg', '9999999999', '', 988, '2015-01-13 19:47:19'),
(536, 6, 9, 6, 6, 'tracer_mob_data/dist_photos/IMG07777YopLRPQ_1421216385106.jpg', 'tracer_mob_data/dist_signatures/SIGN07777YopLRPQ_1421216385106.jpg', 'tracer_mob_data/runner_photos/IMG07777YopLRPQ_1421216385106.jpg', '6866868686', '', 989, '2015-01-13 19:49:45'),
(537, 3, 66, 6, 9, 'tracer_mob_data/dist_photos/IMG07777YopLRPQ_1421216433945.jpg', 'tracer_mob_data/dist_signatures/SIGN07777YopLRPQ_1421216433945.jpg', 'tracer_mob_data/runner_photos/IMG07777YopLRPQ_1421216433945.jpg', '9986868686', '', 990, '2015-01-13 19:50:33'),
(538, 6, 6, 6, 6, 'tracer_mob_data/dist_photos/IMG07777YopLRPQ_1421216481167.jpg', 'tracer_mob_data/dist_signatures/SIGN07777YopLRPQ_1421216481167.jpg', 'tracer_mob_data/runner_photos/IMG07777YopLRPQ_1421216481167.jpg', '6666666666', '', 991, '2015-01-13 19:51:21'),
(539, 6, 9, 9, 9, 'tracer_mob_data/dist_photos/IMG07777YopLRPQ_1421216536735.jpg', 'tracer_mob_data/dist_signatures/SIGN07777YopLRPQ_1421216536735.jpg', 'tracer_mob_data/runner_photos/IMG07777YopLRPQ_1421216536735.jpg', '9668686383', '', 992, '2015-01-13 19:52:16'),
(540, 2, 2, 0, 8, 'tracer_mob_data/dist_photos/IMG97777eOitI4k_1423573897986.jpg', 'tracer_mob_data/dist_signatures/SIGN97777eOitI4k_1423573897986.jpg', 'tracer_mob_data/runner_photos/IMG97777eOitI4k_1423573897986.jpg', '6435433533', '', 1020, '2015-02-10 02:41:37'),
(541, 5, 3, 2, 5, 'tracer_mob_data/dist_photos/IMG97777eOitI4k_1423579289253.jpg', 'tracer_mob_data/dist_signatures/SIGN97777eOitI4k_1423579289253.jpg', 'tracer_mob_data/runner_photos/IMG97777eOitI4k_1423579289253.jpg', '8858688855', '', 1024, '2015-02-10 04:11:29'),
(542, 5, 3, 2, 3, 'tracer_mob_data/dist_photos/IMG97777eOitI4k_1423579852633.jpg', 'tracer_mob_data/dist_signatures/SIGN97777eOitI4k_1423579852633.jpg', 'tracer_mob_data/runner_photos/IMG97777eOitI4k_1423579852633.jpg', '6666555666', '', 1025, '2015-02-10 04:20:52'),
(543, 10, 6, 4, 0, 'tracer_mob_data/dist_photos/IMG00999R4wtwq2_1423647395526.jpg', 'tracer_mob_data/dist_signatures/SIGN00999R4wtwq2_1423647395526.jpg', 'tracer_mob_data/runner_photos/IMG00999R4wtwq2_1423647395526.jpg', '0999999999', '', 1035, '2015-02-10 23:06:35'),
(544, 3, 2, 1, 0, 'tracer_mob_data/dist_photos/IMG09999D1t9DcU_1423650402716.jpg', 'tracer_mob_data/dist_signatures/SIGN09999D1t9DcU_1423650402716.jpg', 'tracer_mob_data/runner_photos/IMG09999D1t9DcU_1423650402716.jpg', '9703541622', '', 1047, '2015-02-10 23:56:42'),
(545, 2, 2, 0, 0, 'tracer_mob_data/dist_photos/IMG09999D1t9DcU_1423650999860.jpg', 'tracer_mob_data/dist_signatures/SIGN09999D1t9DcU_1423650999860.jpg', 'tracer_mob_data/runner_photos/IMG09999D1t9DcU_1423650999860.jpg', '9703541622', '', 1049, '2015-02-11 00:06:39'),
(546, 2, 2, 0, 0, 'tracer_mob_data/dist_photos/IMG09999D1t9DcU_1423651552324.jpg', 'tracer_mob_data/dist_signatures/SIGN09999D1t9DcU_1423651552324.jpg', 'tracer_mob_data/runner_photos/IMG09999D1t9DcU_1423651552324.jpg', '9703541622', '', 1050, '2015-02-11 00:15:52'),
(547, 3, 3, 0, 0, 'tracer_mob_data/dist_photos/IMG09999D1t9DcU_1423651886390.jpg', 'tracer_mob_data/dist_signatures/SIGN09999D1t9DcU_1423651886390.jpg', 'tracer_mob_data/runner_photos/IMG09999D1t9DcU_1423651886390.jpg', '9703541622', '', 1051, '2015-02-11 00:21:26'),
(548, 1, 1, 0, 0, 'tracer_mob_data/dist_photos/IMG09999D1t9DcU_1423652095379.jpg', 'tracer_mob_data/dist_signatures/SIGN09999D1t9DcU_1423652095379.jpg', 'tracer_mob_data/runner_photos/IMG09999D1t9DcU_1423652095379.jpg', '9703541622', '', 1052, '2015-02-11 00:24:55'),
(549, 1, 1, 0, 0, 'tracer_mob_data/dist_photos/IMG09999D1t9DcU_1423652292962.jpg', 'tracer_mob_data/dist_signatures/SIGN09999D1t9DcU_1423652292962.jpg', 'tracer_mob_data/runner_photos/IMG09999D1t9DcU_1423652292962.jpg', '9703541622', '', 1053, '2015-02-11 00:28:12'),
(550, 3, 2, 1, 0, 'tracer_mob_data/dist_photos/IMG09999D1t9DcU_1423652491602.jpg', 'tracer_mob_data/dist_signatures/SIGN09999D1t9DcU_1423652491602.jpg', 'tracer_mob_data/runner_photos/IMG09999D1t9DcU_1423652491602.jpg', '9703541622', '', 1054, '2015-02-11 00:31:31'),
(551, 5, 3, 2, 3, 'tracer_mob_data/dist_photos/IMG97777pISUky4_1423657632408.jpg', 'tracer_mob_data/dist_signatures/SIGN97777pISUky4_1423657632408.jpg', 'tracer_mob_data/runner_photos/IMG97777pISUky4_1423657632408.jpg', '6868686868', '', 1064, '2015-02-11 01:57:12'),
(552, 5, 3, 2, 3, 'tracer_mob_data/dist_photos/IMG97777pISUky4_1423662824673.jpg', 'tracer_mob_data/dist_signatures/SIGN97777pISUky4_1423662824673.jpg', 'tracer_mob_data/runner_photos/IMG97777pISUky4_1423662824673.jpg', '8688686868', '', 1074, '2015-02-11 03:23:44'),
(553, 3, 2, 1, 0, 'tracer_mob_data/dist_photos/IMG09999D1t9DcU_1423663542650.jpg', 'tracer_mob_data/dist_signatures/SIGN09999D1t9DcU_1423663542650.jpg', 'tracer_mob_data/runner_photos/IMG09999D1t9DcU_1423663542650.jpg', '9703541622', '', 1075, '2015-02-11 03:35:42'),
(554, 2, 1, 1, 0, 'tracer_mob_data/dist_photos/IMG09999D1t9DcU_1423663902915.jpg', 'tracer_mob_data/dist_signatures/SIGN09999D1t9DcU_1423663902915.jpg', 'tracer_mob_data/runner_photos/IMG09999D1t9DcU_1423663902915.jpg', '9703541622', '', 1076, '2015-02-11 03:41:42'),
(555, 1, 1, 0, 0, 'tracer_mob_data/dist_photos/IMG09999D1t9DcU_1423664110732.jpg', 'tracer_mob_data/dist_signatures/SIGN09999D1t9DcU_1423664110732.jpg', 'tracer_mob_data/runner_photos/IMG09999D1t9DcU_1423664110732.jpg', '9703541622', '', 1077, '2015-02-11 03:45:10'),
(556, 2, 1, 1, 0, 'tracer_mob_data/dist_photos/IMG09999D1t9DcU_1423664328851.jpg', 'tracer_mob_data/dist_signatures/SIGN09999D1t9DcU_1423664328851.jpg', 'tracer_mob_data/runner_photos/IMG09999D1t9DcU_1423664328851.jpg', '9703541622', '', 1078, '2015-02-11 03:48:48'),
(557, 5, 2, 3, 5, 'tracer_mob_data/dist_photos/IMG97777Es9Wr4Z_1423727565570.jpg', 'tracer_mob_data/dist_signatures/SIGN97777Es9Wr4Z_1423727565570.jpg', 'tracer_mob_data/runner_photos/IMG97777Es9Wr4Z_1423727565570.jpg', '6868686686', '', 1088, '2015-02-11 21:22:45'),
(558, 0, 0, 0, 5, 'tracer_mob_data/dist_photos/IMG97777Es9Wr4Z_1423748178783.jpg', 'tracer_mob_data/dist_signatures/SIGN97777Es9Wr4Z_1423748178783.jpg', 'tracer_mob_data/runner_photos/IMG97777Es9Wr4Z_1423748178783.jpg', '5775758686', 'Door lock', 1091, '2015-02-12 03:06:18'),
(559, 2, 1, 1, 5, 'tracer_mob_data/dist_photos/IMG77777GCv97IS_1423748540875.jpg', 'tracer_mob_data/dist_signatures/SIGN77777GCv97IS_1423748540875.jpg', 'tracer_mob_data/runner_photos/IMG77777GCv97IS_1423748540875.jpg', '6868686858', 'Select', 1092, '2015-02-12 03:12:20');
INSERT INTO `caf_collection_details` (`caf_collection_id`, `total_caf_count`, `accepted_caf_count`, `rejected_caf_count`, `returned_caf_count`, `distributor_photo_path`, `dstributor_sign_path`, `runner_photo_path`, `caf_provider_mob_num`, `remarks`, `runner_visit_id`, `date_time`) VALUES
(560, 0, 0, 0, 0, 'tracer_mob_data/dist_photos/IMG77777GCv97IS_1423749513369.jpg', 'tracer_mob_data/dist_signatures/SIGN77777GCv97IS_1423749513369.jpg', 'tracer_mob_data/runner_photos/IMG77777GCv97IS_1423749513369.jpg', '0868683565', 'Door lock', 1093, '2015-02-12 03:28:33'),
(561, 0, 0, 0, 0, 'tracer_mob_data/dist_photos/IMG77777GCv97IS_1423749589799.jpg', 'tracer_mob_data/dist_signatures/SIGN77777GCv97IS_1423749589799.jpg', 'tracer_mob_data/runner_photos/IMG77777GCv97IS_1423749589799.jpg', '5868686868', 'Door lock', 1094, '2015-02-12 03:29:49'),
(562, 0, 0, 0, 0, 'tracer_mob_data/dist_photos/IMG77777GCv97IS_1423749633620.jpg', 'tracer_mob_data/dist_signatures/SIGN77777GCv97IS_1423749633620.jpg', 'tracer_mob_data/runner_photos/IMG77777GCv97IS_1423749633620.jpg', '8668656565', 'Door lock', 1095, '2015-02-12 03:30:33'),
(563, 0, 0, 0, 0, 'tracer_mob_data/dist_photos/IMG77777GCv97IS_1423749716052.jpg', 'tracer_mob_data/dist_signatures/SIGN77777GCv97IS_1423749716052.jpg', 'tracer_mob_data/runner_photos/IMG77777GCv97IS_1423749716052.jpg', '0686868686', 'Door lock', 1096, '2015-02-12 03:31:56'),
(564, 0, 0, 0, 0, 'tracer_mob_data/dist_photos/IMG77777GCv97IS_1423749762045.jpg', 'tracer_mob_data/dist_signatures/SIGN77777GCv97IS_1423749762045.jpg', 'tracer_mob_data/runner_photos/IMG77777GCv97IS_1423749762045.jpg', '6865656565', 'CAF Not available', 1097, '2015-02-12 03:32:42'),
(565, 0, 0, 0, 0, 'tracer_mob_data/dist_photos/IMG77777GCv97IS_1423749801938.jpg', 'tracer_mob_data/dist_signatures/SIGN77777GCv97IS_1423749801938.jpg', 'tracer_mob_data/runner_photos/IMG77777GCv97IS_1423749801938.jpg', '6868356865', 'Door lock', 1098, '2015-02-12 03:33:21'),
(566, 0, 0, 0, 0, 'tracer_mob_data/dist_photos/IMG47777EbLPGp9_1423750218110.jpg', 'tracer_mob_data/dist_signatures/SIGN47777EbLPGp9_1423750218110.jpg', 'tracer_mob_data/runner_photos/IMG47777EbLPGp9_1423750218110.jpg', '6868686868', 'Door lock', 1099, '2015-02-12 03:40:18'),
(567, 0, 0, 0, 0, 'tracer_mob_data/dist_photos/IMG47777EbLPGp9_1423750354684.jpg', 'tracer_mob_data/dist_signatures/SIGN47777EbLPGp9_1423750354684.jpg', 'tracer_mob_data/runner_photos/IMG47777EbLPGp9_1423750354684.jpg', '6868686865', 'Door lock', 1100, '2015-02-12 03:42:34'),
(568, 0, 0, 0, 0, 'tracer_mob_data/dist_photos/IMG077776SYiTjJ_1423750617351.jpg', 'tracer_mob_data/dist_signatures/SIGN077776SYiTjJ_1423750617351.jpg', 'tracer_mob_data/runner_photos/IMG077776SYiTjJ_1423750617351.jpg', '8686868686', 'Door lock', 1101, '2015-02-12 03:46:57'),
(569, 0, 0, 0, 68, 'tracer_mob_data/dist_photos/IMG077776SYiTjJ_1423750656194.jpg', 'tracer_mob_data/dist_signatures/SIGN077776SYiTjJ_1423750656194.jpg', 'tracer_mob_data/runner_photos/IMG077776SYiTjJ_1423750656194.jpg', '5686565656', 'Door lock', 1102, '2015-02-12 03:47:36'),
(570, 0, 0, 0, 0, 'tracer_mob_data/dist_photos/IMG077776SYiTjJ_1423750698032.jpg', 'tracer_mob_data/dist_signatures/SIGN077776SYiTjJ_1423750698032.jpg', 'tracer_mob_data/runner_photos/IMG077776SYiTjJ_1423750698032.jpg', '6868686868', 'Door lock', 1103, '2015-02-12 03:48:18'),
(571, 0, 0, 0, 5, 'tracer_mob_data/dist_photos/IMG077776SYiTjJ_1423750741184.jpg', 'tracer_mob_data/dist_signatures/SIGN077776SYiTjJ_1423750741184.jpg', 'tracer_mob_data/runner_photos/IMG077776SYiTjJ_1423750741184.jpg', '6865656565', 'Door lock', 1104, '2015-02-12 03:49:01'),
(572, 0, 0, 0, 0, 'tracer_mob_data/dist_photos/IMG077776SYiTjJ_1423750791542.jpg', 'tracer_mob_data/dist_signatures/SIGN077776SYiTjJ_1423750791542.jpg', 'tracer_mob_data/runner_photos/IMG077776SYiTjJ_1423750791542.jpg', '6868686865', 'Door lock', 1105, '2015-02-12 03:49:51'),
(573, 0, 0, 0, 0, 'tracer_mob_data/dist_photos/IMG977772l8ZUmo_1423803746139.jpg', 'tracer_mob_data/dist_signatures/SIGN977772l8ZUmo_1423803746139.jpg', 'tracer_mob_data/runner_photos/IMG977772l8ZUmo_1423803746139.jpg', '8565655555', 'Door lock', 1107, '2015-02-12 18:32:26'),
(574, 0, 0, 0, 0, 'tracer_mob_data/dist_photos/IMG977772l8ZUmo_1423803796086.jpg', 'tracer_mob_data/dist_signatures/SIGN977772l8ZUmo_1423803796086.jpg', 'tracer_mob_data/runner_photos/IMG977772l8ZUmo_1423803796086.jpg', '5758585868', 'Door lock', 1108, '2015-02-12 18:33:16'),
(575, 0, 0, 0, 0, 'tracer_mob_data/dist_photos/IMG977772l8ZUmo_1423803918768.jpg', 'tracer_mob_data/dist_signatures/SIGN977772l8ZUmo_1423803918768.jpg', 'tracer_mob_data/runner_photos/IMG977772l8ZUmo_1423803918768.jpg', '8758558558', 'CAF Not available', 1109, '2015-02-12 18:35:18'),
(576, 0, 0, 0, 0, 'tracer_mob_data/dist_photos/IMG977772l8ZUmo_1423806587684.jpg', 'tracer_mob_data/dist_signatures/SIGN977772l8ZUmo_1423806587684.jpg', 'tracer_mob_data/runner_photos/IMG977772l8ZUmo_1423806587684.jpg', '4554688575', 'Door lock', 1110, '2015-02-12 19:19:47'),
(577, 0, 0, 0, 5, 'tracer_mob_data/dist_photos/IMG977772l8ZUmo_1423806641350.jpg', 'tracer_mob_data/dist_signatures/SIGN977772l8ZUmo_1423806641350.jpg', 'tracer_mob_data/runner_photos/IMG977772l8ZUmo_1423806641350.jpg', '7585558555', 'Door lock', 1111, '2015-02-12 19:20:41'),
(578, 0, 0, 0, 5, 'tracer_mob_data/dist_photos/IMG977772l8ZUmo_1423806695044.jpg', 'tracer_mob_data/dist_signatures/SIGN977772l8ZUmo_1423806695044.jpg', 'tracer_mob_data/runner_photos/IMG977772l8ZUmo_1423806695044.jpg', '5457555555', 'Door lock', 1112, '2015-02-12 19:21:35'),
(579, 0, 0, 0, 0, 'tracer_mob_data/dist_photos/IMG777772aKL7As_1423807086870.jpg', 'tracer_mob_data/dist_signatures/SIGN777772aKL7As_1423807086870.jpg', 'tracer_mob_data/runner_photos/IMG777772aKL7As_1423807086870.jpg', '0875755542', 'Door lock', 1113, '2015-02-12 19:28:06'),
(580, 0, 0, 0, 0, 'tracer_mob_data/dist_photos/IMG777772aKL7As_1423807234996.jpg', 'tracer_mob_data/dist_signatures/SIGN777772aKL7As_1423807234996.jpg', 'tracer_mob_data/runner_photos/IMG777772aKL7As_1423807234996.jpg', '5558656568', 'Door lock', 1114, '2015-02-12 19:30:34'),
(581, 0, 0, 0, 0, 'tracer_mob_data/dist_photos/IMG777772aKL7As_1423807272016.jpg', 'tracer_mob_data/dist_signatures/SIGN777772aKL7As_1423807272016.jpg', 'tracer_mob_data/runner_photos/IMG777772aKL7As_1423807272016.jpg', '5755555554', 'Door lock', 1115, '2015-02-12 19:31:12'),
(582, 0, 0, 0, 0, 'tracer_mob_data/dist_photos/IMG777772aKL7As_1423807309049.jpg', 'tracer_mob_data/dist_signatures/SIGN777772aKL7As_1423807309049.jpg', 'tracer_mob_data/runner_photos/IMG777772aKL7As_1423807309049.jpg', '0686898989', 'CAF Not available', 1116, '2015-02-12 19:31:49'),
(583, 0, 0, 0, 8, 'tracer_mob_data/dist_photos/IMG777772aKL7As_1423807345226.jpg', 'tracer_mob_data/dist_signatures/SIGN777772aKL7As_1423807345226.jpg', 'tracer_mob_data/runner_photos/IMG777772aKL7As_1423807345226.jpg', '8788555565', 'CAF Not available', 1117, '2015-02-12 19:32:25'),
(584, 0, 0, 0, 0, 'tracer_mob_data/dist_photos/IMG777772aKL7As_1423807380518.jpg', 'tracer_mob_data/dist_signatures/SIGN777772aKL7As_1423807380518.jpg', 'tracer_mob_data/runner_photos/IMG777772aKL7As_1423807380518.jpg', '8758585565', 'Door lock', 1118, '2015-02-12 19:33:00'),
(585, 0, 0, 0, 0, 'tracer_mob_data/dist_photos/IMG777772aKL7As_1423807416232.jpg', 'tracer_mob_data/dist_signatures/SIGN777772aKL7As_1423807416232.jpg', 'tracer_mob_data/runner_photos/IMG777772aKL7As_1423807416232.jpg', '5858585858', 'CAF Not available', 1119, '2015-02-12 19:33:36'),
(586, 3, 1, 2, 5, 'tracer_mob_data/dist_photos/IMG9777780fCUok_1424251201221.jpg', 'tracer_mob_data/dist_signatures/SIGN9777780fCUok_1424251201221.jpg', 'tracer_mob_data/runner_photos/IMG9777780fCUok_1424251201221.jpg', '3568686886', '', 1120, '2015-02-17 22:50:01'),
(587, 2, 1, 1, 8, 'tracer_mob_data/dist_photos/IMG9777780fCUok_1424251824306.jpg', 'tracer_mob_data/dist_signatures/SIGN9777780fCUok_1424251824306.jpg', 'tracer_mob_data/runner_photos/IMG9777780fCUok_1424251824306.jpg', '8686868686', '', 1121, '2015-02-17 23:00:24'),
(588, 2, 1, 1, 8, 'tracer_mob_data/dist_photos/IMG9777780fCUok_1424254136851.jpg', 'tracer_mob_data/dist_signatures/SIGN9777780fCUok_1424254136851.jpg', 'tracer_mob_data/runner_photos/IMG9777780fCUok_1424254136851.jpg', '6865353858', '', 1122, '2015-02-17 23:38:56'),
(589, 2, 1, 1, 5, 'tracer_mob_data/dist_photos/IMG9777780fCUok_1424254670272.jpg', 'tracer_mob_data/dist_signatures/SIGN9777780fCUok_1424254670272.jpg', 'tracer_mob_data/runner_photos/IMG9777780fCUok_1424254670272.jpg', '5555555555', '', 1123, '2015-02-17 23:47:50'),
(590, 2, 1, 1, 5, 'tracer_mob_data/dist_photos/IMG9777780fCUok_1424255928318.jpg', 'tracer_mob_data/dist_signatures/SIGN9777780fCUok_1424255928318.jpg', 'tracer_mob_data/runner_photos/IMG9777780fCUok_1424255928318.jpg', '6868686686', '', 1124, '2015-02-18 00:08:48');

-- --------------------------------------------------------

--
-- Table structure for table `caf_scan_details`
--

CREATE TABLE IF NOT EXISTS `caf_scan_details` (
`caf_scan_details_id` bigint(20) NOT NULL,
  `caf_collection_details_id` bigint(20) NOT NULL,
  `caf_bar_code` varchar(128) NOT NULL,
  `caf_scan_image_path` varchar(256) NOT NULL DEFAULT ''
) ENGINE=InnoDB  DEFAULT CHARSET=utf8 AUTO_INCREMENT=47 ;

--
-- Dumping data for table `caf_scan_details`
--

INSERT INTO `caf_scan_details` (`caf_scan_details_id`, `caf_collection_details_id`, `caf_bar_code`, `caf_scan_image_path`) VALUES
(1, 540, '121212121', 'tracer_mob_data/scanned_cafs/IMG121212121.jpg'),
(2, 540, '121212121', 'tracer_mob_data/scanned_cafs/IMG121212121.jpg'),
(3, 541, '121212121', 'tracer_mob_data/scanned_cafs/IMG121212121.jpg'),
(4, 541, '121212121', 'tracer_mob_data/scanned_cafs/IMG121212121.jpg'),
(5, 541, '121212121', 'tracer_mob_data/scanned_cafs/IMG121212121.jpg'),
(6, 542, 'APMA0870277', 'tracer_mob_data/scanned_cafs/IMGAPMA0870277.jpg'),
(7, 542, 'APMA0870275', 'tracer_mob_data/scanned_cafs/IMGAPMA0870275.jpg'),
(8, 542, 'APMA0870276', 'tracer_mob_data/scanned_cafs/IMGAPMA0870276.jpg'),
(9, 543, '4987176001320', 'tracer_mob_data/scanned_cafs/IMG4987176001320.jpg'),
(10, 543, '8901063139183', 'tracer_mob_data/scanned_cafs/IMG8901063139183.jpg'),
(11, 543, '88171234', 'tracer_mob_data/scanned_cafs/IMG88171234.jpg'),
(12, 543, '11728447', 'tracer_mob_data/scanned_cafs/IMG11728447.jpg'),
(13, 543, '10100819', 'tracer_mob_data/scanned_cafs/IMG10100819.jpg'),
(14, 543, '109775335', 'tracer_mob_data/scanned_cafs/IMG109775335.jpg'),
(15, 544, 'APMA0870276', 'tracer_mob_data/scanned_cafs/IMGAPMA0870276.jpg'),
(16, 544, 'APMA0870275', 'tracer_mob_data/scanned_cafs/IMGAPMA0870275.jpg'),
(17, 545, 'APMA0870276', 'tracer_mob_data/scanned_cafs/IMGAPMA0870276.jpg'),
(18, 545, 'APMA0870275', 'tracer_mob_data/scanned_cafs/IMGAPMA0870275.jpg'),
(19, 546, 'APMA0870277', 'tracer_mob_data/scanned_cafs/IMGAPMA0870277.jpg'),
(20, 546, 'APMA0870275', 'tracer_mob_data/scanned_cafs/IMGAPMA0870275.jpg'),
(21, 547, 'APMA0870277', 'tracer_mob_data/scanned_cafs/IMGAPMA0870277.jpg'),
(22, 547, 'APMA0870275', 'tracer_mob_data/scanned_cafs/IMGAPMA0870275.jpg'),
(23, 547, 'APMA0870276', 'tracer_mob_data/scanned_cafs/IMGAPMA0870276.jpg'),
(24, 548, 'APMA0870276', 'tracer_mob_data/scanned_cafs/IMGAPMA0870276.jpg'),
(25, 549, 'APMA0870277', 'tracer_mob_data/scanned_cafs/IMGAPMA0870277.jpg'),
(26, 550, 'APMA0870275', 'tracer_mob_data/scanned_cafs/IMGAPMA0870275.jpg'),
(27, 550, 'APMA0870276', 'tracer_mob_data/scanned_cafs/IMGAPMA0870276.jpg'),
(28, 551, '109775335', 'tracer_mob_data/scanned_cafs/IMG109775335.jpg'),
(29, 551, 'SLP140854584', 'tracer_mob_data/scanned_cafs/IMGSLP140854584.jpg'),
(30, 551, 'AAA001568656', 'tracer_mob_data/scanned_cafs/IMGAAA001568656.jpg'),
(31, 552, 'AAA001568656', 'tracer_mob_data/scanned_cafs/AAA001568656_1423662824675.jpg'),
(32, 552, 'SLP140854584', 'tracer_mob_data/scanned_cafs/SLP140854584_1423662824676.jpg'),
(33, 552, '109775335', 'tracer_mob_data/scanned_cafs/109775335_1423662824677.jpg'),
(34, 553, 'APMA0870277', 'tracer_mob_data/scanned_cafs/APMA0870277_1423663542651.jpg'),
(35, 553, 'APMA0870275', 'tracer_mob_data/scanned_cafs/APMA0870275_1423663542651.jpg'),
(36, 554, 'APMA0870277', 'tracer_mob_data/scanned_cafs/APMA0870277_1423663902916.jpg'),
(37, 555, 'APMA0870275', 'tracer_mob_data/scanned_cafs/APMA0870275_1423664110733.jpg'),
(38, 556, 'APMA0870277', 'tracer_mob_data/scanned_cafs/APMA0870277_1423664328852.jpg'),
(39, 557, 'AAA001568656', 'tracer_mob_data/scanned_cafs/AAA001568656_1423727565571.jpg'),
(40, 557, 'APMA0870275', 'tracer_mob_data/scanned_cafs/APMA0870275_1423727565572.jpg'),
(41, 559, 'APMA0870276', 'tracer_mob_data/scanned_cafs/APMA0870276_1423748540875.jpg'),
(42, 586, 'APMA0870277', 'tracer_mob_data/scanned_cafs/APMA0870277_1424251201221.jpg'),
(43, 587, 'APMA0870279', 'tracer_mob_data/scanned_cafs/APMA0870279_1424251824306.jpg'),
(44, 588, 'APMA0870279', 'tracer_mob_data/scanned_cafs/APMA0870279_1424254136852.jpg'),
(45, 589, 'APMA0870277', 'tracer_mob_data/scanned_cafs/APMA0870277_1424254670273.jpg'),
(46, 590, 'APMA0870277', 'tracer_mob_data/scanned_cafs/APMA0870277_1424255928319.jpg');

-- --------------------------------------------------------

--
-- Table structure for table `circle_details`
--

CREATE TABLE IF NOT EXISTS `circle_details` (
`circle_id` bigint(20) NOT NULL,
  `circle_name` varchar(100) NOT NULL,
  `circle_code` varchar(15) NOT NULL DEFAULT '',
  `status` char(1) NOT NULL COMMENT '0-Inactive,1-Active',
  `user_id` bigint(20) NOT NULL,
  `date_time` timestamp NOT NULL DEFAULT CURRENT_TIMESTAMP ON UPDATE CURRENT_TIMESTAMP
) ENGINE=InnoDB  DEFAULT CHARSET=utf8 AUTO_INCREMENT=20 ;

--
-- Dumping data for table `circle_details`
--

INSERT INTO `circle_details` (`circle_id`, `circle_name`, `circle_code`, `status`, `user_id`, `date_time`) VALUES
(1, 'AP', 'CIRNP0IPQfeUTmB', '1', 1, '2014-10-07 04:37:21'),
(2, 'Circle', 'CIRtnAL3XwWK8g0', '1', 1, '2014-10-08 03:07:21'),
(3, 'Test Circle 1', 'CIRL6g7gCJQfuBm', '1', 1, '2014-10-10 07:21:37'),
(4, 'AP1', 'CIRTJ2Q20LFM40u', '1', 1, '2014-10-12 17:32:59'),
(5, 'shyamoct17', 'CIRYbF0VL4AP87R', '1', 1, '2014-10-17 08:38:09'),
(6, 'AP2', 'CIRDcHiLrl6mY3e', '0', 1, '2014-10-20 12:29:10'),
(7, 'AP II', 'CIRE2CtNNaSPCnJ', '1', 1, '2014-10-20 12:47:54'),
(8, '&&*^ gjkfhg 867846gjahjg7^^^', 'CIRnwjYkq2KX83m', '1', 1, '2014-12-25 20:39:21'),
(9, 'SCI Circle', 'CIR5OWjqU5ASTKW', '1', 1, '2014-11-03 23:07:33'),
(10, 'APARNA C', 'CIRTjG8SRH5lEXJ', '1', 1, '2014-11-06 14:06:00'),
(11, 'APCircle', 'CIRQcbPg1F1PlKB', '1', 1, '2014-11-11 00:25:54'),
(12, 'SCIITCircle', 'CIRDakWBlfM3s1p', '1', 1, '2014-11-18 00:57:23'),
(13, 'Karthik', 'CIR0AXrlsHNOH8W', '0', 1, '2014-12-18 21:10:36'),
(14, 'Test Circle dec', 'CIR8rXKBU6A6874', '1', 1, '2014-12-22 23:37:00'),
(15, 'sa', 'CIRXAyA1OrX8x3n', '0', 1, '2014-12-23 19:27:57'),
(16, 'Test 1', 'CIRBX3DNPxaKE0G', '1', 1, '2014-12-28 23:30:14'),
(17, 'Demo Circle1', 'CIROXDuBEJNP0O6', '1', 1, '2015-03-03 04:57:52'),
(18, 'Demo Circle', 'CIRP5UB21B3aH2y', '1', 1, '2015-03-26 13:43:10'),
(19, 'TestMateCirclekv5', 'CIRV55e1PJJAPxX', '1', 1, '2015-04-20 07:42:33');

-- --------------------------------------------------------

--
-- Table structure for table `dashboard_details`
--

CREATE TABLE IF NOT EXISTS `dashboard_details` (
`dashboard_details_id` bigint(20) NOT NULL,
  `user_id` bigint(20) NOT NULL,
  `status` char(1) NOT NULL,
  `attendance_report` char(1) NOT NULL DEFAULT '0',
  `visits_vs_beat_plan_report` char(1) NOT NULL DEFAULT '0',
  `non_performed_runners_report` char(1) NOT NULL DEFAULT '0',
  `top_runners_report` char(1) NOT NULL DEFAULT '0',
  `top_distributors_report` char(1) NOT NULL DEFAULT '0',
  `top_regions_report` char(1) NOT NULL DEFAULT '0',
  `top_zones_report` char(1) NOT NULL DEFAULT '0',
  `top_hubs_report` char(1) NOT NULL DEFAULT '0'
) ENGINE=InnoDB  DEFAULT CHARSET=utf8 AUTO_INCREMENT=147 ;

--
-- Dumping data for table `dashboard_details`
--

INSERT INTO `dashboard_details` (`dashboard_details_id`, `user_id`, `status`, `attendance_report`, `visits_vs_beat_plan_report`, `non_performed_runners_report`, `top_runners_report`, `top_distributors_report`, `top_regions_report`, `top_zones_report`, `top_hubs_report`) VALUES
(2, 1, '1', '1', '1', '1', '1', '0', '0', '0', '0'),
(3, 2, '1', '0', '0', '1', '0', '1', '1', '1', '0'),
(4, 3, '1', '0', '0', '0', '1', '1', '1', '1', '0'),
(5, 4, '1', '0', '0', '0', '1', '1', '0', '1', '1'),
(6, 5, '1', '0', '1', '1', '0', '1', '0', '0', '1'),
(7, 6, '1', '1', '1', '1', '1', '0', '0', '0', '0'),
(8, 7, '1', '0', '0', '0', '0', '0', '0', '0', '0'),
(9, 8, '1', '0', '0', '0', '0', '0', '0', '0', '0'),
(10, 9, '1', '0', '0', '0', '1', '1', '1', '1', '0'),
(11, 10, '1', '0', '0', '0', '1', '1', '0', '1', '1'),
(12, 11, '1', '0', '1', '1', '0', '1', '0', '0', '1'),
(13, 12, '1', '1', '1', '1', '1', '0', '0', '0', '0'),
(14, 13, '1', '0', '0', '0', '0', '0', '0', '0', '0'),
(15, 14, '1', '1', '1', '1', '1', '0', '0', '0', '0'),
(16, 15, '1', '0', '0', '0', '0', '0', '0', '0', '0'),
(17, 16, '1', '0', '0', '1', '0', '1', '1', '1', '0'),
(18, 17, '1', '0', '0', '0', '1', '1', '1', '1', '0'),
(19, 18, '1', '0', '0', '0', '1', '1', '0', '1', '1'),
(20, 19, '1', '0', '1', '1', '0', '1', '0', '0', '1'),
(21, 20, '1', '1', '1', '1', '1', '0', '0', '0', '0'),
(22, 21, '1', '0', '0', '0', '0', '0', '0', '0', '0'),
(23, 22, '1', '0', '0', '1', '0', '1', '1', '1', '0'),
(24, 23, '1', '0', '0', '0', '1', '1', '1', '1', '0'),
(25, 24, '1', '0', '0', '0', '1', '1', '0', '1', '1'),
(26, 25, '1', '0', '1', '1', '0', '1', '0', '0', '1'),
(27, 26, '1', '1', '1', '1', '1', '0', '0', '0', '0'),
(28, 27, '1', '0', '0', '0', '0', '0', '0', '0', '0'),
(29, 28, '1', '0', '0', '1', '0', '1', '1', '1', '0'),
(30, 29, '1', '0', '0', '0', '1', '1', '1', '1', '0'),
(31, 30, '1', '1', '1', '1', '1', '0', '0', '0', '0'),
(32, 31, '1', '0', '0', '0', '0', '0', '0', '0', '0'),
(33, 32, '1', '0', '0', '1', '0', '1', '1', '1', '0'),
(34, 33, '1', '0', '0', '0', '1', '1', '1', '1', '0'),
(35, 34, '1', '0', '0', '0', '1', '1', '0', '1', '1'),
(36, 35, '1', '0', '1', '1', '0', '1', '0', '0', '1'),
(37, 36, '1', '1', '1', '1', '1', '0', '0', '0', '0'),
(38, 37, '1', '0', '0', '0', '0', '0', '0', '0', '0'),
(39, 38, '1', '0', '0', '0', '0', '0', '0', '0', '0'),
(40, 39, '1', '0', '0', '1', '0', '1', '1', '1', '0'),
(41, 40, '1', '0', '0', '0', '1', '1', '0', '1', '1'),
(42, 41, '1', '0', '1', '1', '0', '1', '0', '0', '1'),
(43, 42, '1', '0', '0', '1', '0', '1', '1', '1', '0'),
(44, 43, '1', '1', '1', '1', '1', '0', '0', '0', '0'),
(45, 44, '1', '0', '0', '0', '0', '0', '0', '0', '0'),
(46, 45, '1', '0', '0', '0', '0', '0', '0', '0', '0'),
(47, 46, '1', '0', '0', '1', '0', '1', '1', '1', '0'),
(48, 47, '1', '0', '0', '0', '1', '1', '1', '1', '0'),
(49, 48, '1', '0', '0', '0', '1', '1', '0', '1', '1'),
(50, 49, '1', '0', '1', '1', '0', '1', '0', '0', '1'),
(51, 50, '1', '1', '1', '1', '1', '0', '0', '0', '0'),
(52, 51, '1', '0', '0', '1', '0', '1', '1', '1', '0'),
(53, 52, '1', '0', '0', '1', '0', '1', '1', '1', '0'),
(54, 53, '1', '0', '0', '1', '0', '1', '1', '1', '0'),
(55, 54, '1', '0', '0', '0', '1', '1', '1', '1', '0'),
(56, 55, '1', '0', '0', '0', '1', '1', '0', '1', '1'),
(57, 56, '1', '0', '1', '1', '0', '1', '0', '0', '1'),
(58, 57, '1', '1', '1', '1', '1', '0', '0', '0', '0'),
(59, 58, '1', '0', '0', '0', '0', '0', '0', '0', '0'),
(60, 59, '1', '0', '0', '0', '0', '0', '0', '0', '0'),
(61, 60, '1', '0', '0', '0', '0', '0', '0', '0', '0'),
(62, 61, '1', '0', '0', '1', '0', '1', '1', '1', '0'),
(63, 62, '1', '0', '0', '0', '1', '1', '1', '1', '0'),
(64, 63, '1', '0', '0', '0', '1', '1', '0', '1', '1'),
(65, 64, '1', '0', '1', '1', '0', '1', '0', '0', '1'),
(66, 65, '1', '1', '1', '1', '1', '0', '0', '0', '0'),
(67, 66, '1', '1', '1', '1', '1', '0', '0', '0', '0'),
(68, 67, '1', '1', '1', '1', '1', '0', '0', '0', '0'),
(69, 68, '1', '0', '0', '0', '0', '0', '0', '0', '0'),
(70, 69, '1', '0', '0', '0', '0', '0', '0', '0', '0'),
(71, 70, '1', '0', '0', '0', '0', '0', '0', '0', '0'),
(72, 71, '1', '0', '0', '0', '0', '0', '0', '0', '0'),
(73, 72, '1', '0', '0', '1', '0', '1', '1', '1', '0'),
(74, 73, '1', '0', '0', '1', '0', '1', '1', '1', '0'),
(75, 74, '1', '0', '0', '0', '0', '0', '0', '0', '0'),
(76, 75, '1', '0', '0', '0', '0', '0', '0', '0', '0'),
(77, 76, '1', '0', '0', '0', '0', '0', '0', '0', '0'),
(78, 77, '1', '0', '0', '0', '0', '0', '0', '0', '0'),
(79, 78, '1', '0', '0', '0', '0', '0', '0', '0', '0'),
(80, 79, '1', '0', '0', '0', '1', '1', '1', '1', '0'),
(81, 80, '1', '0', '0', '0', '1', '1', '0', '1', '1'),
(82, 81, '1', '0', '1', '1', '0', '1', '0', '0', '1'),
(83, 82, '1', '0', '1', '1', '0', '1', '0', '0', '1'),
(84, 83, '1', '1', '1', '1', '1', '0', '0', '0', '0'),
(85, 84, '1', '0', '0', '0', '0', '0', '0', '0', '0'),
(86, 85, '1', '0', '0', '0', '0', '0', '0', '0', '0'),
(87, 86, '1', '0', '0', '0', '0', '0', '0', '0', '0'),
(88, 87, '1', '0', '0', '0', '0', '0', '0', '0', '0'),
(89, 88, '1', '0', '0', '0', '0', '0', '0', '0', '0'),
(90, 89, '1', '0', '0', '0', '0', '0', '0', '0', '0'),
(91, 90, '1', '0', '0', '0', '0', '0', '0', '0', '0'),
(92, 91, '1', '0', '0', '0', '0', '0', '0', '0', '0'),
(93, 92, '1', '0', '0', '0', '0', '0', '0', '0', '0'),
(94, 93, '1', '0', '0', '0', '0', '0', '0', '0', '0'),
(95, 94, '1', '0', '0', '0', '0', '0', '0', '0', '0'),
(96, 95, '1', '0', '0', '0', '0', '0', '0', '0', '0'),
(97, 96, '1', '0', '0', '0', '0', '0', '0', '0', '0'),
(98, 97, '1', '0', '0', '0', '0', '0', '0', '0', '0'),
(99, 98, '1', '0', '0', '0', '0', '0', '0', '0', '0'),
(100, 99, '1', '0', '0', '1', '0', '1', '1', '1', '0'),
(101, 100, '1', '0', '0', '0', '1', '1', '1', '1', '0'),
(102, 101, '1', '0', '0', '0', '1', '1', '0', '1', '1'),
(103, 102, '1', '0', '1', '1', '0', '1', '0', '0', '1'),
(104, 103, '1', '1', '1', '1', '1', '0', '0', '0', '0'),
(105, 104, '1', '0', '0', '0', '0', '0', '0', '0', '0'),
(106, 105, '1', '0', '0', '0', '0', '0', '0', '0', '0'),
(107, 106, '1', '0', '0', '0', '1', '1', '1', '1', '0'),
(108, 107, '1', '0', '0', '1', '0', '1', '1', '1', '0'),
(109, 108, '1', '0', '0', '1', '0', '1', '1', '1', '0'),
(110, 109, '1', '1', '1', '1', '1', '0', '0', '0', '0'),
(111, 110, '1', '0', '0', '0', '0', '0', '0', '0', '0'),
(112, 111, '1', '1', '1', '1', '1', '0', '0', '0', '0'),
(113, 112, '1', '0', '0', '1', '0', '1', '1', '1', '0'),
(114, 113, '1', '0', '0', '0', '1', '1', '1', '1', '0'),
(115, 114, '1', '0', '0', '0', '1', '1', '0', '1', '1'),
(116, 115, '1', '0', '1', '1', '0', '1', '0', '0', '1'),
(117, 116, '1', '1', '1', '1', '1', '0', '0', '0', '0'),
(118, 117, '1', '0', '0', '1', '0', '1', '1', '1', '0'),
(119, 118, '1', '0', '0', '0', '1', '1', '1', '1', '0'),
(120, 119, '1', '0', '0', '0', '1', '1', '0', '1', '1'),
(121, 120, '1', '0', '1', '1', '0', '1', '0', '0', '1'),
(122, 121, '1', '1', '1', '1', '1', '0', '0', '0', '0'),
(123, 122, '1', '0', '0', '0', '0', '0', '0', '0', '0'),
(124, 123, '1', '0', '0', '0', '0', '0', '0', '0', '0'),
(125, 124, '1', '0', '0', '0', '0', '0', '0', '0', '0'),
(126, 125, '1', '0', '0', '1', '0', '1', '1', '1', '0'),
(127, 126, '1', '0', '0', '0', '1', '1', '1', '1', '0'),
(128, 127, '1', '0', '0', '0', '0', '0', '0', '0', '0'),
(129, 128, '1', '0', '0', '0', '1', '1', '1', '1', '0'),
(130, 129, '1', '0', '0', '0', '1', '1', '0', '1', '1'),
(131, 131, '1', '0', '0', '1', '0', '1', '1', '1', '0'),
(132, 132, '1', '0', '0', '0', '1', '1', '1', '1', '0'),
(133, 133, '1', '0', '0', '0', '1', '1', '0', '1', '1'),
(134, 134, '1', '0', '1', '1', '0', '1', '0', '0', '1'),
(135, 135, '1', '1', '1', '1', '1', '0', '0', '0', '0'),
(136, 136, '1', '0', '0', '0', '0', '0', '0', '0', '0'),
(137, 137, '1', '0', '0', '1', '0', '1', '1', '1', '0'),
(138, 138, '1', '0', '0', '0', '0', '0', '0', '0', '0'),
(139, 139, '1', '0', '0', '0', '0', '0', '0', '0', '0'),
(140, 140, '1', '0', '0', '0', '0', '0', '0', '0', '0'),
(141, 141, '1', '0', '0', '0', '0', '0', '0', '0', '0'),
(142, 142, '1', '0', '0', '0', '0', '0', '0', '0', '0'),
(143, 143, '1', '0', '0', '0', '0', '0', '0', '0', '0'),
(144, 144, '1', '0', '0', '0', '0', '0', '0', '0', '0'),
(145, 145, '1', '0', '0', '0', '0', '0', '0', '0', '0'),
(146, 146, '1', '0', '0', '0', '0', '0', '0', '0', '0');

-- --------------------------------------------------------

--
-- Table structure for table `distributor_details`
--

CREATE TABLE IF NOT EXISTS `distributor_details` (
`distributor_id` bigint(20) NOT NULL,
  `distributor_name` varchar(150) NOT NULL,
  `distributor_code` varchar(15) NOT NULL DEFAULT '',
  `distributor_bar_code` varchar(50) NOT NULL,
  `ofsc_code` varchar(15) NOT NULL,
  `lattitude` varchar(30) NOT NULL,
  `longitude` varchar(30) NOT NULL,
  `licence_info` varchar(100) DEFAULT NULL,
  `address` varchar(256) NOT NULL,
  `location` varchar(50) DEFAULT NULL,
  `city` varchar(50) DEFAULT NULL,
  `state` varchar(50) DEFAULT NULL,
  `district` varchar(50) DEFAULT NULL,
  `country` int(3) NOT NULL,
  `pin_code` varchar(10) NOT NULL,
  `status` char(1) NOT NULL COMMENT '0-Inactive,1-Active',
  `photo_path` varchar(256) DEFAULT NULL,
  `primary_contact_no` varchar(15) DEFAULT NULL,
  `primary_email` varchar(150) DEFAULT NULL,
  `secondary_contact_no` varchar(15) DEFAULT NULL,
  `secondary_email` varchar(150) DEFAULT NULL,
  `user_id` bigint(20) NOT NULL,
  `date_time` timestamp NOT NULL DEFAULT CURRENT_TIMESTAMP ON UPDATE CURRENT_TIMESTAMP
) ENGINE=InnoDB  DEFAULT CHARSET=utf8 AUTO_INCREMENT=84 ;

--
-- Dumping data for table `distributor_details`
--

INSERT INTO `distributor_details` (`distributor_id`, `distributor_name`, `distributor_code`, `distributor_bar_code`, `ofsc_code`, `lattitude`, `longitude`, `licence_info`, `address`, `location`, `city`, `state`, `district`, `country`, `pin_code`, `status`, `photo_path`, `primary_contact_no`, `primary_email`, `secondary_contact_no`, `secondary_email`, `user_id`, `date_time`) VALUES
(1, 'LN Enterprises', 'DST!0pdRG@Y!x2*', '145511444444444', 'HYD329', '17.447058', '78.385427', '', 'ESI', 'ESI', 'Karkhana', 'Telangana', 'Secundrabad', 1, '500124', '1', 'Dist_1412692497829.jpg', '8888888801', 'lnenterprises@tracer.com', '', '', 1, '2015-01-13 01:56:48'),
(2, 'Newbies communications', 'DST8F$yqL@fl5w7', '178777777777777', 'HYD179', '17.445771', '78.387248', '', 'Borabanda', 'Borabanda', 'Karkhana', 'Telangana', 'Secundrabad', 1, '500108', '1', 'Dist_1412692579891.jpg', '8888888802', 'newbiescomm@tracer.com', '', '', 1, '2015-02-10 01:55:03'),
(3, 'One Telecom', 'DST@T@3Ed451kxr', '847777777777777', 'HYD259', '17.447103', '78.385483', '', 'sr nagar', 'sr nagar', 'Ameerpet', 'Telangana', 'Hyderabad', 1, '500089', '1', 'Dist_1412692657061.jpg', '8888888803', 'onetelecom@tracer.com', '', '', 1, '2015-01-07 00:08:07'),
(4, 'SL Brights_Ameerpet', 'DSTQ245S$$tC%71', '871401100000111', 'HYD199', '17.447209', '78.385484', '', 'Ameerpet', 'Ameerpet', 'Ameerpet', 'Telangana', 'Hyderabad', 1, '500090', '1', 'Dist_1412692740034.jpg', '8888888804', 'slbrights@tracer.com', '', '', 1, '2015-01-05 23:27:13'),
(5, 'TACKLE Enterprises', 'DSTW@!5ch7%$G5e', '140010000000011', 'HYD218', '17.4470996', '78.3854755', '', 'Yousufguda\r\n', 'Yousufguda', 'Yousufguda', 'Telangana', 'Hyderabad', 1, '500092', '1', NULL, '8888888805', 'tackleenterprises@tracer.com', '', '', 1, '2014-10-07 07:21:14'),
(6, 'Vision Communications', 'DST@xN*t@M&@8nL', '165486798798799', 'HYD350', '17.4469463', '78.3853533', '', 'Balkampet', 'Balkampet', 'Hyderabad', 'Telangana', 'Hyderabad', 1, '500124', '1', NULL, '8888888806', 'visioncomm@tracer.com', '', '', 1, '2014-10-08 00:47:07'),
(7, 'Surabhi marketingM', 'DSTs2$5UPnj%Y$%', '897565411133333', 'hyd138', '17.446839', '78.383698', '', 'Madhapur', 'Madhapur', 'Hyderabad', 'Andhra Pradesh', 'Hyderabad', 1, '500081', '1', NULL, '8888888807', 'surabhimarketing@tracer.com', '', '', 1, '2014-10-08 00:48:07'),
(8, 'DAUPHINE BUSINESS SOLUTIONS', 'DSThb8ef*wpnN@6', '234111111111111', 'HYD296', '17.4469586', '78.3853601', '', 'Gandhi Nagar', 'Gandhi Nagar', 'Hyderabad', 'Telangana', 'Hyderabad', 1, '500215', '1', NULL, '8888888809', 'dauphine@tracer.com', '', '', 1, '2014-10-08 04:11:05'),
(9, 'Akshitha Enterprises', 'DSTNft0h@32wc2@', '313111111111111', 'HYD164', '17.445887', '78.385325', '', 'Sec bad', 'Sec bad', 'Secundrabad', 'Andhra Pradesh', 'Secundrabad', 1, '500016', '1', NULL, '8888888808', 'akshithaenterprises@tracer.com', '', '', 1, '2014-11-03 13:07:37'),
(10, 'Idea', 'DST!OoEuff2@Gnu', '13456', '154', '17.447058', '78.385427', '', 'P.no:4', '', 'Hyderabad', 'Telangana', 'RangaReddy', 1, '500082', '1', 'Dist_1412774387191.jpg', '9848098480', 'idea@db.com', '', '', 1, '2015-01-12 22:31:06'),
(11, 'testdistributor', 'DST%iaqDIn46c!$', '145211245454555', 'Hyd1234', '17.446087', '78.385119', '', 'Hyderabad', 'Ameerpet', 'Hyderabad', 'Telangana', 'hyderabad', 1, '500081', '1', NULL, '9666666669', 'testdist1@tracer.com', '', '', 1, '2015-02-12 03:58:20'),
(12, 'TEST', 'DST#V$b&2%5$Kwd', 'ABCDEFGH', '123455678', '27.17136049', '78.04146', '', 'hyderbad, telangana india ', '', 'hyderabad', 'Andhra Pradesh', '', 1, '500044', '1', NULL, '8332885230', 'chitta.aparna@gmail.com', '', '', 1, '2014-10-12 21:22:23'),
(13, 'AP', 'DSTU@$!doEp#FTf', 'ABCDEFGH', 'ICIC000000', '27.17136049', '78.04146', '', 'hyderbad, telangana india', '', 'hyderabad', 'Andhra Pradesh', 'Hyderabad', 1, '500044', '1', NULL, '9949999597', 'chitta.aparna@gmail.com', '', '', 1, '2014-10-12 21:39:05'),
(14, 'Univercel Telecom', 'DST*$N##IqQ0A*f', '14564658797879', 'HYD1234', '17.447103', '78.385483', '', 'Hyderabad', 'Madhapur', 'Hyderabad', 'Telangana', 'Hyderabad', 1, '500081', '1', NULL, '7777777716', 'univercel@tracer.com', '', '', 1, '2015-01-08 18:51:43'),
(15, 'ALN Enterprises', 'DSTQ$!4K5cffNe@', '166350123123145', 'CHN329', '17.446531', '78.385083', '12451065', 'chennai park', 'chennai park', 'Chennai', 'Andhra Pradesh', 'Chennai', 1, '600003', '1', NULL, '8888999901', 'alnenterprises@tracer.com', '8888999902', 'alnenterprises@gmail.com', 1, '2015-02-10 22:46:14'),
(16, 'Sangeeta Mobiles', 'DST0f3D!R%V1#e!', '156432174897999', 'HYD1254', '17.464115', '78.493155', '', 'Jubliee Hills', 'Jubliee Hills', 'Hyderabad', 'Telangana', 'Hyderabad', 1, '500084', '1', NULL, '9703541622', 'sangeetamobiles@tracer.com', '', '', 1, '2014-10-17 05:11:46'),
(17, 'AP', 'DSTnOMYWiEi*1*L', '1234567899', 'ICIC000000', '17.43789', '78.04146', '', 'hyderbad, telangana india', '', 'hyderabad', 'Telangana', '', 1, '500044', '1', NULL, '8332885456', 'chitta.aparna@gmail.com', '', '', 1, '2014-10-22 15:36:10'),
(18, 'Vaishnavi', 'DSTKBy@%n4y7O42', '1234567899', 'ICIC000000', '27.17136049', '78.04146', '', 'hyderbad, telangana india', '', 'hyderabad', 'Andhra Pradesh', '', 1, '500044', '1', NULL, '9949999597', 'chitta.aparna@gmail.com', '', '', 1, '2014-10-22 17:08:40'),
(19, 'SciTestDistributorOne', 'DSTh@YduS4J#$W@', '123654789963852', 'HYD1234', '17.4446024', '78.3869189', '12451065', '1A/2B, MG Road', 'Hyderabad', 'Hyderabad', 'Andhra Pradesh', 'Hyderabad', 1, '500012', '1', NULL, '9999999913', 'scitestdistributor1@tracer.com', '', 'scitestdistributor1@gmail.com', 1, '2014-11-04 03:22:44'),
(20, 'vikas', 'DSTX@E3#$$52S#7', '1234567899', 'ICIC000000', '27.17136049', '78.04146', '', 'hyderbad, telangana india', '', 'hyderabad', 'Andhra Pradesh', '', 1, '221026', '1', NULL, '8332885456', 'chitta.aparna@gmail.com', '', '', 1, '2014-11-06 13:47:31'),
(21, 'aparnaone', 'DSTK1WSeRGRwv$3', '1234567899', 'ICIC000000', '27.17136049', '78.04146', '', 'hyderbad, telangana india', '#$%^&*()_', 'Madhapur', 'Andhra Pradesh', 'fdjkdfjg', 1, '500044', '1', NULL, '8332885230', 'chitta.aparna@gmail.com', '', '', 1, '2014-12-25 21:19:02'),
(22, 'aparnatwo', 'DSTg0s7@&&%w*&8', '1234567899', 'ICIC000000', '27.17136049', '78.04146', '', 'hyderbad, telangana india', '', 'Hyderabad', 'Andhra Pradesh', '', 1, '500044', '1', NULL, '8332885250', 'chitta.aparna@gmail.com', '', '', 1, '2014-11-06 13:49:29'),
(23, 'aparnaC', 'DSTFni#W4rQ%H05', '1234567899', 'ICIC000000', '27.17136049', '78.04146', '', 'hyderbad, telangana india', '', 'Madhapur', 'Andhra Pradesh', '', 1, '500044', '1', NULL, '8332885230', 'chitta.aparna@gmail.com', '', '', 1, '2014-11-12 13:07:31'),
(24, 'aparnathree', 'DSTuGV6a%QJHW@3', '1234567899', 'ICIC000000', '27.17136049', '78.04146', '', 'hyderbad, telangana india', '', 'hyderabad', 'Andhra Pradesh', '', 1, '500081', '1', NULL, '8332885239', 'chitta.aparna@gmail.com', '', '', 1, '2014-11-12 17:49:27'),
(25, 'BP', 'DSTF&uuM87$6%2m', '1234567899', 'ICIC000000', '27.17136049', '78.04146', '', 'hyderbad, telangana india', '', 'hyderabad', 'Andhra Pradesh', '', 1, '221026', '1', NULL, '8332885239', 'chitta.aparna@gmail.com', '', '', 1, '2014-11-06 14:21:37'),
(26, 'Ketan', 'DSTD0*2s#0N@@8@', '1234567899', 'ICIC000000', '27.17136049', '78.04146', '', 'hyderbad, telangana india', '', 'Madhapur', 'Andhra Pradesh', '', 1, '500081', '1', NULL, '9949999597', 'chitta.aparna@gmail.com', '', '', 1, '2014-11-06 14:23:38'),
(27, 'gari', 'DSTXtW5DB&6$!@u', '1234567899', 'ICIC000000', '27.17136049', '78.04146', '', 'hyderbad, telangana india', '', 'Madhapur', 'Andhra Pradesh', '', 1, '500044', '1', NULL, '9949999597', 'chitta.aparna@gmail.com', '', '', 1, '2014-11-06 14:25:28'),
(28, 'pardha', 'DSTO0w2n6!Igv2u', '1234567899', 'ICIC000000', '27.17136049', '78.04146', '', 'hyderbad, telangana india', '', 'Hyderabad', 'Andhra Pradesh', '', 1, '201484', '1', NULL, '8332885239', 'jayaprakash.manne@gmail.com', '', '', 1, '2014-11-06 14:36:47'),
(29, 'chetan', 'DST*g1Rl%$$cm6S', '1234567899', 'ICIC000000', '27.17136049', '78.04146', '', 'hyderbad, telangana india', '', 'hyderabad', 'Andhra Pradesh', '', 1, '201484', '1', NULL, '9000143256', 'srikantht@tracer.com', '', '', 1, '2014-11-06 14:37:45'),
(30, 'jayprakash', 'DST#*8Sara*C4ga', '1234567899', 'ICIC000000', '27.17136049', '78.04146', '', 'hyderbad, telangana india', '', 'Madhapur', 'Andhra Pradesh', '', 1, '500044', '1', NULL, '9949999597', 'chitta.aparna@gmail.com', '', '', 1, '2014-11-06 14:39:27'),
(31, 'Rama Marketing', 'DST$T3F$#iwU$7&', '54657657577', '6576767686', '17.765678789797', '78.5465768787797977', '5465768878989', 'karkhana', 'hyderabad', 'hyderabad', 'Andhra Pradesh', 'karkhana', 1, '245567', '1', NULL, '2345678909', 'user1@ramamarketing.com', '2345678909', 'user1@ramamarketing.com', 1, '2014-11-11 06:55:22'),
(32, 'SCItse', 'DSTt1RfO1$WD7mn', '231434', '654654', '17.447058', '78.385427', '', 'Hyderabad', '', 'Hyderabad', 'Andhra Pradesh', '', 1, '500081', '1', NULL, '8989989898', 'sci@dist.com', '', '', 1, '2015-01-12 22:46:03'),
(33, 'varun', 'DSTf$51Jh&UWI*y', '1234567899', 'ICIC000000', '17.43789', '78.04146', '', 'hyderbad, telangana india', '', 'hyderabad', 'Andhra Pradesh', '', 1, '201488', '1', NULL, '9949999597', 'chitta.aparna@gmail.com', '', '', 1, '2014-11-12 13:09:12'),
(34, 'vinay', 'DST7365#4tFiHG*', '1234567899', 'ICIC000000', '27.17136049', '78.04146', '', 'hyderbad, telangana india', '', 'hyderabad', 'Andhra Pradesh', '', 1, '201489', '1', NULL, '8332885239', 'chitta.aparna@gmail.com', '', '', 1, '2014-11-12 13:10:17'),
(35, 'vikasone', 'DST&hQ2kRvgmQ8*', '1234567899', 'ICIC000000', '17.43789', '78.04146', '', 'hyderbad, telangana india', '', 'hyderabad', 'Andhra Pradesh', '', 1, '201488', '1', NULL, '8332885250', 'chitta.aparna@gmail.com', '', '', 1, '2014-11-12 13:12:27'),
(36, 'vamsikrishna', 'DST4$kY%%xbH8p$', '1234567899', 'ICIC000000', '27.17136049', '78.04146', '', 'hyderbad, telangana india', '', 'hyderabad', 'Andhra Pradesh', '', 1, '201489', '1', NULL, '9949999597', 'chitta.aparna@gmail.com', '', '', 1, '2014-11-12 13:33:37'),
(37, 'aparnathree', 'DST#t#VcEA#0%dU', '1234567899', 'ICIC000000', '27.17136049', '78.04146', '', 'hyderbad, telangana india', '', 'hyderabad', 'Andhra Pradesh', '', 1, '201488', '1', NULL, '8332885456', 'chitta.aparna@gmail.com', '', '', 1, '2014-11-12 18:09:31'),
(38, 'aparnaone', 'DSTqc1d*@1S@2W!', '1234567899', 'ICIC000000', '17.43789', '78.04146', '', 'hyderbad, telangana india', '', 'Madhapur', 'Andhra Pradesh', '', 1, '221028', '1', NULL, '9949999590', 'chitta.aparna@gmail.com', '', '', 1, '2014-11-12 18:32:11'),
(39, 'vamsikrishna', 'DSTa6dt1HjP&J!%', '1234567899', 'ICIC000000', '27.17136049', '78.04146', '', 'hyderbad, telangana india', '', 'hyderabad', 'Andhra Pradesh', '', 1, '221026', '1', NULL, '8332885239', 'chitta.aparna@gmail.com', '', '', 1, '2014-11-12 17:52:51'),
(40, 'Testttt', 'DSTPR1iA44Ll#!G', '23564', '2132123', '17.4470971', '78.3854519', '', 'Hyderabad', '', 'Hyderabad', 'Andhra Pradesh', '', 1, '500081', '1', NULL, '7845784875', 'sajdf@sdfkl.sdfq', '', '', 1, '2014-11-13 04:13:43'),
(41, 'TesttttOnee', 'DSTf!d&V43ha8uo', '872345', '2525625', '17.4470971', '78.3854519', '', 'Hyderabad', '', 'Hyderabad', 'Andhra Pradesh', '', 1, '500081', '1', NULL, '8976549687', 'smhvf@skjgf.sdf', '', '', 1, '2014-11-13 04:16:07'),
(42, 'DistOne', 'DSTL%hAS2#$Hg7A', '125425124', '135754254', '17.4642179', '78.3738287', '', 'Test Address', 'Chintalkunta', 'Hyderabad', 'Andhra Pradesh', '', 1, '500054', '1', NULL, '7755663322', 'distone@tracer.com', '', '', 1, '2014-11-16 22:54:11'),
(43, 'DistTwo', 'DST1X&G%Um2$0%o', '89754897689', '135754254', '17.4515977', '78.3855499', '', 'Test Address', 'Chintalkunta', 'Hyderabad', 'Andhra Pradesh', '', 1, '500054', '1', NULL, '7755663325', 'disttwo@tracer.com', '', '', 1, '2014-11-16 22:55:13'),
(44, 'TestDistributorKarkhanaOne', 'DST3@Xo8K7h*aux', '132465548797856', 'HYD1251', '17.4516208', '78.3909445', '', 'Karkhana', 'Hyderabad', 'Hyderabad', 'Telangana', 'Hyderabad', 1, '500012', '1', NULL, '9639639639', 'testdistkarkhana1@gmail.com', '', '', 1, '2014-11-16 22:57:05'),
(45, 'TestDistributorKarkhanaTwo', 'DST!#xM1QK@FwGs', '987844665465464', 'HYD1252', '17.4469806', '78.3855677', '', 'Karkhana', 'Hyderabad', 'Hyderabad', 'Telangana', 'Hyderabad', 1, '500012', '1', NULL, '9639639636', 'testdistkarkhana2@gmail.com', '', '', 1, '2014-11-16 22:58:28'),
(46, 'TestDistributorKarkhanaThree', 'DST6@aX$#7lL#$F', '965879647898797', 'HYD1253', '17.4530788', '78.383827', '', 'Karkhana', 'Hyderabad', 'Hyderabad', 'Telangana', 'Hyderabad', 1, '500012', '1', NULL, '9639639633', 'testdistkarkhana3@gmail.com', '', '', 1, '2014-11-16 22:59:51'),
(47, 'TestDist', 'DSTYE0&&S31n*W#', '246346', '257', '18.644646', '134.684684', '', 'Hyderabad', '', 'Hyderabad', 'Andhra Pradesh', '', 1, '500081', '1', NULL, '5555550005', 'szdfg@jhsdf.sdg', '', '', 1, '2014-11-16 23:12:06'),
(48, 'TestDistone', 'DSTL&Se@L&$2m6!', '38556', '565', '44.456234', '140.3456456', '', 'Hyderabad', '', 'Hyderabad', 'Andhra Pradesh', '', 1, '500081', '1', NULL, '5555550006', 'sdgf@sdfg.sf', '', '', 1, '2014-11-16 23:13:39'),
(49, 'Peddamma Temple', 'DST#3wDiEE0$tC1', '89754897689', '5754214242', '17.445887', '78.385325', '', 'Test', 'Peddamma Temple', 'Hyderabad', 'Andhra Pradesh', 'Ranga Reddy', 1, '500054', '1', NULL, '7800000000', 'temple@tracer.com', '', '', 1, '2014-11-17 23:18:32'),
(50, 'Jubliee Hills Check post', 'DSTbs7$7!R@NG2j', '89754897689', '135754254', '17.445887', '78.385325', '', 'Test add', 'Check post', 'Hyderabad', 'Andhra Pradesh', 'Ranga Reddy', 1, '500054', '1', NULL, '7900000000', 'jcheckpost@gmail.com', '', '', 1, '2014-11-17 23:19:34'),
(51, 'Madhapur PS', 'DST%!63$kYxY*u1', '89754897689', '135754254', '17.445887', '78.385325', '', 'Test', 'Madapur', 'Hyderabad', 'Andhra Pradesh', 'Ranga Reddy', 1, '500054', '1', NULL, '8000000000', 'madpur@gmail.com', '', '', 1, '2014-11-17 23:20:37'),
(52, 'SCI OFC', 'DST7!8tgbS2t%%h', '89754097689', '135754254', '17.447245', '78.385369', '', 'Test Address', 'SCI OFC', 'Hyderabad', 'Andhra Pradesh', 'Ranga Reddy', 1, '500054', '1', NULL, '5000000000', 'ssciofc@gmail.com', '', '', 1, '2015-02-10 22:10:08'),
(53, 'Reliance Digital Express', 'DSTk#6nc17$HOY6', '89754897687', '135754254', '17.445768', '78.387249', '', 'Test Address', 'Reliance Digital Express', 'Hyderabad', 'Andhra Pradesh', 'Ranga Reddy', 1, '500054', '1', NULL, '5000000001', 'relaince@gmail.com', '', '', 1, '2015-02-11 00:05:27'),
(54, 'Opp Madhapur Petrol Bunk', 'DSTJpl62k6Ew0#O', '89754897650', '135754259', '17.444982', '78.385971', '', 'Test', 'Opp Madhapur Petrol Bunk', 'Hyderabad', 'Andhra Pradesh', 'Ranga Reddy', 1, '500054', '1', NULL, '5000000002', 'madpb@gmail.com', '', '', 1, '2015-02-11 00:12:01'),
(55, 'YSR Statue', 'DSTytdB!ktYic4A', '89754897685', '135754258', '17.444982', '78.385971', '', 'Test', 'YSR Statue', 'Hyderabad', 'Andhra Pradesh', 'Ranga Reddy', 1, '500054', '1', NULL, '5000000003', 'ysr@gmail.com', '', '', 1, '2015-02-11 00:18:26'),
(56, 'New Nisum', 'DSTl!8P&*4EF06#', '89754897657', '135754254', '17.444982', '78.385971', '', 'Test', 'New Nisum', 'Hyderabad', 'Andhra Pradesh', 'Ranga Reddy', 1, '500054', '1', NULL, '5000000004', 'NewNisum@gmail.com', '', '', 1, '2015-02-11 00:23:44'),
(57, 'Cyber Towers Signal Samsung Showroom', 'DST5!#1Q6rKy$5U', '89754897691', '135754257', '17.443638', '78.391948', '', 'Test', 'Cyber Towers Signal Samsung Showroom', 'Hyderabad', 'Andhra Pradesh', 'Ranga Reddy', 1, '500054', '1', NULL, '5000000005', 'samsung@gmail.com', '', '', 1, '2015-02-11 00:26:42'),
(58, 'Reheja Mind Space', 'DSTw8&j5$!5X0C#', '89754897600', '235754254', '17.443638', '78.391948', '', 'Test', 'Reheja Mind Space', 'Hyderabad', 'Andhra Pradesh', 'Ranga Reddy', 1, '500054', '1', NULL, '5000000006', 'raheja@gmail.com', '', 'raheja@gmail.com', 1, '2015-02-11 00:29:31'),
(59, 'Ascendus City Bank ATM', 'DSThqTR0G40@B3%', '89754897640', '135754240', '17.436067', '78.3822969', '', 'Test', 'Ascendus City Bank ATM', 'Hyderabad', 'Andhra Pradesh', 'Ranga Reddy', 1, '500054', '1', NULL, '5000000007', 'asendus@gmail.com', '', '', 1, '2014-11-18 01:24:50'),
(60, 'InOrbit Mall', 'DST3*!p!l22@7h!', '89754897644', '135754248', '17.4338517', '78.3860692', '', 'Test', 'InOrbit Mall', 'Hyderabad', 'Andhra Pradesh', 'Ranga Reddy', 1, '500054', '1', NULL, '5000000008', 'inorbit@gmail.com', '', '', 1, '2014-11-18 01:25:44'),
(61, 'Arts College', 'DSThExpB&Njo%!!', '89754897666', '1357542578', '17.4396906', '78.3843686', '', 'Test ', 'Arts College', 'Hyderabad', 'Andhra Pradesh', 'Ranga Reddy', 1, '500054', '1', NULL, '5000000009', 'arts@gmail.com', '', '', 1, '2014-11-18 01:26:45'),
(62, 'Karachi Bakery', 'DST4@8wI2&75%N!', '897548976656527', '135754236', '17.4433208', '78.3852707', '', 'Test', 'Karachi Bakery', 'Hyderabad', 'Andhra Pradesh', 'Ranga Reddy', 1, '500054', '1', NULL, '5000000010', 'karchi@gmail.com', '', '', 1, '2014-11-18 01:27:43'),
(63, 'Axis bank', 'DST07f%f!Ik*24T', '897548976795424', '1357542554', '17.4466898', '78.3847789', '', 'Test', 'Axis bank', 'Hyderabad', 'Andhra Pradesh', 'Ranga Reddy', 1, '500054', '1', NULL, '5000000011', 'axis@gmail.com', '', '', 1, '2014-11-18 01:28:34'),
(64, 'Mirrors Building', 'DST&*g6W4$R*nah', '897548976245857', '1357542524', '17.4459753', '78.3852907', '', 'Test', 'Mirrors Building', 'Hyderabad', 'Andhra Pradesh', 'Ranga Reddy', 1, '500054', '1', NULL, '5000000012', 'mirros@gmail.com', '', '', 1, '2014-11-18 01:29:50'),
(65, 'Karnataka Bank', 'DSTq2ODaTMq7C!t', '897548976895423', '1357542542', '17.4466514', '78.3853907', '', 'Test', '', 'Hyderabad', 'Andhra Pradesh', 'Ranga Reddy', 1, '500054', '1', NULL, '5000000013', 'kbank@gmail.com', '', '', 1, '2014-11-18 01:30:33'),
(66, 'Coffee Day', 'DSTQ6wK26rCVKcj', '897548976502454', '135754254', '17.445358', '78.384933', '', 'Test', 'Coffee Day', 'Hyderabad', 'Andhra Pradesh', 'Ranga Reddy', 1, '500054', '1', NULL, '5000000014', 'cday@gmail.com', '', '', 1, '2014-12-22 03:59:50'),
(67, 'Cafe Nandini', 'DST#e&B#6hC**0U', '897548976571242', '1357542363', '17.445118', '78.386984', '', 'Test', 'Cafe Nandini', 'Hyderabad', 'Andhra Pradesh', 'Ranga Reddy', 1, '500054', '1', NULL, '5000000015', 'cafe@gmail.com', '', '', 1, '2014-12-22 04:02:54'),
(68, 'Tata Docomo Showroom', 'DSTmyRW0q!qgsEI', '897548976895454', '1357542542', '17.439463', '78.391036', '', 'Test', '', 'Hyderabad', 'Andhra Pradesh', 'Ranga Reddy', 1, '500054', '1', NULL, '5000000016', 'tata@gmail.com', '', '', 1, '2014-12-22 04:07:00'),
(69, 'Madhapur PS Signal', 'DST4*6o4t26#AMh', '89754897650', '1357542544', '17.440898', '78.394621', '', 'Test', 'Madhapur PS Signal', 'Hyderabad', 'Andhra Pradesh', '', 1, '500054', '1', NULL, '5000000017', 'mps@gmail.com', '', '', 1, '2014-12-22 04:09:44'),
(70, 'HDFC Bank Kavuri Hills', 'DST%S&62cXS@$J4', '7890', '12345', '17.440898', '78.394621', '', 'Hyderabad', 'HDFC Bank Kavuri Hills', 'Hyderabad', 'Andhra Pradesh', '', 1, '500054', '1', NULL, '5000000018', 'dgk@dkh.sdfg', '', '', 1, '2014-12-22 04:11:58'),
(71, 'Vellanki Sweets', 'DSTC#!@W1@EinL@', '2345', '6789', '17.4389702', '78.3979394', '', 'Hyderabad', '', 'Hyderabad', 'Andhra Pradesh', '', 1, '500054', '1', NULL, '5000000019', 'sdfj@sgjk.sdf', '', '', 1, '2014-11-18 01:42:06'),
(72, 'Audi Showroom', 'DST5!5XoJ&34nXI', '3656544', '34786', '17.4401202', '78.3933689', '', 'Hyderabad', 'Audi Showroom', 'Hyderabad', 'Andhra Pradesh', '', 1, '500054', '1', NULL, '5000000020', 'zkxdfj@sdl.sv', '', '', 1, '2014-11-18 01:43:30'),
(73, 'Signal Fruit Shop', 'DSTl#H@21C!BW#$', '346593', '34876', '17.4450504', '78.3941107', '', 'Hyderabad', 'Signal Fruit Shop', 'Hyderabad', 'Andhra Pradesh', '', 1, '500054', '1', NULL, '5000000021', 'sdgf@sdfuv.sdf', '', '', 1, '2014-11-18 01:44:14'),
(74, 'Parvat Nagar Junction', 'DST!F#8c71%I!#3', '3495634', '536954', '17.4494465', '78.3936159', '', 'Hyderabad', 'Parvat Nagar Junction', 'Hyderabad', 'Andhra Pradesh', '', 1, '500054', '1', NULL, '5000000022', 'dfjklg@sdfjkg.sdfg', '', '', 1, '2014-11-18 01:45:26'),
(75, 'Midland Bakery', 'DST!@o%402K&05!', '34673', '34856', '17.4511493', '78.3926053', '', 'Hyderabad', 'Midland Bakery', 'Hyderabad', 'Andhra Pradesh', '', 1, '500054', '1', NULL, '5000000023', 'sdg@skg.sf', '', '', 1, '2014-11-18 01:46:12'),
(76, 'Carz', 'DSTyu&54lF!jV!c', '34665', '348956345', '17.4555991', '78.3831711', '', 'Hyderabad', 'Carz', 'Hyderabad', 'Andhra Pradesh', '', 1, '500054', '1', NULL, '5000000024', 'sdkjg@skv.sdf', '', '', 1, '2014-11-18 01:46:54'),
(77, 'HDFC Bank Silicon Valley', 'DSTn0!C&$x66bqc', '345656', '348576345', '17.4514526', '78.3840505', '', 'Hyderabad', 'HDFC Bank Silicon Valley', 'Hyderabad', 'Andhra Pradesh', '', 1, '500054', '1', NULL, '5000000025', 'fgb@sdfj.sh', '', '', 1, '2014-11-18 01:47:38'),
(78, 'Tea Stall', 'DST#Nl4P415*yXa', '2374', '34523', '17.4473044', '78.3849354', '', 'Hyderabad', 'Tea Stall', 'Hyderabad', 'Andhra Pradesh', '', 1, '500054', '1', NULL, '5000000026', 'dxzfb@sg.sd', '', '', 1, '2014-11-18 01:48:25'),
(79, 'oooooooooooooooooooooooooooooooooooooooooooooooooooooooooooooooooooooooooooooooooooooooooooooooooooooooooooooooooooooooooooooooooooooooooooooooooooooo', 'DST6gR*010*U@*8', '111111111111111', '2222222222', '27.171360492222267676', '78.0414647482842746', '', 'hyderbad, telangana india', '', 'hyderabad', 'Andhra Pradesh', '', 1, '221026', '0', NULL, '4444444444', 'chitta.aparna@gmail.com', '6666666666', '', 1, '2014-11-23 14:37:14'),
(80, 'Karthikdist', 'DST4Gx8453225IJ', '567', '3467567', '17.4470484', '78.3854481', '', 'Hyderabad', '', 'Hyderabad', 'Andhra Pradesh', '', 1, '457856', '1', NULL, '4688856765', 'cvb@dzfh.fgh', '', '', 1, '2014-12-22 23:46:26'),
(81, 'testdecdist', 'DSThQ5#0Pb8#AN6', '897945643212132', 'HYD218', '17.013331', '78.0311000', '', 'Hyderabad', 'Hyderabad', 'Hyderabad', 'Telangana', '', 1, '500081', '1', NULL, '9111222220', 'disttestdec1@tracer.com', '', '', 1, '2014-12-23 01:36:55'),
(82, 'SL Brights_Ameerpet', 'DST4jAyl$2u4WSr', '8595295', '15615', '17.446087', '78.385119', '', 'Ameerpet', '', 'Hyderabad', 'Andhra Pradesh', '', 1, '500073', '1', NULL, '2222222222', 'jnhnu@cfgh.cfgy', '', '', 1, '2015-02-12 03:10:24'),
(83, 'Sri sai mobiles', 'DSTWneA!%jwt0Yq', '123654', 'HYD123', '17.445887', '78.385325', '12451065', 'Karkhana', 'Mettuguda', 'Secundrabad', 'Andhra Pradesh', '', 1, '500035', '1', NULL, '9000000110', 'ratnakar@dist.com', '9000100111', 'Ratnakar@dist.com', 1, '2015-03-26 13:44:16');

-- --------------------------------------------------------

--
-- Table structure for table `distributor_to_hub_details`
--

CREATE TABLE IF NOT EXISTS `distributor_to_hub_details` (
`distributor_to_hub_id` bigint(20) NOT NULL,
  `distributor_id` bigint(20) NOT NULL,
  `hub_id` bigint(20) NOT NULL,
  `status` char(1) NOT NULL
) ENGINE=InnoDB  DEFAULT CHARSET=utf8 AUTO_INCREMENT=85 ;

--
-- Dumping data for table `distributor_to_hub_details`
--

INSERT INTO `distributor_to_hub_details` (`distributor_to_hub_id`, `distributor_id`, `hub_id`, `status`) VALUES
(1, 1, 1, '1'),
(2, 2, 1, '1'),
(3, 3, 1, '1'),
(4, 4, 1, '1'),
(5, 5, 1, '1'),
(6, 6, 1, '1'),
(7, 7, 1, '1'),
(8, 8, 1, '1'),
(9, 9, 1, '1'),
(10, 10, 3, '1'),
(11, 11, 4, '1'),
(12, 12, 5, '1'),
(13, 13, 5, '1'),
(14, 14, 2, '1'),
(15, 15, 1, '1'),
(16, 16, 1, '1'),
(17, 17, 8, '1'),
(18, 18, 8, '1'),
(19, 19, 11, '1'),
(20, 20, 8, '1'),
(21, 21, 5, '1'),
(22, 22, 8, '1'),
(23, 23, 8, '1'),
(24, 24, 8, '1'),
(25, 25, 8, '1'),
(26, 26, 12, '1'),
(27, 27, 13, '1'),
(28, 28, 15, '1'),
(29, 29, 12, '1'),
(30, 30, 16, '1'),
(31, 31, 4, '1'),
(32, 32, 17, '0'),
(33, 32, 11, '1'),
(34, 33, 8, '1'),
(35, 34, 12, '1'),
(36, 35, 12, '1'),
(37, 36, 5, '1'),
(38, 37, 12, '1'),
(39, 38, 12, '1'),
(40, 39, 12, '1'),
(41, 40, 1, '1'),
(42, 41, 1, '1'),
(43, 42, 1, '1'),
(44, 43, 1, '1'),
(45, 44, 1, '1'),
(46, 45, 1, '1'),
(47, 46, 1, '1'),
(48, 47, 1, '1'),
(49, 48, 1, '1'),
(50, 49, 1, '1'),
(51, 50, 1, '1'),
(52, 51, 1, '1'),
(53, 52, 18, '1'),
(54, 53, 18, '1'),
(55, 54, 18, '1'),
(56, 55, 18, '1'),
(57, 56, 18, '1'),
(58, 57, 18, '1'),
(59, 58, 18, '1'),
(60, 59, 18, '1'),
(61, 60, 18, '1'),
(62, 61, 18, '1'),
(63, 62, 18, '1'),
(64, 63, 18, '1'),
(65, 64, 18, '1'),
(66, 65, 18, '1'),
(67, 66, 18, '1'),
(68, 67, 18, '1'),
(69, 68, 18, '1'),
(70, 69, 18, '1'),
(71, 70, 18, '1'),
(72, 71, 18, '1'),
(73, 72, 18, '1'),
(74, 73, 18, '1'),
(75, 74, 18, '1'),
(76, 75, 18, '1'),
(77, 76, 18, '1'),
(78, 77, 18, '1'),
(79, 78, 18, '1'),
(80, 79, 16, '1'),
(81, 80, 19, '1'),
(82, 81, 20, '1'),
(83, 82, 1, '1'),
(84, 83, 25, '1');

-- --------------------------------------------------------

--
-- Table structure for table `hub_details`
--

CREATE TABLE IF NOT EXISTS `hub_details` (
`hub_id` bigint(20) NOT NULL,
  `hub_name` varchar(100) NOT NULL,
  `hub_code` varchar(15) NOT NULL DEFAULT '',
  `status` char(1) NOT NULL COMMENT '0-Inactive,1-Active',
  `zone_id` bigint(20) NOT NULL,
  `user_id` bigint(20) NOT NULL,
  `date_time` timestamp NOT NULL DEFAULT CURRENT_TIMESTAMP ON UPDATE CURRENT_TIMESTAMP
) ENGINE=InnoDB  DEFAULT CHARSET=utf8 AUTO_INCREMENT=27 ;

--
-- Dumping data for table `hub_details`
--

INSERT INTO `hub_details` (`hub_id`, `hub_name`, `hub_code`, `status`, `zone_id`, `user_id`, `date_time`) VALUES
(1, 'Kharkhana', 'HUBMgsCl14XUs4F', '1', 1, 1, '2014-10-07 04:39:20'),
(2, 'Lakidikapool', 'HUB158yHdesGQm6', '1', 1, 1, '2014-10-07 04:39:20'),
(3, 'Hub', 'HUBC32UmbtCtMcT', '1', 2, 1, '2014-10-08 03:16:37'),
(4, 'Test Hub 1', 'HUBKRRSr5KTIB3V', '1', 3, 1, '2014-10-10 07:23:41'),
(5, 'HYDERABAD', 'HUBCP6YVhMuBWND', '1', 4, 1, '2014-10-12 17:33:45'),
(6, 'shyamoct17hub', 'HUByoHF821FCSN7', '1', 5, 1, '2014-10-17 08:43:02'),
(7, 'Madhapur', 'HUBxlO7s446ujC2', '0', 6, 1, '2014-10-20 12:30:15'),
(8, 'Madhapur', 'HUB1HF2L0APSsOY', '1', 7, 1, '2014-10-20 13:11:32'),
(9, 'madhapur', 'HUBI5shoW41C2GR', '1', 7, 1, '2014-10-20 13:20:30'),
(10, 'Barkatpura', 'HUB4B1DXX2RQKu8', '1', 8, 1, '2014-10-22 18:32:29'),
(11, 'SCI Hub1', 'HUBM5e0GYWClx12', '1', 9, 1, '2014-11-03 23:08:02'),
(12, 'aparna hub', 'HUB740Xu7FV32XN', '1', 10, 1, '2014-11-06 14:09:48'),
(13, 'Madhapur', 'HUBUMPc5lM6s4ut', '1', 10, 1, '2014-11-06 14:09:48'),
(14, 'HYDERABAD', 'HUB185LBJs4E5BE', '1', 11, 1, '2014-11-06 14:09:48'),
(15, 'Barkatpura', 'HUB1I5WDxCuRKLM', '1', 12, 1, '2014-11-06 14:09:48'),
(16, 'chikadpally', 'HUBBEv0GHuUn7sX', '1', 13, 1, '2014-11-06 14:09:48'),
(17, 'APHub', 'HUB0Pv5IfF1NOEC', '1', 14, 1, '2014-11-11 00:26:44'),
(18, 'SCIITHub', 'HUBJiRJji7SYCFb', '1', 15, 1, '2014-11-18 00:57:53'),
(19, 'Hyderabad', 'HUB4CDbSe4OvGti', '0', 16, 1, '2014-12-18 21:13:13'),
(20, 'Test Hub Dec', 'HUBNQpFbuBKLU1L', '1', 17, 1, '2014-12-22 23:37:43'),
(21, 'vo', 'HUBK4t6TA4QW4I5', '0', 18, 1, '2014-12-23 19:28:24'),
(22, 'Test Hub1', 'HUBQRCphafK28Fl', '1', 19, 1, '2014-12-28 23:31:24'),
(23, 'Test Hub2', 'HUBTDWH3e5181S3', '1', 20, 1, '2014-12-28 23:31:24'),
(24, 'Demo Hub1', 'HUBRdeUATAESYNN', '1', 21, 1, '2015-03-03 04:58:21'),
(25, 'Demo Hub', 'HUBnS2XruspT6F1', '1', 22, 1, '2015-03-26 13:43:13'),
(26, 'TestMateCirclekv5R1Z1H1', 'HUBN0XS0lAF0PNE', '1', 23, 1, '2015-04-20 07:42:37');

-- --------------------------------------------------------

--
-- Table structure for table `region_details`
--

CREATE TABLE IF NOT EXISTS `region_details` (
`region_id` bigint(20) NOT NULL,
  `region_name` varchar(100) NOT NULL,
  `region_code` varchar(15) NOT NULL DEFAULT '',
  `status` char(1) NOT NULL COMMENT '0-Inactive,1-Active',
  `circle_id` bigint(20) NOT NULL,
  `user_id` bigint(20) NOT NULL,
  `date_time` timestamp NOT NULL DEFAULT CURRENT_TIMESTAMP ON UPDATE CURRENT_TIMESTAMP
) ENGINE=InnoDB  DEFAULT CHARSET=utf8 AUTO_INCREMENT=23 ;

--
-- Dumping data for table `region_details`
--

INSERT INTO `region_details` (`region_id`, `region_name`, `region_code`, `status`, `circle_id`, `user_id`, `date_time`) VALUES
(1, 'Hyderabad', 'REG3v8YA46W6nIb', '1', 1, 1, '2014-10-07 04:37:31'),
(2, 'Region', 'REGIG7LPH8uKBd0', '1', 2, 1, '2014-10-08 03:07:40'),
(3, 'tet region 1', 'REGCMMVD1HEYVO7', '1', 3, 1, '2014-10-10 07:23:09'),
(4, 'AP REGION', 'REGA31Aes81BNf4', '1', 4, 1, '2014-10-12 17:33:18'),
(5, 'shyamoct17addregion', 'REG7Vv6Bvr3OEbs', '1', 5, 1, '2014-10-17 08:39:18'),
(6, 'Test region 1', 'REGD0jbmhoONpCa', '0', 6, 1, '2014-10-20 12:29:43'),
(7, 'Test region II', 'REGfDDGNb7LD8IW', '1', 7, 1, '2014-10-20 12:53:17'),
(8, 'AP80', 'REGGoI4I67568yO', '1', 8, 1, '2014-10-22 18:31:50'),
(9, 'SCI Region1', 'REG8vySA2k68ik6', '1', 9, 1, '2014-11-03 23:07:44'),
(10, 'aparna region', 'REGmpNC6WxiXflj', '1', 10, 1, '2014-11-06 14:07:30'),
(11, 'Telangana', 'REGFPBi2p1GYIT2', '1', 10, 1, '2014-11-06 14:07:30'),
(12, 'Andhra', 'REGEV0JpYdyBEV8', '1', 10, 1, '2014-11-06 14:07:30'),
(13, 'APRegion', 'REGEYPvwmtJ7j6T', '1', 11, 1, '2014-11-11 00:26:09'),
(14, 'SCIITRegion', 'REGDA146PDVXC7t', '1', 12, 1, '2014-11-18 00:57:35'),
(15, 'Karimnagar', 'REGWYTHQ8Uo06Hn', '0', 13, 1, '2014-12-18 21:11:08'),
(16, 'Test Region Dec', 'REG6PPUAHXWPS3x', '1', 14, 1, '2014-12-22 23:37:16'),
(17, 'ka', 'REGoJjOeV0SfR06', '0', 15, 1, '2014-12-23 19:28:07'),
(18, 'Test Reg1', 'REGQMS8hP3736PX', '1', 16, 1, '2014-12-28 23:30:58'),
(19, 'Test Reg2', 'REGOT0Ofx03ARK4', '1', 16, 1, '2014-12-28 23:30:58'),
(20, 'Demo Region1', 'REG22qeeE7rO88j', '1', 17, 1, '2015-03-03 04:58:03'),
(21, 'Demo Region', 'REGFX1U36tKWhDM', '1', 18, 1, '2015-03-26 13:43:11'),
(22, 'TestMateCirclekv5R1', 'REGiE51WVM836Od', '1', 19, 1, '2015-04-20 07:42:34');

-- --------------------------------------------------------

--
-- Table structure for table `role_details`
--

CREATE TABLE IF NOT EXISTS `role_details` (
`role_id` bigint(20) NOT NULL,
  `role_name` varchar(60) NOT NULL,
  `status` char(1) NOT NULL,
  `alias_name` varchar(5) DEFAULT NULL
) ENGINE=InnoDB  DEFAULT CHARSET=utf8 AUTO_INCREMENT=9 ;

--
-- Dumping data for table `role_details`
--

INSERT INTO `role_details` (`role_id`, `role_name`, `status`, `alias_name`) VALUES
(1, 'Super Administrator', '1', 'SA'),
(2, 'CircleManager', '1', 'CBM'),
(3, 'Region Manager', '1', 'RBM'),
(4, 'Zone Manager', '1', 'ZBM'),
(5, 'Hub Manager', '1', 'ASM'),
(6, 'Team Leader', '1', 'TSM'),
(7, 'Runner', '1', 'TSE'),
(8, 'Data Entry Operator', '1', 'DEO');

-- --------------------------------------------------------

--
-- Table structure for table `runner_offline_visit_details`
--

CREATE TABLE IF NOT EXISTS `runner_offline_visit_details` (
`runner_offline_visit_id` bigint(20) NOT NULL,
  `offline_visit_code` varchar(15) NOT NULL,
  `distributor_code` varchar(15) NOT NULL,
  `beat_plan_code` varchar(15) NOT NULL,
  `runner_code` varchar(15) NOT NULL,
  `status` char(1) NOT NULL,
  `visit_time_stamp` timestamp NOT NULL DEFAULT CURRENT_TIMESTAMP ON UPDATE CURRENT_TIMESTAMP
) ENGINE=InnoDB DEFAULT CHARSET=utf8 AUTO_INCREMENT=1 ;

-- --------------------------------------------------------

--
-- Table structure for table `runner_visitted_location_details`
--

CREATE TABLE IF NOT EXISTS `runner_visitted_location_details` (
`runner_visitted_location_id` bigint(20) NOT NULL,
  `user_id` bigint(20) NOT NULL,
  `lattitude` varchar(30) NOT NULL,
  `longitude` varchar(30) NOT NULL,
  `location` varchar(100) NOT NULL,
  `date_time` timestamp NOT NULL DEFAULT CURRENT_TIMESTAMP ON UPDATE CURRENT_TIMESTAMP
) ENGINE=InnoDB  DEFAULT CHARSET=utf8 AUTO_INCREMENT=3802 ;

--
-- Dumping data for table `runner_visitted_location_details`
--

INSERT INTO `runner_visitted_location_details` (`runner_visitted_location_id`, `user_id`, `lattitude`, `longitude`, `location`, `date_time`) VALUES
(1, 7, '0.0', '0.0', 'Unable+to+Track+position', '2014-10-07 06:14:31'),
(2, 7, '17.4471561', '78.3854724', 'Image+Gardens+Rd%2C+Jaihind+Enclave%2C+Silicon+Valley%2C+Madhapur', '2014-10-07 06:31:20'),
(3, 7, '17.4471537', '78.3854402', 'Distributor Location', '2014-10-07 06:32:45'),
(4, 13, '17.4471185', '78.3854198', 'Image+Gardens+Rd%2C+Jaihind+Enclave%2C+Silicon+Valley%2C+Madhapur', '2014-10-07 07:42:37'),
(5, 13, '17.447129', '78.3854461', 'Unable+to+Track+position', '2014-10-07 08:09:31'),
(6, 13, '17.4471277', '78.3854444', 'Distributor Location', '2014-10-07 08:10:57'),
(7, 13, '17.4471251', '78.3854222', 'Image+Gardens+Rd%2C+Jaihind+Enclave%2C+Silicon+Valley%2C+Madhapur', '2014-10-07 08:17:36'),
(8, 15, '17.4471214', '78.3854295', 'Image+Gardens+Rd%2C+Jaihind+Enclave%2C+Silicon+Valley%2C+Madhapur', '2014-10-08 04:07:37'),
(9, 15, '17.4471145', '78.3854299', 'Distributor Location', '2014-10-08 04:08:53'),
(10, 15, '17.4471266', '78.3854035', 'Image+Gardens+Rd%2C+Jaihind+Enclave%2C+Silicon+Valley%2C+Madhapur', '2014-10-08 04:17:37'),
(11, 15, '17.4470202', '78.385279', '20%2621', '2014-10-08 04:27:38'),
(12, 15, '17.4471374', '78.3854214', 'Image+Gardens+Rd%2C+Jaihind+Enclave%2C+Silicon+Valley%2C+Madhapur', '2014-10-08 04:36:51'),
(13, 7, '17.4471197', '78.3854279', 'Image+Gardens+Rd%2C+Jaihind+Enclave%2C+Silicon+Valley%2C+Madhapur', '2014-10-09 03:42:05'),
(14, 13, '17.4471361', '78.3854416', 'Image+Gardens+Rd%2C+Jaihind+Enclave%2C+Silicon+Valley%2C+Madhapur', '2014-10-09 03:44:41'),
(15, 13, '17.4470407', '78.3852867', '20%2621', '2014-10-09 03:45:04'),
(16, 13, '17.4471687', '78.3854555', 'Image+Gardens+Rd%2C+Jaihind+Enclave%2C+Silicon+Valley%2C+Madhapur', '2014-10-09 03:54:43'),
(17, 7, '0.0', '0.0', 'Unable+to+Track+position', '2014-10-09 03:55:59'),
(18, 7, '0.0', '0.0', 'Unable+to+Track+position', '2014-10-09 04:04:41'),
(19, 13, '17.4471648', '78.3854505', 'Unable+to+Track+position', '2014-10-09 04:04:52'),
(20, 7, '0.0', '0.0', 'Unable+to+Track+position', '2014-10-09 04:11:14'),
(21, 13, '17.4471517', '78.3854487', 'Image+Gardens+Rd%2C+Jaihind+Enclave%2C+Silicon+Valley%2C+Madhapur', '2014-10-09 04:14:55'),
(22, 7, '0.0', '0.0', 'Unable+to+Track+position', '2014-10-09 04:21:23'),
(23, 13, '17.4471552', '78.3854555', 'Image+Gardens+Rd%2C+Jaihind+Enclave%2C+Silicon+Valley%2C+Madhapur', '2014-10-09 04:23:29'),
(24, 13, '17.4470286', '78.3853833', 'Image+Gardens+Rd%2C+Jaihind+Enclave%2C+Silicon+Valley%2C+Madhapur', '2014-10-09 04:25:20'),
(25, 13, '17.4471379', '78.3854391', 'Image+Gardens+Rd%2C+Jaihind+Enclave%2C+Silicon+Valley%2C+Madhapur', '2014-10-09 04:27:55'),
(26, 7, '0.0', '0.0', 'Unable+to+Track+position', '2014-10-09 04:31:23'),
(27, 13, '17.4473033', '78.3854877', 'Image+Gardens+Rd%2C+Jaihind+Enclave%2C+Silicon+Valley%2C+Madhapur', '2014-10-09 04:34:43'),
(28, 7, '0.0', '0.0', 'Unable+to+Track+position', '2014-10-09 04:34:48'),
(29, 13, '17.4471954', '78.3854756', 'Image+Gardens+Rd%2C+Jaihind+Enclave%2C+Silicon+Valley%2C+Madhapur', '2014-10-09 04:43:08'),
(30, 13, '17.4471957', '78.385461', 'Image+Gardens+Rd%2C+Jaihind+Enclave%2C+Silicon+Valley%2C+Madhapur', '2014-10-09 04:44:46'),
(31, 7, '0.0', '0.0', 'Unable+to+Track+position', '2014-10-09 04:52:22'),
(32, 13, '17.447244', '78.3854839', 'Unable+to+Track+position', '2014-10-09 04:55:07'),
(33, 7, '0.0', '0.0', 'Unable+to+Track+position', '2014-10-09 05:02:22'),
(34, 13, '17.4472126', '78.3854794', 'Unable+to+Track+position', '2014-10-09 05:04:55'),
(35, 7, '0.0', '0.0', 'Unable+to+Track+position', '2014-10-09 05:12:23'),
(36, 13, '17.447148', '78.3853827', 'Unable+to+Track+position', '2014-10-09 05:15:09'),
(37, 13, '17.4471698', '78.3854846', 'Unable+to+Track+position', '2014-10-09 05:24:48'),
(38, 13, '17.4472488', '78.3854845', 'Image+Gardens+Rd%2C+Jaihind+Enclave%2C+Silicon+Valley%2C+Madhapur', '2014-10-09 05:35:01'),
(39, 13, '17.4471907', '78.3854923', 'Unable+to+Track+position', '2014-10-09 05:45:55'),
(40, 13, '17.4471954', '78.3854594', 'Image+Gardens+Rd%2C+Jaihind+Enclave%2C+Silicon+Valley%2C+Madhapur', '2014-10-09 05:54:54'),
(41, 13, '17.4472134', '78.3854601', 'Unable+to+Track+position', '2014-10-09 06:06:00'),
(42, 8, '0.0', '0.0', 'Unable+to+Track+position', '2014-10-09 06:10:15'),
(43, 15, '0.0', '0.0', 'Unable+to+Track+position', '2014-10-09 06:28:26'),
(44, 15, '0.0', '0.0', 'Unable+to+Track+position', '2014-10-09 06:38:26'),
(45, 7, '0.0', '0.0', 'Unable+to+Track+position', '2014-10-10 03:50:14'),
(46, 8, '0.0', '0.0', 'Unable+to+Track+position', '2014-10-10 03:54:04'),
(47, 15, '0.0', '0.0', 'Unable+to+Track+position', '2014-10-10 03:59:35'),
(48, 13, '0.0', '0.0', 'Unable+to+Track+position', '2014-10-10 04:27:23'),
(49, 13, '0.0', '0.0', 'Unable+to+Track+position', '2014-10-10 04:58:24'),
(50, 13, '0.0', '0.0', 'Unable+to+Track+position', '2014-10-10 04:59:26'),
(51, 13, '0.0', '0.0', 'Unable+to+Track+position', '2014-10-10 05:02:01'),
(52, 13, '0.0', '0.0', 'Unable+to+Track+position', '2014-10-10 05:06:06'),
(53, 13, '0.0', '0.0', 'Unable+to+Track+position', '2014-10-10 05:09:24'),
(54, 13, '0.0', '0.0', 'Unable+to+Track+position', '2014-10-10 05:10:44'),
(55, 13, '0.0', '0.0', 'Unable+to+Track+position', '2014-10-10 05:13:35'),
(56, 13, '0.0', '0.0', 'Unable+to+Track+position', '2014-10-10 05:15:49'),
(57, 13, '0.0', '0.0', 'Unable+to+Track+position', '2014-10-10 05:18:56'),
(58, 13, '0.0', '0.0', 'Unable+to+Track+position', '2014-10-10 05:20:12'),
(59, 13, '0.0', '0.0', 'Unable+to+Track+position', '2014-10-10 05:22:25'),
(60, 13, '0.0', '0.0', 'Unable+to+Track+position', '2014-10-10 05:23:43'),
(61, 13, '0.0', '0.0', 'Unable+to+Track+position', '2014-10-10 05:26:04'),
(62, 13, '0.0', '0.0', 'Unable+to+Track+position', '2014-10-10 05:27:35'),
(63, 13, '0.0', '0.0', 'Unable+to+Track+position', '2014-10-10 05:32:04'),
(64, 13, '0.0', '0.0', 'Unable+to+Track+position', '2014-10-10 05:34:18'),
(65, 13, '0.0', '0.0', 'Unable+to+Track+position', '2014-10-10 07:33:47'),
(66, 13, '0.0', '0.0', 'Unable+to+Track+position', '2014-10-10 08:04:50'),
(67, 13, '0.0', '0.0', 'Unable+to+Track+position', '2014-10-10 08:14:50'),
(68, 13, '0.0', '0.0', 'Unable+to+Track+position', '2014-10-10 08:24:50'),
(69, 13, '0.0', '0.0', 'Unable+to+Track+position', '2014-10-10 08:34:49'),
(70, 13, '0.0', '0.0', 'Unable+to+Track+position', '2014-10-10 08:44:50'),
(71, 13, '0.0', '0.0', 'Unable+to+Track+position', '2014-10-10 08:54:50'),
(72, 13, '0.0', '0.0', 'Unable+to+Track+position', '2014-10-10 09:04:49'),
(73, 13, '0.0', '0.0', 'Unable+to+Track+position', '2014-10-10 09:14:50'),
(74, 13, '0.0', '0.0', 'Unable+to+Track+position', '2014-10-10 09:24:50'),
(75, 13, '0.0', '0.0', 'Unable+to+Track+position', '2014-10-10 09:34:50'),
(76, 13, '0.0', '0.0', 'Unable+to+Track+position', '2014-10-10 09:44:50'),
(77, 13, '0.0', '0.0', 'Unable+to+Track+position', '2014-10-10 09:54:50'),
(78, 13, '0.0', '0.0', 'Unable+to+Track+position', '2014-10-10 10:04:49'),
(79, 13, '0.0', '0.0', 'Unable+to+Track+position', '2014-10-10 10:14:50'),
(80, 13, '0.0', '0.0', 'Unable+to+Track+position', '2014-10-10 10:24:50'),
(81, 13, '0.0', '0.0', 'Unable+to+Track+position', '2014-10-10 10:34:49'),
(82, 13, '0.0', '0.0', 'Unable+to+Track+position', '2014-10-10 10:44:50'),
(83, 13, '0.0', '0.0', 'Unable+to+Track+position', '2014-10-10 10:54:50'),
(84, 13, '0.0', '0.0', 'Unable+to+Track+position', '2014-10-10 11:04:50'),
(85, 13, '0.0', '0.0', 'Unable+to+Track+position', '2014-10-10 11:24:50'),
(86, 13, '0.0', '0.0', 'Unable+to+Track+position', '2014-10-10 11:34:49'),
(87, 13, '0.0', '0.0', 'Unable+to+Track+position', '2014-10-10 11:44:50'),
(88, 13, '0.0', '0.0', 'Unable+to+Track+position', '2014-10-10 12:04:49'),
(89, 13, '0.0', '0.0', 'Unable+to+Track+position', '2014-10-10 12:14:55'),
(90, 13, '0.0', '0.0', 'Unable+to+Track+position', '2014-10-10 12:24:55'),
(91, 13, '0.0', '0.0', 'Unable+to+Track+position', '2014-10-10 12:34:50'),
(92, 13, '0.0', '0.0', 'Unable+to+Track+position', '2014-10-10 12:44:55'),
(93, 13, '0.0', '0.0', 'Unable+to+Track+position', '2014-10-10 12:54:55'),
(94, 13, '0.0', '0.0', 'Unable+to+Track+position', '2014-10-10 13:04:51'),
(95, 7, '17.4471625', '78.3854336', 'Image+Gardens+Rd%2C+Jaihind+Enclave%2C+Silicon+Valley%2C+Madhapur', '2014-10-13 04:44:20'),
(96, 7, '17.4472683', '78.3855127', 'Image+Gardens+Rd%2C+Jaihind+Enclave%2C+Silicon+Valley%2C+Madhapur', '2014-10-13 05:51:58'),
(97, 7, '17.4471279', '78.3854482', 'Image+Gardens+Rd%2C+Jaihind+Enclave%2C+Silicon+Valley%2C+Madhapur', '2014-10-13 07:40:28'),
(98, 31, '17.4471297', '78.3854454', 'Image+Gardens+Rd%2C+Jaihind+Enclave%2C+Silicon+Valley%2C+Madhapur', '2014-10-14 03:51:44'),
(99, 31, '17.4471237', '78.38544', 'Distributor Location', '2014-10-14 03:57:16'),
(100, 7, '17.4471235', '78.3854351', 'Image+Gardens+Rd%2C+Jaihind+Enclave%2C+Silicon+Valley%2C+Madhapur', '2014-10-14 04:01:13'),
(101, 7, '17.4471858', '78.3854569', 'Distributor Location', '2014-10-14 04:05:51'),
(102, 7, '0.0', '0.0', 'Unable+to+Track+position', '2014-10-14 04:10:58'),
(103, 7, '0.0', '0.0', 'Unable+to+Track+position', '2014-10-14 04:20:58'),
(104, 7, '0.0', '0.0', 'Unable+to+Track+position', '2014-10-14 04:30:58'),
(105, 7, '0.0', '0.0', 'Unable+to+Track+position', '2014-10-14 04:40:58'),
(106, 7, '0.0', '0.0', 'Unable+to+Track+position', '2014-10-14 04:50:59'),
(107, 7, '0.0', '0.0', 'Unable+to+Track+position', '2014-10-14 05:00:59'),
(108, 7, '0.0', '0.0', 'Unable+to+Track+position', '2014-10-14 05:10:58'),
(109, 7, '0.0', '0.0', 'Unable+to+Track+position', '2014-10-14 05:21:03'),
(110, 7, '0.0', '0.0', 'Unable+to+Track+position', '2014-10-14 05:30:58'),
(111, 7, '0.0', '0.0', 'Unable+to+Track+position', '2014-10-14 05:41:03'),
(112, 7, '0.0', '0.0', 'Unable+to+Track+position', '2014-10-14 05:51:04'),
(113, 7, '0.0', '0.0', 'Unable+to+Track+position', '2014-10-14 06:00:59'),
(114, 7, '0.0', '0.0', 'Unable+to+Track+position', '2014-10-14 06:11:07'),
(115, 7, '0.0', '0.0', 'Unable+to+Track+position', '2014-10-14 06:21:06'),
(116, 7, '0.0', '0.0', 'Unable+to+Track+position', '2014-10-14 06:31:04'),
(117, 7, '0.0', '0.0', 'Unable+to+Track+position', '2014-10-14 06:41:04'),
(118, 7, '0.0', '0.0', 'Unable+to+Track+position', '2014-10-14 06:51:04'),
(119, 7, '0.0', '0.0', 'Unable+to+Track+position', '2014-10-14 07:01:04'),
(120, 7, '0.0', '0.0', 'Unable+to+Track+position', '2014-10-14 07:11:04'),
(121, 7, '0.0', '0.0', 'Unable+to+Track+position', '2014-10-14 07:21:04'),
(122, 7, '0.0', '0.0', 'Unable+to+Track+position', '2014-10-14 07:31:04'),
(123, 7, '0.0', '0.0', 'Unable+to+Track+position', '2014-10-14 07:41:04'),
(124, 7, '0.0', '0.0', 'Unable+to+Track+position', '2014-10-14 07:51:04'),
(125, 7, '0.0', '0.0', 'Unable+to+Track+position', '2014-10-14 08:00:59'),
(126, 7, '0.0', '0.0', 'Unable+to+Track+position', '2014-10-14 08:11:04'),
(127, 7, '0.0', '0.0', 'Unable+to+Track+position', '2014-10-14 08:21:04'),
(128, 7, '0.0', '0.0', 'Unable+to+Track+position', '2014-10-14 08:30:59'),
(129, 7, '0.0', '0.0', 'Unable+to+Track+position', '2014-10-14 08:41:04'),
(130, 7, '0.0', '0.0', 'Unable+to+Track+position', '2014-10-14 08:50:59'),
(131, 7, '0.0', '0.0', 'Unable+to+Track+position', '2014-10-14 09:01:04'),
(132, 7, '0.0', '0.0', 'Unable+to+Track+position', '2014-10-14 09:11:04'),
(133, 7, '0.0', '0.0', 'Unable+to+Track+position', '2014-10-14 09:21:04'),
(134, 7, '0.0', '0.0', 'Unable+to+Track+position', '2014-10-14 09:30:58'),
(135, 7, '0.0', '0.0', 'Unable+to+Track+position', '2014-10-14 09:41:04'),
(136, 7, '0.0', '0.0', 'Unable+to+Track+position', '2014-10-14 09:50:59'),
(137, 7, '0.0', '0.0', 'Unable+to+Track+position', '2014-10-14 10:00:59'),
(138, 7, '0.0', '0.0', 'Unable+to+Track+position', '2014-10-14 10:10:59'),
(139, 7, '0.0', '0.0', 'Unable+to+Track+position', '2014-10-14 10:21:04'),
(140, 7, '0.0', '0.0', 'Unable+to+Track+position', '2014-10-14 10:30:59'),
(141, 7, '0.0', '0.0', 'Unable+to+Track+position', '2014-10-14 10:40:59'),
(142, 7, '0.0', '0.0', 'Unable+to+Track+position', '2014-10-14 10:51:04'),
(143, 7, '0.0', '0.0', 'Unable+to+Track+position', '2014-10-14 11:00:59'),
(144, 7, '0.0', '0.0', 'Unable+to+Track+position', '2014-10-14 11:11:00'),
(145, 7, '0.0', '0.0', 'Unable+to+Track+position', '2014-10-14 11:20:58'),
(146, 7, '0.0', '0.0', 'Unable+to+Track+position', '2014-10-14 11:30:59'),
(147, 7, '0.0', '0.0', 'Unable+to+Track+position', '2014-10-14 11:41:04'),
(148, 7, '0.0', '0.0', 'Unable+to+Track+position', '2014-10-14 11:50:59'),
(149, 7, '0.0', '0.0', 'Unable+to+Track+position', '2014-10-14 12:01:04'),
(150, 7, '0.0', '0.0', 'Unable+to+Track+position', '2014-10-14 12:11:04'),
(151, 7, '0.0', '0.0', 'Unable+to+Track+position', '2014-10-14 12:20:59'),
(152, 7, '0.0', '0.0', 'Unable+to+Track+position', '2014-10-14 12:31:04'),
(153, 7, '0.0', '0.0', 'Unable+to+Track+position', '2014-10-14 12:41:04'),
(154, 7, '0.0', '0.0', 'Unable+to+Track+position', '2014-10-14 12:51:04'),
(155, 7, '17.4471442', '78.3854292', 'Image+Gardens+Rd%2C+Jaihind+Enclave%2C+Silicon+Valley%2C+Madhapur', '2014-10-15 07:25:15'),
(156, 7, '0.0', '0.0', 'Unable+to+Track+position', '2014-10-17 07:35:43'),
(157, 7, '0.0', '0.0', 'Unable+to+Track+position', '2014-10-17 07:55:48'),
(158, 7, '0.0', '0.0', 'Unable+to+Track+position', '2014-10-17 08:05:47'),
(159, 7, '17.447145', '78.3854434', 'Image+Gardens+Rd%2C+Jaihind+Enclave%2C+Silicon+Valley%2C+Madhapur', '2014-10-29 04:15:24'),
(160, 7, '17.4468451', '78.3854442', 'Image+Gardens+Rd%2C+Jaihind+Enclave%2C+Silicon+Valley%2C+Madhapur', '2014-10-30 06:32:59'),
(161, 7, '17.446979', '78.3853322', '20%2621', '2014-10-30 06:33:29'),
(162, 7, '17.4471456', '78.3854572', 'Image+Gardens+Rd%2C+Jaihind+Enclave%2C+Silicon+Valley%2C+Madhapur', '2014-10-30 06:43:10'),
(163, 7, '17.4470534', '78.3854157', 'Image+Gardens+Rd%2C+Jaihind+Enclave%2C+Silicon+Valley%2C+Madhapur', '2014-10-30 06:52:59'),
(164, 7, '17.4471505', '78.3855263', 'Image+Gardens+Rd%2C+Jaihind+Enclave%2C+Silicon+Valley%2C+Madhapur', '2014-10-30 07:04:09'),
(165, 7, '17.4471835', '78.3855189', 'Image+Gardens+Rd%2C+Jaihind+Enclave%2C+Silicon+Valley%2C+Madhapur', '2014-10-30 07:13:33'),
(166, 7, '17.4471816', '78.3855085', 'Image+Gardens+Rd%2C+Jaihind+Enclave%2C+Silicon+Valley%2C+Madhapur', '2014-10-30 07:23:05'),
(167, 7, '17.4470951', '78.3855236', 'Image+Gardens+Rd%2C+Jaihind+Enclave%2C+Silicon+Valley%2C+Madhapur', '2014-10-30 07:33:53'),
(168, 7, '17.4471847', '78.3855106', 'Image+Gardens+Rd%2C+Jaihind+Enclave%2C+Silicon+Valley%2C+Madhapur', '2014-10-30 07:43:40'),
(169, 7, '17.4471572', '78.3855006', 'Image+Gardens+Rd%2C+Jaihind+Enclave%2C+Silicon+Valley%2C+Madhapur', '2014-10-30 07:53:18'),
(170, 7, '17.4471801', '78.3855208', 'Image+Gardens+Rd%2C+Jaihind+Enclave%2C+Silicon+Valley%2C+Madhapur', '2014-10-30 08:03:36'),
(171, 7, '17.4704949', '78.3565912', '500084', '2014-10-30 09:03:06'),
(172, 7, '17.4704979', '78.3564877', '500084', '2014-10-30 09:14:10'),
(173, 7, '17.4705174', '78.3564611', '500084', '2014-10-30 09:33:58'),
(174, 7, '17.4704907', '78.3564899', '500084', '2014-10-30 09:43:24'),
(175, 7, '17.4704598', '78.3565547', '500084', '2014-10-30 09:53:10'),
(176, 7, '17.470498', '78.3565002', '500084', '2014-10-30 10:04:22'),
(177, 7, '17.4703965', '78.356774', '500084', '2014-10-30 10:22:57'),
(178, 7, '17.470456', '78.3565785', '500084', '2014-10-30 10:33:07'),
(179, 7, '17.47045', '78.3565123', '500084', '2014-10-30 11:02:57'),
(180, 7, '17.4704654', '78.356589', '500084', '2014-10-30 11:13:16'),
(181, 7, '17.4704359', '78.3564794', '500084', '2014-10-30 11:24:12'),
(182, 7, '17.4704973', '78.3565081', '500084', '2014-10-30 11:33:03'),
(183, 7, '17.4704984', '78.3565397', '500084', '2014-10-30 11:43:19'),
(184, 7, '17.4704642', '78.3565695', '500084', '2014-10-30 12:32:59'),
(185, 7, '17.470498', '78.3566535', '500084', '2014-10-30 12:43:59'),
(186, 7, '17.470443', '78.356518', '500084', '2014-10-30 12:54:20'),
(187, 7, '17.4704379', '78.3566515', '500084', '2014-10-30 13:03:37'),
(188, 7, '17.4704663', '78.3564963', '500084', '2014-10-30 13:13:46'),
(189, 7, '17.4704589', '78.3565183', '500084', '2014-10-30 13:23:36'),
(190, 7, '17.4704446', '78.356515', '500084', '2014-10-30 13:33:14'),
(191, 7, '17.4704681', '78.3565544', '500084', '2014-10-30 13:42:58'),
(192, 7, '17.4704672', '78.3565629', '500084', '2014-10-30 13:54:58'),
(193, 7, '17.4704622', '78.3564785', '500084', '2014-10-30 14:03:12'),
(194, 7, '17.4704532', '78.3564864', '500084', '2014-10-30 14:13:26'),
(195, 7, '17.4704505', '78.3565537', '500084', '2014-10-30 14:23:39'),
(196, 7, '17.4704651', '78.3565617', '500084', '2014-10-30 14:33:21'),
(197, 7, '17.4704505', '78.3565555', '500084', '2014-10-30 14:44:39'),
(198, 7, '17.4704405', '78.3565773', 'Unable+to+Track+position', '2014-10-30 14:55:23'),
(199, 7, '17.4704635', '78.356563', '500084', '2014-10-30 15:03:01'),
(200, 7, '17.4704678', '78.3565545', '500084', '2014-10-30 15:14:11'),
(201, 7, '17.4704987', '78.3567148', '500084', '2014-10-30 15:25:13'),
(202, 7, '17.4704676', '78.3565624', '500084', '2014-10-30 16:22:57'),
(203, 7, '17.4704365', '78.3565843', '500084', '2014-10-30 16:33:34'),
(204, 7, '17.4704453', '78.3565883', '500084', '2014-10-30 16:39:17'),
(205, 7, '17.4704542', '78.3565887', '500084', '2014-10-30 16:44:39'),
(206, 7, '17.4705047', '78.3566982', '500084', '2014-10-30 16:54:22'),
(207, 7, '17.4705233', '78.3567102', '500084', '2014-10-30 17:03:02'),
(208, 7, '17.470567', '78.357062', '500084', '2014-10-30 17:13:18'),
(209, 7, '17.4704663', '78.3568393', '500084', '2014-10-30 17:23:01'),
(210, 7, '17.4705891', '78.356871', '500084', '2014-10-30 17:33:33'),
(211, 7, '17.4704459', '78.3569859', '500084', '2014-10-30 17:43:20'),
(212, 7, '17.4705538', '78.3565624', '500084', '2014-10-30 17:53:40'),
(213, 7, '17.4705384', '78.356974', '500084', '2014-10-30 18:23:28'),
(214, 7, '17.4946988', '78.3444859', '1-58%2F7', '2014-10-31 00:15:38'),
(215, 7, '17.494708', '78.3444523', 'Distributor Location', '2014-10-31 00:18:46'),
(216, 7, '17.4464234', '78.3852802', '20%2621', '2014-10-31 04:49:38'),
(217, 7, '17.4464234', '78.3852802', 'Distributor Location', '2014-10-31 04:50:25'),
(218, 7, '17.4464234', '78.3852802', 'Distributor Location', '2014-10-31 04:51:48'),
(219, 7, '17.4464234', '78.3852802', '20%2621', '2014-10-31 04:52:14'),
(220, 7, '17.4464234', '78.3852802', '20%2621', '2014-10-31 05:59:10'),
(221, 7, '17.4464234', '78.3852802', 'Distributor Location', '2014-10-31 05:59:51'),
(222, 7, '17.4469706', '78.3852494', '20%2621', '2014-11-02 23:23:51'),
(223, 7, '17.4469063', '78.3853556', 'Distributor Location', '2014-11-02 23:25:15'),
(224, 58, '17.4470682', '78.3855244', 'Image+Gardens+Rd%2C+Jaihind+Enclave%2C+Silicon+Valley%2C+Madhapur', '2014-11-04 03:38:54'),
(225, 58, '17.4471361', '78.3855047', 'Image+Gardens+Rd%2C+Jaihind+Enclave%2C+Silicon+Valley%2C+Madhapur', '2014-11-04 03:48:54'),
(226, 58, '17.4471361', '78.3855047', 'Image+Gardens+Rd%2C+Jaihind+Enclave%2C+Silicon+Valley%2C+Madhapur', '2014-11-04 03:49:20'),
(227, 58, '17.4469669', '78.3855175', 'Distributor Location', '2014-11-04 03:50:20'),
(228, 58, '17.4470716', '78.3855058', 'Image+Gardens+Rd%2C+Jaihind+Enclave%2C+Silicon+Valley%2C+Madhapur', '2014-11-04 04:29:11'),
(229, 58, '17.4471627', '78.3854498', 'Image+Gardens+Rd%2C+Jaihind+Enclave%2C+Silicon+Valley%2C+Madhapur', '2014-11-04 04:50:21'),
(230, 58, '17.4469488', '78.3853095', '20%2621', '2014-11-04 05:09:04'),
(231, 58, '17.4704631', '78.3565589', '500084', '2014-11-04 05:39:10'),
(232, 58, '17.4704778', '78.3565369', '500084', '2014-11-04 05:49:54'),
(233, 58, '17.4704763', '78.3565469', '500084', '2014-11-04 05:59:03'),
(234, 58, '17.4705241', '78.3566065', '500084', '2014-11-04 06:09:49'),
(235, 58, '17.4705281', '78.3565503', '500084', '2014-11-04 06:20:57'),
(236, 58, '17.4705274', '78.3566006', '500084', '2014-11-04 06:29:47'),
(237, 58, '17.4706117', '78.3566828', '500084', '2014-11-04 06:35:22'),
(238, 58, '17.4705407', '78.3565537', '500084', '2014-11-04 06:39:32'),
(239, 58, '17.47047', '78.3565562', '500084', '2014-11-04 06:48:55'),
(240, 58, '17.4704139', '78.3564376', '500084', '2014-11-04 06:59:13'),
(241, 58, '17.4705073', '78.3565794', '500084', '2014-11-04 07:09:01'),
(242, 58, '17.470488', '78.3565515', '500084', '2014-11-04 07:20:48'),
(243, 58, '17.4705081', '78.3564843', '500084', '2014-11-04 07:30:02'),
(244, 58, '17.4705384', '78.3565338', '500084', '2014-11-04 07:34:16'),
(245, 58, '17.4705266', '78.3564746', '500084', '2014-11-04 07:39:21'),
(246, 58, '17.4705836', '78.3565853', '500084', '2014-11-04 07:49:49'),
(247, 58, '17.470482', '78.3565097', '500084', '2014-11-04 08:41:09'),
(248, 58, '17.4705038', '78.3565471', '500084', '2014-11-04 08:50:19'),
(249, 58, '17.4704283', '78.3566422', '500084', '2014-11-04 08:59:01'),
(250, 58, '17.4705016', '78.3565652', '500084', '2014-11-04 09:05:06'),
(251, 58, '17.4704892', '78.3565466', '500084', '2014-11-04 09:06:57'),
(252, 58, '17.4704958', '78.3565622', '500084', '2014-11-04 09:09:01'),
(253, 58, '17.4704542', '78.3566099', '500084', '2014-11-04 09:20:07'),
(254, 58, '17.4705255', '78.3565753', '500084', '2014-11-04 09:25:39'),
(255, 58, '17.4704474', '78.3565111', '500084', '2014-11-04 09:27:01'),
(256, 58, '17.4704499', '78.3565135', '500084', '2014-11-04 09:28:12'),
(257, 58, '17.4704528', '78.3564843', '500084', '2014-11-04 09:29:13'),
(258, 58, '17.4704187', '78.3565872', '500084', '2014-11-04 09:39:01'),
(259, 58, '17.4704605', '78.3565575', '500084', '2014-11-04 09:39:47'),
(260, 58, '17.470496', '78.3565709', '500084', '2014-11-04 09:49:06'),
(261, 58, '17.4705901', '78.3566139', '500084', '2014-11-04 09:59:19'),
(262, 58, '17.4705489', '78.3565362', '500084', '2014-11-04 10:29:10'),
(263, 58, '17.470494', '78.3565265', '500084', '2014-11-04 10:38:55'),
(264, 58, '17.4705053', '78.3565315', '500084', '2014-11-04 10:49:20'),
(265, 58, '17.4705313', '78.3564803', '500084', '2014-11-04 10:59:42'),
(266, 58, '17.4704448', '78.356463', '500084', '2014-11-04 11:09:17'),
(267, 58, '17.4705325', '78.3564726', '500084', '2014-11-04 11:19:09'),
(268, 58, '17.4704959', '78.3563914', '500084', '2014-11-04 11:29:32'),
(269, 58, '17.4706111', '78.3565398', '500084', '2014-11-04 11:39:12'),
(270, 58, '17.4704959', '78.3563914', '500084', '2014-11-04 11:49:59'),
(271, 58, '17.4704504', '78.3565488', '500084', '2014-11-04 11:59:35'),
(272, 58, '17.4704628', '78.3564473', '500084', '2014-11-04 12:08:54'),
(273, 58, '17.4704109', '78.3565084', '500084', '2014-11-04 12:20:36'),
(274, 58, '17.4705117', '78.3565629', '500084', '2014-11-04 12:29:16'),
(275, 58, '17.4706924', '78.356787', '500084', '2014-11-04 12:39:55'),
(276, 58, '17.4704667', '78.3565369', '500084', '2014-11-04 12:48:57'),
(277, 58, '17.4704273', '78.3564901', '500084', '2014-11-04 12:49:17'),
(278, 58, '17.4704573', '78.3564971', '500084', '2014-11-04 12:50:07'),
(279, 58, '17.4704816', '78.3565383', '500084', '2014-11-04 12:59:46'),
(280, 58, '17.4704853', '78.356517', '500084', '2014-11-04 13:49:15'),
(281, 58, '17.4705308', '78.356604', '500084', '2014-11-04 13:58:57'),
(282, 58, '17.4705347', '78.3565623', '500084', '2014-11-04 14:07:34'),
(283, 58, '17.4705791', '78.3566144', '500084', '2014-11-04 14:09:12'),
(284, 58, '17.4705118', '78.3565719', '500084', '2014-11-04 14:09:38'),
(285, 58, '17.4705523', '78.3565808', '500084', '2014-11-04 14:11:32'),
(286, 58, '17.4705096', '78.3565737', '500084', '2014-11-04 14:19:07'),
(287, 58, '17.4705096', '78.3565737', '500084', '2014-11-04 14:19:08'),
(288, 58, '17.4704943', '78.3565746', '500084', '2014-11-04 14:28:56'),
(289, 58, '17.4705572', '78.3565724', '500084', '2014-11-04 14:39:33'),
(290, 58, '17.4705457', '78.3565748', '500084', '2014-11-04 14:49:12'),
(291, 58, '17.4705256', '78.3565499', '500084', '2014-11-04 14:51:02'),
(292, 58, '17.4705899', '78.3567915', '500084', '2014-11-04 14:58:56'),
(293, 58, '17.4705642', '78.3565907', '500084', '2014-11-04 15:09:42'),
(294, 58, '17.4705233', '78.3565537', '500084', '2014-11-04 15:20:19'),
(295, 58, '17.47054', '78.3565925', '500084', '2014-11-04 15:29:25'),
(296, 58, '17.4704352', '78.3565797', '500084', '2014-11-04 15:30:16'),
(297, 58, '17.4705265', '78.356556', '500084', '2014-11-04 15:38:55'),
(298, 58, '17.470586', '78.3566786', '500084', '2014-11-04 15:39:23'),
(299, 58, '17.4706739', '78.3569053', '500084', '2014-11-04 15:49:03'),
(300, 58, '17.4705255', '78.3565893', '500084', '2014-11-04 15:57:42'),
(301, 58, '17.4705268', '78.3565976', '500084', '2014-11-04 15:58:58'),
(302, 58, '17.4705365', '78.356549', '500084', '2014-11-04 16:09:13'),
(303, 58, '17.4705407', '78.356546', '500084', '2014-11-04 16:21:27'),
(304, 58, '17.4705389', '78.3566925', '500084', '2014-11-04 16:29:36'),
(305, 58, '17.4705108', '78.356582', '500084', '2014-11-04 16:40:37'),
(306, 58, '17.4705365', '78.3565736', '500084', '2014-11-04 16:49:55'),
(307, 58, '17.4705639', '78.3565773', '500084', '2014-11-04 17:00:03'),
(308, 58, '17.4705502', '78.3566816', '500084', '2014-11-04 17:11:21'),
(309, 58, '17.4705529', '78.3565709', '500084', '2014-11-04 17:18:56'),
(310, 58, '17.4705575', '78.3565829', '500084', '2014-11-04 17:29:34'),
(311, 58, '17.4705222', '78.35657', '500084', '2014-11-04 17:39:50'),
(312, 58, '17.4705401', '78.3565683', '500084', '2014-11-04 17:48:54'),
(313, 58, '17.4706094', '78.356648', '500084', '2014-11-04 17:59:17'),
(314, 58, '17.47056', '78.3565966', '500084', '2014-11-04 18:09:05'),
(315, 58, '17.4705996', '78.3567145', '500084', '2014-11-04 18:19:48'),
(316, 13, '0.0', '0.0', 'Unable+to+Track+position', '2014-11-05 01:21:29'),
(317, 8, '0.0', '0.0', 'Unable+to+Track+position', '2014-11-05 05:46:50'),
(318, 8, '0.0', '0.0', 'Unable+to+Track+position', '2014-11-05 06:00:01'),
(319, 8, '0.0', '0.0', 'Unable+to+Track+position', '2014-11-05 06:12:02'),
(320, 8, '0.0', '0.0', 'Unable+to+Track+position', '2014-11-05 06:24:03'),
(321, 8, '0.0', '0.0', 'Unable+to+Track+position', '2014-11-05 06:30:01'),
(322, 8, '0.0', '0.0', 'Unable+to+Track+position', '2014-11-05 06:37:04'),
(323, 8, '0.0', '0.0', 'Unable+to+Track+position', '2014-11-05 06:49:04'),
(324, 15, '0.0', '0.0', 'Unable+to+Track+position', '2014-11-05 07:54:36'),
(325, 15, '0.0', '0.0', 'Unable+to+Track+position', '2014-11-06 03:00:37'),
(326, 15, '0.0', '0.0', 'Unable+to+Track+position', '2014-11-06 03:15:01'),
(327, 15, '0.0', '0.0', 'Unable+to+Track+position', '2014-11-06 03:27:08'),
(328, 8, '0.0', '0.0', 'Unable+to+Track+position', '2014-11-06 05:24:15'),
(329, 7, '0.0', '0.0', 'Unable+to+Track+position', '2014-11-07 03:50:50'),
(330, 7, '17.4470175', '78.3851906', '20%2621', '2014-11-07 05:44:50'),
(331, 7, '17.4470077', '78.3852315', '20%2621', '2014-11-07 05:54:55'),
(332, 7, '17.4470242', '78.3851674', '20%2621', '2014-11-07 06:04:57'),
(333, 7, '17.4469714', '78.3852404', '20%2621', '2014-11-07 06:26:14'),
(334, 7, '17.446984', '78.3851927', 'Distributor Location', '2014-11-07 06:27:06'),
(335, 13, '17.4471008', '78.3854208', 'Image+Gardens+Rd%2C+Jaihind+Enclave%2C+Silicon+Valley%2C+Madhapur', '2014-11-08 02:14:14'),
(336, 7, '17.4471527', '78.3854547', 'Image+Gardens+Rd%2C+Jaihind+Enclave%2C+Silicon+Valley%2C+Madhapur', '2014-11-10 00:20:28'),
(337, 7, '17.4469516', '78.3853507', '20%2621', '2014-11-10 00:30:43'),
(338, 7, '17.4469605', '78.3853537', 'Unable+to+Track+position', '2014-11-10 00:41:47'),
(339, 8, '17.4470969', '78.3854091', 'Image+Gardens+Rd%2C+Jaihind+Enclave%2C+Silicon+Valley%2C+Madhapur', '2014-11-10 01:16:07'),
(340, 8, '17.4471145', '78.3854231', 'Image+Gardens+Rd%2C+Jaihind+Enclave%2C+Silicon+Valley%2C+Madhapur', '2014-11-10 02:49:14'),
(341, 8, '17.4469482', '78.3853698', 'Image+Gardens+Rd%2C+Jaihind+Enclave%2C+Silicon+Valley%2C+Madhapur', '2014-11-10 02:52:46'),
(342, 8, '17.4471596', '78.3854439', 'Unable+to+Track+position', '2014-11-10 04:21:43'),
(343, 8, '17.4469125', '78.3854074', 'Image+Gardens+Rd%2C+Jaihind+Enclave%2C+Silicon+Valley%2C+Madhapur', '2014-11-10 04:27:28'),
(344, 8, '17.4471714', '78.3854552', 'Image+Gardens+Rd%2C+Jaihind+Enclave%2C+Silicon+Valley%2C+Madhapur', '2014-11-10 05:18:13'),
(345, 8, '17.4471042', '78.3854429', 'Image+Gardens+Rd%2C+Jaihind+Enclave%2C+Silicon+Valley%2C+Madhapur', '2014-11-10 05:29:22'),
(346, 8, '17.446935', '78.3853559', '20%2621', '2014-11-10 05:47:48'),
(347, 8, '17.4471024', '78.3854416', 'Image+Gardens+Rd%2C+Jaihind+Enclave%2C+Silicon+Valley%2C+Madhapur', '2014-11-10 05:50:32'),
(348, 13, '45.51843153', '-122.67806799999998', 'Unable+to+Track+position', '2014-11-10 06:14:31'),
(349, 8, '17.4471447', '78.385458', 'Image+Gardens+Rd%2C+Jaihind+Enclave%2C+Silicon+Valley%2C+Madhapur', '2014-11-10 06:21:55'),
(350, 8, '17.4469169', '78.3853699', '20%2621', '2014-11-10 06:25:25'),
(351, 8, '17.4469364', '78.3853737', 'Image+Gardens+Rd%2C+Jaihind+Enclave%2C+Silicon+Valley%2C+Madhapur', '2014-11-10 06:43:45'),
(352, 7, '17.4471672', '78.3854352', 'Image+Gardens+Rd%2C+Jaihind+Enclave%2C+Silicon+Valley%2C+Madhapur', '2014-11-10 22:24:22'),
(353, 7, '17.4471672', '78.3854352', 'Distributor Location', '2014-11-10 22:27:23'),
(354, 7, '17.4471672', '78.3854352', 'Distributor Location', '2014-11-10 22:30:13'),
(355, 7, '17.4471672', '78.3854352', 'Image+Gardens+Rd%2C+Jaihind+Enclave%2C+Silicon+Valley%2C+Madhapur', '2014-11-11 00:35:06'),
(356, 7, '17.4471672', '78.3854352', 'Image+Gardens+Rd%2C+Jaihind+Enclave%2C+Silicon+Valley%2C+Madhapur', '2014-11-11 00:45:10'),
(357, 7, '17.4471672', '78.3854352', 'Image+Gardens+Rd%2C+Jaihind+Enclave%2C+Silicon+Valley%2C+Madhapur', '2014-11-11 01:12:41'),
(358, 8, '17.4471034', '78.3854102', 'Unable+to+Track+position', '2014-11-11 01:22:11'),
(359, 7, '17.4471672', '78.3854352', 'Unable+to+Track+position', '2014-11-11 01:22:45'),
(360, 8, '17.447063', '78.3853757', 'Distributor Location', '2014-11-11 01:23:02'),
(361, 8, '17.4471034', '78.3854102', 'Unable+to+Track+position', '2014-11-11 01:25:56'),
(362, 8, '17.447063', '78.3853757', 'Distributor Location', '2014-11-11 01:25:57'),
(363, 7, '17.4471672', '78.3854352', 'Image+Gardens+Rd%2C+Jaihind+Enclave%2C+Silicon+Valley%2C+Madhapur', '2014-11-11 01:32:41'),
(364, 7, '17.4471672', '78.3854352', 'Unable+to+Track+position', '2014-11-11 01:42:45'),
(365, 8, '17.4471034', '78.3854102', 'Unable+to+Track+position', '2014-11-11 01:42:59'),
(366, 8, '17.447063', '78.3853757', 'Distributor Location', '2014-11-11 01:43:00'),
(367, 7, '17.4471672', '78.3854352', 'Unable+to+Track+position', '2014-11-11 01:52:45'),
(368, 7, '17.4471672', '78.3854352', 'Unable+to+Track+position', '2014-11-11 02:02:45'),
(369, 7, '17.4471672', '78.3854352', 'Unable+to+Track+position', '2014-11-11 02:12:45'),
(370, 7, '17.4471672', '78.3854352', 'Image+Gardens+Rd%2C+Jaihind+Enclave%2C+Silicon+Valley%2C+Madhapur', '2014-11-11 02:22:41'),
(371, 7, '17.4471672', '78.3854352', 'Image+Gardens+Rd%2C+Jaihind+Enclave%2C+Silicon+Valley%2C+Madhapur', '2014-11-11 02:32:41'),
(372, 7, '17.4471672', '78.3854352', 'Image+Gardens+Rd%2C+Jaihind+Enclave%2C+Silicon+Valley%2C+Madhapur', '2014-11-11 02:42:41'),
(373, 8, '17.4471034', '78.3854102', 'Unable+to+Track+position', '2014-11-11 02:45:54'),
(374, 8, '17.447063', '78.3853757', 'Distributor Location', '2014-11-11 02:45:55'),
(375, 7, '17.4471672', '78.3854352', 'Image+Gardens+Rd%2C+Jaihind+Enclave%2C+Silicon+Valley%2C+Madhapur', '2014-11-11 02:52:41'),
(376, 7, '17.4471672', '78.3854352', 'Image+Gardens+Rd%2C+Jaihind+Enclave%2C+Silicon+Valley%2C+Madhapur', '2014-11-11 03:02:41'),
(377, 6, '17.4471672', '78.3854352', 'Image+Gardens+Rd%2C+Jaihind+Enclave%2C+Silicon+Valley%2C+Madhapur', '2014-11-11 03:10:24'),
(378, 6, '17.4471672', '78.3854352', 'Image+Gardens+Rd%2C+Jaihind+Enclave%2C+Silicon+Valley%2C+Madhapur', '2014-11-11 03:20:24'),
(379, 6, '17.4471672', '78.3854352', 'Image+Gardens+Rd%2C+Jaihind+Enclave%2C+Silicon+Valley%2C+Madhapur', '2014-11-11 03:30:23'),
(380, 6, '17.4471672', '78.3854352', 'Image+Gardens+Rd%2C+Jaihind+Enclave%2C+Silicon+Valley%2C+Madhapur', '2014-11-11 03:40:27'),
(381, 6, '17.4471672', '78.3854352', 'Image+Gardens+Rd%2C+Jaihind+Enclave%2C+Silicon+Valley%2C+Madhapur', '2014-11-11 03:46:44'),
(382, 8, '17.4471034', '78.3854102', 'Unable+to+Track+position', '2014-11-11 03:53:28'),
(383, 8, '17.447063', '78.3853757', 'Distributor Location', '2014-11-11 03:53:29'),
(384, 8, '17.4471034', '78.3854102', 'Unable+to+Track+position', '2014-11-11 03:55:04'),
(385, 8, '17.4471034', '78.3854102', 'Unable+to+Track+position', '2014-11-11 03:55:04'),
(386, 8, '17.4471034', '78.3854102', 'Unable+to+Track+position', '2014-11-11 03:55:05'),
(387, 8, '17.4471034', '78.3854102', 'Unable+to+Track+position', '2014-11-11 03:55:05'),
(388, 8, '17.4471034', '78.3854102', 'Unable+to+Track+position', '2014-11-11 03:55:05'),
(389, 8, '17.4471034', '78.3854102', 'Unable+to+Track+position', '2014-11-11 03:55:05'),
(390, 8, '17.4471034', '78.3854102', 'Unable+to+Track+position', '2014-11-11 03:55:05'),
(391, 8, '17.4471034', '78.3854102', 'Unable+to+Track+position', '2014-11-11 03:55:05'),
(392, 8, '17.4471034', '78.3854102', 'Unable+to+Track+position', '2014-11-11 03:55:05'),
(393, 8, '17.4471034', '78.3854102', 'Unable+to+Track+position', '2014-11-11 03:55:05'),
(394, 8, '17.4471034', '78.3854102', 'Unable+to+Track+position', '2014-11-11 03:55:05'),
(395, 8, '17.4471034', '78.3854102', 'Unable+to+Track+position', '2014-11-11 03:55:05'),
(396, 8, '17.4471034', '78.3854102', 'Unable+to+Track+position', '2014-11-11 03:55:05'),
(397, 8, '17.4471034', '78.3854102', 'Unable+to+Track+position', '2014-11-11 03:55:05'),
(398, 8, '17.4471034', '78.3854102', 'Unable+to+Track+position', '2014-11-11 03:55:05'),
(399, 8, '17.4471034', '78.3854102', 'Unable+to+Track+position', '2014-11-11 03:55:05'),
(400, 8, '17.4471034', '78.3854102', 'Unable+to+Track+position', '2014-11-11 03:55:05'),
(401, 8, '17.4471034', '78.3854102', 'Unable+to+Track+position', '2014-11-11 03:55:05'),
(402, 8, '17.4471034', '78.3854102', 'Unable+to+Track+position', '2014-11-11 03:55:05'),
(403, 8, '17.4471034', '78.3854102', 'Unable+to+Track+position', '2014-11-11 03:55:05'),
(404, 8, '17.4471034', '78.3854102', 'Unable+to+Track+position', '2014-11-11 03:55:05'),
(405, 8, '17.4471034', '78.3854102', 'Unable+to+Track+position', '2014-11-11 03:55:05'),
(406, 8, '17.4471034', '78.3854102', 'Unable+to+Track+position', '2014-11-11 03:55:05'),
(407, 8, '17.4471034', '78.3854102', 'Unable+to+Track+position', '2014-11-11 03:55:05'),
(408, 8, '17.4471034', '78.3854102', 'Unable+to+Track+position', '2014-11-11 03:55:05'),
(409, 8, '17.4471034', '78.3854102', 'Unable+to+Track+position', '2014-11-11 03:55:05'),
(410, 8, '17.4471034', '78.3854102', 'Unable+to+Track+position', '2014-11-11 03:55:05'),
(411, 8, '17.4471034', '78.3854102', 'Unable+to+Track+position', '2014-11-11 03:55:05'),
(412, 8, '17.4471034', '78.3854102', 'Unable+to+Track+position', '2014-11-11 03:55:05'),
(413, 8, '17.4471034', '78.3854102', 'Unable+to+Track+position', '2014-11-11 03:55:05'),
(414, 8, '17.4471034', '78.3854102', 'Unable+to+Track+position', '2014-11-11 03:55:05'),
(415, 8, '17.4471034', '78.3854102', 'Unable+to+Track+position', '2014-11-11 03:55:05'),
(416, 8, '17.4471034', '78.3854102', 'Unable+to+Track+position', '2014-11-11 03:55:05'),
(417, 8, '17.4471034', '78.3854102', 'Unable+to+Track+position', '2014-11-11 03:55:05'),
(418, 8, '17.4471034', '78.3854102', 'Unable+to+Track+position', '2014-11-11 03:55:05'),
(419, 8, '17.4471034', '78.3854102', 'Unable+to+Track+position', '2014-11-11 03:55:05'),
(420, 8, '17.4471034', '78.3854102', 'Unable+to+Track+position', '2014-11-11 03:55:05'),
(421, 8, '17.4471034', '78.3854102', 'Unable+to+Track+position', '2014-11-11 03:55:05'),
(422, 8, '17.4471034', '78.3854102', 'Unable+to+Track+position', '2014-11-11 03:55:05'),
(423, 8, '17.4471034', '78.3854102', 'Unable+to+Track+position', '2014-11-11 03:55:05'),
(424, 8, '17.4471034', '78.3854102', 'Unable+to+Track+position', '2014-11-11 03:55:05'),
(425, 8, '17.4471034', '78.3854102', 'Unable+to+Track+position', '2014-11-11 03:55:05'),
(426, 8, '17.4471034', '78.3854102', 'Unable+to+Track+position', '2014-11-11 03:55:05'),
(427, 8, '17.4471034', '78.3854102', 'Unable+to+Track+position', '2014-11-11 03:55:05'),
(428, 8, '17.4471034', '78.3854102', 'Unable+to+Track+position', '2014-11-11 03:55:05'),
(429, 8, '17.4471034', '78.3854102', 'Unable+to+Track+position', '2014-11-11 03:55:05'),
(430, 8, '17.4471034', '78.3854102', 'Unable+to+Track+position', '2014-11-11 03:55:05'),
(431, 8, '17.4471034', '78.3854102', 'Unable+to+Track+position', '2014-11-11 03:55:05'),
(432, 8, '17.4471034', '78.3854102', 'Unable+to+Track+position', '2014-11-11 03:55:05'),
(433, 8, '17.4471034', '78.3854102', 'Unable+to+Track+position', '2014-11-11 03:55:05'),
(434, 8, '17.447063', '78.3853757', 'Distributor Location', '2014-11-11 03:55:56'),
(435, 8, '17.447063', '78.3853757', 'Distributor Location', '2014-11-11 03:55:56'),
(436, 8, '17.447063', '78.3853757', 'Distributor Location', '2014-11-11 03:55:56'),
(437, 8, '17.447063', '78.3853757', 'Distributor Location', '2014-11-11 03:55:56'),
(438, 8, '17.447063', '78.3853757', 'Distributor Location', '2014-11-11 03:55:56'),
(439, 8, '17.447063', '78.3853757', 'Distributor Location', '2014-11-11 03:55:56'),
(440, 8, '17.447063', '78.3853757', 'Distributor Location', '2014-11-11 03:55:56'),
(441, 8, '17.447063', '78.3853757', 'Distributor Location', '2014-11-11 03:55:56'),
(442, 8, '17.447063', '78.3853757', 'Distributor Location', '2014-11-11 03:55:56'),
(443, 8, '17.447063', '78.3853757', 'Distributor Location', '2014-11-11 03:55:56'),
(444, 8, '17.447063', '78.3853757', 'Distributor Location', '2014-11-11 03:55:56'),
(445, 8, '17.447063', '78.3853757', 'Distributor Location', '2014-11-11 03:55:56'),
(446, 8, '17.447063', '78.3853757', 'Distributor Location', '2014-11-11 03:55:56'),
(447, 8, '17.447063', '78.3853757', 'Distributor Location', '2014-11-11 03:55:56'),
(448, 8, '17.447063', '78.3853757', 'Distributor Location', '2014-11-11 03:55:56'),
(449, 8, '17.447063', '78.3853757', 'Distributor Location', '2014-11-11 03:55:56'),
(450, 8, '17.447063', '78.3853757', 'Distributor Location', '2014-11-11 03:55:56'),
(451, 8, '17.447063', '78.3853757', 'Distributor Location', '2014-11-11 03:55:56'),
(452, 8, '17.447063', '78.3853757', 'Distributor Location', '2014-11-11 03:55:56'),
(453, 8, '17.447063', '78.3853757', 'Distributor Location', '2014-11-11 03:55:56'),
(454, 8, '17.447063', '78.3853757', 'Distributor Location', '2014-11-11 03:55:56'),
(455, 8, '17.447063', '78.3853757', 'Distributor Location', '2014-11-11 03:55:56'),
(456, 8, '17.447063', '78.3853757', 'Distributor Location', '2014-11-11 03:55:56'),
(457, 8, '17.447063', '78.3853757', 'Distributor Location', '2014-11-11 03:55:56'),
(458, 8, '17.447063', '78.3853757', 'Distributor Location', '2014-11-11 03:55:56'),
(459, 8, '17.447063', '78.3853757', 'Distributor Location', '2014-11-11 03:55:56'),
(460, 8, '17.447063', '78.3853757', 'Distributor Location', '2014-11-11 03:55:56'),
(461, 8, '17.447063', '78.3853757', 'Distributor Location', '2014-11-11 03:55:56'),
(462, 8, '17.447063', '78.3853757', 'Distributor Location', '2014-11-11 03:55:56'),
(463, 8, '17.447063', '78.3853757', 'Distributor Location', '2014-11-11 03:55:56'),
(464, 8, '17.447063', '78.3853757', 'Distributor Location', '2014-11-11 03:55:56'),
(465, 8, '17.447063', '78.3853757', 'Distributor Location', '2014-11-11 03:55:56'),
(466, 8, '17.447063', '78.3853757', 'Distributor Location', '2014-11-11 03:55:56'),
(467, 8, '17.447063', '78.3853757', 'Distributor Location', '2014-11-11 03:55:56'),
(468, 8, '17.447063', '78.3853757', 'Distributor Location', '2014-11-11 03:55:56'),
(469, 8, '17.447063', '78.3853757', 'Distributor Location', '2014-11-11 03:55:56'),
(470, 8, '17.447063', '78.3853757', 'Distributor Location', '2014-11-11 03:55:56'),
(471, 8, '17.447063', '78.3853757', 'Distributor Location', '2014-11-11 03:55:56'),
(472, 8, '17.447063', '78.3853757', 'Distributor Location', '2014-11-11 03:55:56'),
(473, 8, '17.447063', '78.3853757', 'Distributor Location', '2014-11-11 03:55:56'),
(474, 8, '17.447063', '78.3853757', 'Distributor Location', '2014-11-11 03:55:56'),
(475, 8, '17.447063', '78.3853757', 'Distributor Location', '2014-11-11 03:55:56'),
(476, 8, '17.447063', '78.3853757', 'Distributor Location', '2014-11-11 03:55:56'),
(477, 8, '17.447063', '78.3853757', 'Distributor Location', '2014-11-11 03:55:56'),
(478, 8, '17.447063', '78.3853757', 'Distributor Location', '2014-11-11 03:55:56'),
(479, 8, '17.447063', '78.3853757', 'Distributor Location', '2014-11-11 03:55:56'),
(480, 8, '17.447063', '78.3853757', 'Distributor Location', '2014-11-11 03:55:56'),
(481, 8, '17.447063', '78.3853757', 'Distributor Location', '2014-11-11 03:55:56'),
(482, 8, '17.447063', '78.3853757', 'Distributor Location', '2014-11-11 03:55:56'),
(483, 8, '17.447063', '78.3853757', 'Distributor Location', '2014-11-11 03:55:56'),
(484, 8, '17.4471034', '78.3854102', 'Unable+to+Track+position', '2014-11-11 03:56:21'),
(485, 8, '17.4471034', '78.3854102', 'Unable+to+Track+position', '2014-11-11 03:56:21'),
(486, 8, '17.4471034', '78.3854102', 'Unable+to+Track+position', '2014-11-11 03:56:21'),
(487, 8, '17.4471034', '78.3854102', 'Unable+to+Track+position', '2014-11-11 03:56:21'),
(488, 8, '17.4471034', '78.3854102', 'Unable+to+Track+position', '2014-11-11 03:56:21'),
(489, 8, '17.4471034', '78.3854102', 'Unable+to+Track+position', '2014-11-11 03:56:21'),
(490, 8, '17.4471034', '78.3854102', 'Unable+to+Track+position', '2014-11-11 03:56:21'),
(491, 8, '17.4471034', '78.3854102', 'Unable+to+Track+position', '2014-11-11 03:56:21'),
(492, 8, '17.4471034', '78.3854102', 'Unable+to+Track+position', '2014-11-11 03:56:21'),
(493, 8, '17.4471034', '78.3854102', 'Unable+to+Track+position', '2014-11-11 03:56:21'),
(494, 8, '17.4471034', '78.3854102', 'Unable+to+Track+position', '2014-11-11 03:56:21'),
(495, 8, '17.4471034', '78.3854102', 'Unable+to+Track+position', '2014-11-11 03:56:21'),
(496, 8, '17.4471034', '78.3854102', 'Unable+to+Track+position', '2014-11-11 03:56:21'),
(497, 8, '17.4471034', '78.3854102', 'Unable+to+Track+position', '2014-11-11 03:56:21'),
(498, 8, '17.4471034', '78.3854102', 'Unable+to+Track+position', '2014-11-11 03:56:21'),
(499, 8, '17.4471034', '78.3854102', 'Unable+to+Track+position', '2014-11-11 03:56:21'),
(500, 8, '17.4471034', '78.3854102', 'Unable+to+Track+position', '2014-11-11 03:56:21'),
(501, 8, '17.4471034', '78.3854102', 'Unable+to+Track+position', '2014-11-11 03:56:21'),
(502, 8, '17.4471034', '78.3854102', 'Unable+to+Track+position', '2014-11-11 03:56:21'),
(503, 8, '17.4471034', '78.3854102', 'Unable+to+Track+position', '2014-11-11 03:56:21'),
(504, 8, '17.4471034', '78.3854102', 'Unable+to+Track+position', '2014-11-11 03:56:21'),
(505, 8, '17.4471034', '78.3854102', 'Unable+to+Track+position', '2014-11-11 03:56:21'),
(506, 8, '17.4471034', '78.3854102', 'Unable+to+Track+position', '2014-11-11 03:56:21'),
(507, 8, '17.4471034', '78.3854102', 'Unable+to+Track+position', '2014-11-11 03:56:21'),
(508, 8, '17.4471034', '78.3854102', 'Unable+to+Track+position', '2014-11-11 03:56:21'),
(509, 8, '17.4471034', '78.3854102', 'Unable+to+Track+position', '2014-11-11 03:56:21'),
(510, 8, '17.4471034', '78.3854102', 'Unable+to+Track+position', '2014-11-11 03:56:21'),
(511, 8, '17.4471034', '78.3854102', 'Unable+to+Track+position', '2014-11-11 03:56:21'),
(512, 8, '17.4471034', '78.3854102', 'Unable+to+Track+position', '2014-11-11 03:56:21'),
(513, 8, '17.4471034', '78.3854102', 'Unable+to+Track+position', '2014-11-11 03:56:21'),
(514, 8, '17.4471034', '78.3854102', 'Unable+to+Track+position', '2014-11-11 03:56:21'),
(515, 8, '17.4471034', '78.3854102', 'Unable+to+Track+position', '2014-11-11 03:56:21'),
(516, 8, '17.4471034', '78.3854102', 'Unable+to+Track+position', '2014-11-11 03:56:21'),
(517, 8, '17.4471034', '78.3854102', 'Unable+to+Track+position', '2014-11-11 03:56:21'),
(518, 8, '17.4471034', '78.3854102', 'Unable+to+Track+position', '2014-11-11 03:56:21'),
(519, 8, '17.4471034', '78.3854102', 'Unable+to+Track+position', '2014-11-11 03:56:22'),
(520, 8, '17.4471034', '78.3854102', 'Unable+to+Track+position', '2014-11-11 03:56:22'),
(521, 8, '17.4471034', '78.3854102', 'Unable+to+Track+position', '2014-11-11 03:56:22'),
(522, 8, '17.4471034', '78.3854102', 'Unable+to+Track+position', '2014-11-11 03:56:22'),
(523, 8, '17.4471034', '78.3854102', 'Unable+to+Track+position', '2014-11-11 03:56:22'),
(524, 8, '17.4471034', '78.3854102', 'Unable+to+Track+position', '2014-11-11 03:56:22'),
(525, 8, '17.4471034', '78.3854102', 'Unable+to+Track+position', '2014-11-11 03:56:22'),
(526, 8, '17.4471034', '78.3854102', 'Unable+to+Track+position', '2014-11-11 03:56:22'),
(527, 8, '17.4471034', '78.3854102', 'Unable+to+Track+position', '2014-11-11 03:56:22'),
(528, 8, '17.4471034', '78.3854102', 'Unable+to+Track+position', '2014-11-11 03:56:22'),
(529, 8, '17.4471034', '78.3854102', 'Unable+to+Track+position', '2014-11-11 03:56:22'),
(530, 8, '17.4471034', '78.3854102', 'Unable+to+Track+position', '2014-11-11 03:56:22'),
(531, 8, '17.4471034', '78.3854102', 'Unable+to+Track+position', '2014-11-11 03:56:22'),
(532, 8, '17.4471034', '78.3854102', 'Unable+to+Track+position', '2014-11-11 03:56:22'),
(533, 8, '17.4471034', '78.3854102', 'Unable+to+Track+position', '2014-11-11 03:56:22'),
(534, 6, '17.4471672', '78.3854352', 'Image+Gardens+Rd%2C+Jaihind+Enclave%2C+Silicon+Valley%2C+Madhapur', '2014-11-11 03:56:44'),
(535, 6, '17.4471672', '78.3854352', 'Image+Gardens+Rd%2C+Jaihind+Enclave%2C+Silicon+Valley%2C+Madhapur', '2014-11-11 04:06:44'),
(536, 6, '17.4471672', '78.3854352', 'Image+Gardens+Rd%2C+Jaihind+Enclave%2C+Silicon+Valley%2C+Madhapur', '2014-11-11 04:16:44'),
(537, 6, '17.4471672', '78.3854352', 'Image+Gardens+Rd%2C+Jaihind+Enclave%2C+Silicon+Valley%2C+Madhapur', '2014-11-11 04:26:44'),
(538, 6, '17.4471672', '78.3854352', 'Image+Gardens+Rd%2C+Jaihind+Enclave%2C+Silicon+Valley%2C+Madhapur', '2014-11-11 04:36:45'),
(539, 6, '17.4471672', '78.3854352', 'Image+Gardens+Rd%2C+Jaihind+Enclave%2C+Silicon+Valley%2C+Madhapur', '2014-11-11 04:46:45'),
(540, 7, '17.4471672', '78.3854352', 'Image+Gardens+Rd%2C+Jaihind+Enclave%2C+Silicon+Valley%2C+Madhapur', '2014-11-11 04:48:25'),
(541, 31, '0.0', '0.0', 'Unable+to+Track+position', '2014-11-11 04:54:14'),
(542, 31, '0.0', '0.0', 'Unable+to+Track+position', '2014-11-11 04:57:43'),
(543, 7, '17.4471672', '78.3854352', 'Image+Gardens+Rd%2C+Jaihind+Enclave%2C+Silicon+Valley%2C+Madhapur', '2014-11-11 04:58:25'),
(544, 31, '0.0', '0.0', 'Unable+to+Track+position', '2014-11-11 05:00:34'),
(545, 31, '0.0', '0.0', 'Unable+to+Track+position', '2014-11-11 05:03:38'),
(546, 7, '17.4471672', '78.3854352', 'Image+Gardens+Rd%2C+Jaihind+Enclave%2C+Silicon+Valley%2C+Madhapur', '2014-11-11 05:08:24'),
(547, 31, '0.0', '0.0', 'Unable+to+Track+position', '2014-11-11 05:09:50'),
(548, 31, '0.0', '0.0', 'Unable+to+Track+position', '2014-11-11 05:11:30'),
(549, 31, '0.0', '0.0', 'Distributor Location', '2014-11-11 05:12:17'),
(550, 7, '17.4471672', '78.3854352', 'Image+Gardens+Rd%2C+Jaihind+Enclave%2C+Silicon+Valley%2C+Madhapur', '2014-11-11 05:18:24'),
(551, 31, '0.0', '0.0', 'Unable+to+Track+position', '2014-11-11 05:19:36'),
(552, 7, '17.4471672', '78.3854352', 'Image+Gardens+Rd%2C+Jaihind+Enclave%2C+Silicon+Valley%2C+Madhapur', '2014-11-11 05:28:23'),
(553, 31, '0.0', '0.0', 'Unable+to+Track+position', '2014-11-11 05:29:36'),
(554, 31, '0.0', '0.0', 'Unable+to+Track+position', '2014-11-11 05:39:36'),
(555, 6, '17.4471672', '78.3854352', 'Image+Gardens+Rd%2C+Jaihind+Enclave%2C+Silicon+Valley%2C+Madhapur', '2014-11-11 05:46:49'),
(556, 6, '17.4471672', '78.3854352', 'Image+Gardens+Rd%2C+Jaihind+Enclave%2C+Silicon+Valley%2C+Madhapur', '2014-11-11 05:48:49'),
(557, 31, '0.0', '0.0', 'Unable+to+Track+position', '2014-11-11 05:49:36'),
(558, 31, '0.0', '0.0', 'Unable+to+Track+position', '2014-11-11 05:59:31'),
(559, 31, '0.0', '0.0', 'Unable+to+Track+position', '2014-11-11 06:09:31'),
(560, 31, '0.0', '0.0', 'Unable+to+Track+position', '2014-11-11 06:19:31'),
(561, 31, '0.0', '0.0', 'Unable+to+Track+position', '2014-11-11 06:29:36'),
(562, 31, '0.0', '0.0', 'Unable+to+Track+position', '2014-11-11 06:39:36'),
(563, 31, '0.0', '0.0', 'Distributor Location', '2014-11-11 06:44:04'),
(564, 31, '0.0', '0.0', 'Unable+to+Track+position', '2014-11-11 06:49:36'),
(565, 31, '0.0', '0.0', 'Unable+to+Track+position', '2014-11-11 06:59:32'),
(566, 8, '17.4471672', '78.3854352', 'Image+Gardens+Rd%2C+Jaihind+Enclave%2C+Silicon+Valley%2C+Madhapur', '2014-11-11 22:56:14'),
(567, 8, '17.4471672', '78.3854352', 'Distributor Location', '2014-11-11 23:00:35'),
(568, 8, '17.4471672', '78.3854352', 'Image+Gardens+Rd%2C+Jaihind+Enclave%2C+Silicon+Valley%2C+Madhapur', '2014-11-11 23:03:30'),
(569, 8, '17.4471672', '78.3854352', 'Image+Gardens+Rd%2C+Jaihind+Enclave%2C+Silicon+Valley%2C+Madhapur', '2014-11-11 23:13:31'),
(570, 7, '0.0', '0.0', 'Unable+to+Track+position', '2014-11-11 23:19:17'),
(571, 7, '0.0', '0.0', 'Unable+to+Track+position', '2014-11-11 23:19:18'),
(572, 7, '0.0', '0.0', 'Unable+to+Track+position', '2014-11-11 23:19:19'),
(573, 7, '0.0', '0.0', 'Unable+to+Track+position', '2014-11-11 23:19:29'),
(574, 7, '0.0', '0.0', 'Unable+to+Track+position', '2014-11-11 23:19:37'),
(575, 8, '17.4471672', '78.3854352', 'Unable+to+Track+position', '2014-11-11 23:23:36'),
(576, 6, '17.4471672', '78.3854352', 'Image+Gardens+Rd%2C+Jaihind+Enclave%2C+Silicon+Valley%2C+Madhapur', '2014-11-11 23:29:25'),
(577, 7, '0.0', '0.0', 'Unable+to+Track+position', '2014-11-11 23:33:33'),
(578, 7, '0.0', '0.0', 'Unable+to+Track+position', '2014-11-11 23:33:42'),
(579, 8, '17.4471672', '78.3854352', 'Image+Gardens+Rd%2C+Jaihind+Enclave%2C+Silicon+Valley%2C+Madhapur', '2014-11-11 23:35:26'),
(580, 8, '17.4471672', '78.3854352', 'Distributor Location', '2014-11-11 23:37:08'),
(581, 8, '17.4471672', '78.3854352', 'Image+Gardens+Rd%2C+Jaihind+Enclave%2C+Silicon+Valley%2C+Madhapur', '2014-11-11 23:38:24'),
(582, 7, '0.0', '0.0', 'Unable+to+Track+position', '2014-11-11 23:43:33'),
(583, 8, '17.4471672', '78.3854352', 'Image+Gardens+Rd%2C+Jaihind+Enclave%2C+Silicon+Valley%2C+Madhapur', '2014-11-11 23:48:27'),
(584, 8, '17.4471672', '78.3854352', 'Distributor Location', '2014-11-11 23:49:53'),
(585, 7, '0.0', '0.0', 'Unable+to+Track+position', '2014-11-11 23:53:33'),
(586, 8, '17.4471672', '78.3854352', 'Image+Gardens+Rd%2C+Jaihind+Enclave%2C+Silicon+Valley%2C+Madhapur', '2014-11-11 23:58:28'),
(587, 7, '0.0', '0.0', 'Unable+to+Track+position', '2014-11-12 00:03:37'),
(588, 8, '17.4471672', '78.3854352', 'Image+Gardens+Rd%2C+Jaihind+Enclave%2C+Silicon+Valley%2C+Madhapur', '2014-11-12 00:08:26'),
(589, 7, '0.0', '0.0', 'Unable+to+Track+position', '2014-11-12 00:13:37'),
(590, 7, '0.0', '0.0', 'Unable+to+Track+position', '2014-11-12 00:16:52');
INSERT INTO `runner_visitted_location_details` (`runner_visitted_location_id`, `user_id`, `lattitude`, `longitude`, `location`, `date_time`) VALUES
(591, 7, '0.0', '0.0', 'Unable+to+Track+position', '2014-11-12 00:23:33'),
(592, 7, '0.0', '0.0', 'Unable+to+Track+position', '2014-11-12 00:33:36'),
(593, 7, '0.0', '0.0', 'Unable+to+Track+position', '2014-11-12 00:53:33'),
(594, 7, '0.0', '0.0', 'Unable+to+Track+position', '2014-11-12 01:03:37'),
(595, 7, '0.0', '0.0', 'Unable+to+Track+position', '2014-11-12 01:13:37'),
(596, 7, '0.0', '0.0', 'Unable+to+Track+position', '2014-11-12 01:23:37'),
(597, 7, '0.0', '0.0', 'Unable+to+Track+position', '2014-11-12 01:33:34'),
(598, 7, '0.0', '0.0', 'Unable+to+Track+position', '2014-11-12 01:43:32'),
(599, 7, '0.0', '0.0', 'Unable+to+Track+position', '2014-11-12 01:53:33'),
(600, 7, '0.0', '0.0', 'Unable+to+Track+position', '2014-11-12 02:03:37'),
(601, 7, '0.0', '0.0', 'Unable+to+Track+position', '2014-11-12 02:13:37'),
(602, 7, '0.0', '0.0', 'Unable+to+Track+position', '2014-11-12 02:23:37'),
(603, 37, '17.4470698', '78.3853875', 'Unable+to+Track+position', '2014-11-12 02:24:58'),
(604, 37, '17.4469593', '78.3853655', 'Distributor Location', '2014-11-12 02:26:01'),
(605, 7, '0.0', '0.0', 'Unable+to+Track+position', '2014-11-12 02:33:37'),
(606, 12, '17.4471672', '78.3854352', 'Image+Gardens+Rd%2C+Jaihind+Enclave%2C+Silicon+Valley%2C+Madhapur', '2014-11-12 02:34:47'),
(607, 58, '17.4471672', '78.3854352', 'Image+Gardens+Rd%2C+Jaihind+Enclave%2C+Silicon+Valley%2C+Madhapur', '2014-11-12 02:37:34'),
(608, 58, '17.4471672', '78.3854352', 'Image+Gardens+Rd%2C+Jaihind+Enclave%2C+Silicon+Valley%2C+Madhapur', '2014-11-12 02:37:54'),
(609, 7, '0.0', '0.0', 'Unable+to+Track+position', '2014-11-12 02:43:33'),
(610, 7, '0.0', '0.0', 'Unable+to+Track+position', '2014-11-12 02:46:25'),
(611, 58, '17.4471672', '78.3854352', 'Image+Gardens+Rd%2C+Jaihind+Enclave%2C+Silicon+Valley%2C+Madhapur', '2014-11-12 02:47:34'),
(612, 7, '0.0', '0.0', 'Unable+to+Track+position', '2014-11-12 02:53:33'),
(613, 58, '17.4471672', '78.3854352', 'Image+Gardens+Rd%2C+Jaihind+Enclave%2C+Silicon+Valley%2C+Madhapur', '2014-11-12 02:57:34'),
(614, 21, '17.4471672', '78.3854352', 'Image+Gardens+Rd%2C+Jaihind+Enclave%2C+Silicon+Valley%2C+Madhapur', '2014-11-12 03:02:22'),
(615, 7, '0.0', '0.0', 'Unable+to+Track+position', '2014-11-12 03:03:33'),
(616, 21, '17.4471672', '78.3854352', 'Distributor Location', '2014-11-12 03:03:48'),
(617, 37, '17.4470698', '78.3853875', 'Unable+to+Track+position', '2014-11-12 03:08:53'),
(618, 37, '17.4469593', '78.3853655', 'Distributor Location', '2014-11-12 03:08:57'),
(619, 7, '0.0', '0.0', 'Unable+to+Track+position', '2014-11-12 03:13:37'),
(620, 13, '17.4471184', '78.3854165', 'Unable+to+Track+position', '2014-11-12 03:19:02'),
(621, 13, '17.4471099', '78.3854423', 'Distributor Location', '2014-11-12 03:19:40'),
(622, 13, '17.4471044', '78.3854439', 'Unable+to+Track+position', '2014-11-12 03:21:50'),
(623, 13, '17.4471218', '78.3854207', 'Distributor Location', '2014-11-12 03:22:19'),
(624, 7, '0.0', '0.0', 'Unable+to+Track+position', '2014-11-12 03:23:37'),
(625, 7, '0.0', '0.0', 'Unable+to+Track+position', '2014-11-12 03:33:33'),
(626, 7, '0.0', '0.0', 'Unable+to+Track+position', '2014-11-12 03:43:37'),
(627, 15, '17.4471551', '78.3854507', 'Image+Gardens+Rd%2C+Jaihind+Enclave%2C+Silicon+Valley%2C+Madhapur', '2014-11-12 03:52:53'),
(628, 7, '0.0', '0.0', 'Unable+to+Track+position', '2014-11-12 03:53:40'),
(629, 15, '17.4471079', '78.3854268', 'Distributor Location', '2014-11-12 03:53:44'),
(630, 15, '17.447063', '78.3853757', 'Distributor Location', '2014-11-12 04:20:50'),
(631, 15, '17.447063', '78.3853757', 'Distributor Location', '2014-11-12 04:22:22'),
(632, 15, '17.447063', '78.3853757', 'Distributor Location', '2014-11-12 04:22:23'),
(633, 15, '17.447063', '78.3853757', 'Distributor Location', '2014-11-12 04:22:23'),
(634, 15, '17.447063', '78.3853757', 'Distributor Location', '2014-11-12 04:23:29'),
(635, 15, '17.447063', '78.3853757', 'Distributor Location', '2014-11-12 04:23:29'),
(636, 15, '17.447063', '78.3853757', 'Distributor Location', '2014-11-12 04:23:29'),
(637, 68, '17.4471672', '78.3854352', 'Image+Gardens+Rd%2C+Jaihind+Enclave%2C+Silicon+Valley%2C+Madhapur', '2014-11-12 04:24:18'),
(638, 21, '17.4471672', '78.3854352', 'Image+Gardens+Rd%2C+Jaihind+Enclave%2C+Silicon+Valley%2C+Madhapur', '2014-11-12 04:25:20'),
(639, 21, '17.4471672', '78.3854352', 'Distributor Location', '2014-11-12 04:25:45'),
(640, 15, '17.447063', '78.3853757', 'Distributor Location', '2014-11-12 04:31:46'),
(641, 15, '17.447063', '78.3853757', 'Distributor Location', '2014-11-12 04:31:46'),
(642, 15, '17.447063', '78.3853757', 'Distributor Location', '2014-11-12 04:31:46'),
(643, 37, '17.447063', '78.3853757', 'Distributor Location', '2014-11-12 04:31:49'),
(644, 37, '17.447063', '78.3853757', 'Distributor Location', '2014-11-12 04:31:49'),
(645, 37, '17.447063', '78.3853757', 'Distributor Location', '2014-11-12 04:31:49'),
(646, 13, '17.447063', '78.3853757', 'Distributor Location', '2014-11-12 04:31:51'),
(647, 13, '17.447063', '78.3853757', 'Distributor Location', '2014-11-12 04:31:52'),
(648, 13, '17.447063', '78.3853757', 'Distributor Location', '2014-11-12 04:31:52'),
(649, 15, '17.447063', '78.3853757', 'Distributor Location', '2014-11-12 04:32:54'),
(650, 21, '17.4471672', '78.3854352', 'Image+Gardens+Rd%2C+Jaihind+Enclave%2C+Silicon+Valley%2C+Madhapur', '2014-11-12 04:35:20'),
(651, 7, '0.0', '0.0', 'Distributor Location', '2014-11-12 04:40:27'),
(652, 7, '0.0', '0.0', 'Distributor Location', '2014-11-12 04:41:20'),
(653, 7, '0.0', '0.0', 'Distributor Location', '2014-11-12 04:41:59'),
(654, 7, '0.0', '0.0', 'Unable+to+Track+position', '2014-11-12 04:43:33'),
(655, 21, '17.4471672', '78.3854352', 'Image+Gardens+Rd%2C+Jaihind+Enclave%2C+Silicon+Valley%2C+Madhapur', '2014-11-12 04:45:20'),
(656, 7, '0.0', '0.0', 'Unable+to+Track+position', '2014-11-12 04:53:37'),
(657, 21, '17.4471672', '78.3854352', 'Image+Gardens+Rd%2C+Jaihind+Enclave%2C+Silicon+Valley%2C+Madhapur', '2014-11-12 04:55:20'),
(658, 7, '0.0', '0.0', 'Unable+to+Track+position', '2014-11-12 05:03:40'),
(659, 21, '17.4471672', '78.3854352', 'Image+Gardens+Rd%2C+Jaihind+Enclave%2C+Silicon+Valley%2C+Madhapur', '2014-11-12 05:05:20'),
(660, 15, '17.447063', '78.3853757', 'Distributor Location', '2014-11-12 05:08:31'),
(661, 37, '17.447063', '78.3853757', 'Distributor Location', '2014-11-12 05:08:33'),
(662, 13, '17.447063', '78.3853757', 'Distributor Location', '2014-11-12 05:08:35'),
(663, 15, '17.447063', '78.3853757', 'Distributor Location', '2014-11-12 05:09:38'),
(664, 7, '0.0', '0.0', 'Unable+to+Track+position', '2014-11-12 05:13:33'),
(665, 7, '0.0', '0.0', 'Unable+to+Track+position', '2014-11-12 05:23:33'),
(666, 7, '0.0', '0.0', 'Unable+to+Track+position', '2014-11-12 05:33:37'),
(667, 7, '0.0', '0.0', 'Unable+to+Track+position', '2014-11-12 05:43:40'),
(668, 7, '0.0', '0.0', 'Unable+to+Track+position', '2014-11-12 05:53:33'),
(669, 7, '0.0', '0.0', 'Unable+to+Track+position', '2014-11-12 06:03:37'),
(670, 7, '0.0', '0.0', 'Distributor Location', '2014-11-12 06:10:06'),
(671, 7, '0.0', '0.0', 'Unable+to+Track+position', '2014-11-12 06:13:37'),
(672, 7, '0.0', '0.0', 'Unable+to+Track+position', '2014-11-12 06:23:37'),
(673, 7, '0.0', '0.0', 'Unable+to+Track+position', '2014-11-12 07:11:46'),
(674, 7, '0.0', '0.0', 'Unable+to+Track+position', '2014-11-12 07:20:30'),
(675, 7, '0.0', '0.0', 'Unable+to+Track+position', '2014-11-12 07:30:25'),
(676, 7, '0.0', '0.0', 'Unable+to+Track+position', '2014-11-12 07:40:25'),
(677, 7, '0.0', '0.0', 'Unable+to+Track+position', '2014-11-12 07:50:25'),
(678, 7, '0.0', '0.0', 'Unable+to+Track+position', '2014-11-12 08:00:31'),
(679, 7, '0.0', '0.0', 'Unable+to+Track+position', '2014-11-12 08:10:31'),
(680, 7, '0.0', '0.0', 'Unable+to+Track+position', '2014-11-12 08:20:31'),
(681, 7, '0.0', '0.0', 'Unable+to+Track+position', '2014-11-12 08:30:31'),
(682, 7, '0.0', '0.0', 'Unable+to+Track+position', '2014-11-12 08:40:25'),
(683, 7, '0.0', '0.0', 'Unable+to+Track+position', '2014-11-12 08:50:25'),
(684, 7, '0.0', '0.0', 'Unable+to+Track+position', '2014-11-12 09:00:30'),
(685, 7, '0.0', '0.0', 'Unable+to+Track+position', '2014-11-12 09:10:31'),
(686, 7, '0.0', '0.0', 'Unable+to+Track+position', '2014-11-12 09:20:31'),
(687, 7, '0.0', '0.0', 'Unable+to+Track+position', '2014-11-12 09:30:30'),
(688, 7, '0.0', '0.0', 'Unable+to+Track+position', '2014-11-12 09:40:31'),
(689, 7, '0.0', '0.0', 'Unable+to+Track+position', '2014-11-12 09:50:31'),
(690, 7, '0.0', '0.0', 'Unable+to+Track+position', '2014-11-12 10:00:30'),
(691, 7, '0.0', '0.0', 'Unable+to+Track+position', '2014-11-12 10:10:31'),
(692, 7, '0.0', '0.0', 'Unable+to+Track+position', '2014-11-12 10:20:31'),
(693, 7, '0.0', '0.0', 'Unable+to+Track+position', '2014-11-12 10:30:31'),
(694, 7, '0.0', '0.0', 'Unable+to+Track+position', '2014-11-12 10:40:30'),
(695, 7, '0.0', '0.0', 'Unable+to+Track+position', '2014-11-12 10:50:31'),
(696, 7, '0.0', '0.0', 'Unable+to+Track+position', '2014-11-12 11:00:31'),
(697, 7, '0.0', '0.0', 'Unable+to+Track+position', '2014-11-12 11:10:25'),
(698, 7, '0.0', '0.0', 'Unable+to+Track+position', '2014-11-12 11:20:31'),
(699, 7, '0.0', '0.0', 'Unable+to+Track+position', '2014-11-12 22:20:45'),
(700, 7, '0.0', '0.0', 'Unable+to+Track+position', '2014-11-12 22:22:13'),
(701, 7, '0.0', '0.0', 'Unable+to+Track+position', '2014-11-12 22:30:45'),
(702, 15, '17.4469502', '78.3853353', '20%2621', '2014-11-12 22:54:20'),
(703, 15, '17.4469512', '78.3853305', 'Distributor Location', '2014-11-12 22:55:15'),
(704, 7, '0.0', '0.0', 'Unable+to+Track+position', '2014-11-12 23:00:45'),
(705, 7, '0.0', '0.0', 'Unable+to+Track+position', '2014-11-12 23:00:45'),
(706, 7, '0.0', '0.0', 'Unable+to+Track+position', '2014-11-12 23:10:45'),
(707, 7, '0.0', '0.0', 'Unable+to+Track+position', '2014-11-12 23:21:07'),
(708, 7, '0.0', '0.0', 'Unable+to+Track+position', '2014-11-12 23:24:20'),
(709, 7, '0.0', '0.0', 'Unable+to+Track+position', '2014-11-12 23:38:15'),
(710, 15, '17.447063', '78.3853757', 'Distributor Location', '2014-11-12 23:41:14'),
(711, 15, '17.447063', '78.3853757', 'Distributor Location', '2014-11-12 23:44:28'),
(712, 15, '17.447063', '78.3853757', 'Distributor Location', '2014-11-12 23:56:55'),
(713, 15, '17.447063', '78.3853757', 'Distributor Location', '2014-11-12 23:58:20'),
(714, 15, '17.447063', '78.3853757', 'Distributor Location', '2014-11-13 00:01:59'),
(715, 15, '17.447063', '78.3853757', 'Distributor Location', '2014-11-13 00:11:28'),
(716, 12, '0.0', '0.0', 'Unable+to+Track+position', '2014-11-13 00:15:32'),
(717, 6, '0.0', '0.0', 'Unable+to+Track+position', '2014-11-13 00:21:52'),
(718, 7, '0.0', '0.0', 'Unable+to+Track+position', '2014-11-13 00:23:53'),
(719, 58, '0.0', '0.0', 'Unable+to+Track+position', '2014-11-13 00:25:17'),
(720, 7, '17.4471116', '78.3854755', 'Image+Gardens+Rd', '2014-11-13 00:30:45'),
(721, 58, '0.0', '0.0', 'Unable+to+Track+position', '2014-11-13 00:35:17'),
(722, 57, '0.0', '0.0', 'Unable+to+Track+position', '2014-11-13 00:36:29'),
(723, 7, '17.4470565', '78.3854492', 'Image+Gardens+Rd', '2014-11-13 00:40:45'),
(724, 15, '17.447063', '78.3853757', 'Distributor Location', '2014-11-13 00:46:40'),
(725, 7, '17.4470763', '78.385447', 'Image+Gardens+Rd', '2014-11-13 00:51:09'),
(726, 7, '17.4471131', '78.3854577', 'Image+Gardens+Rd', '2014-11-13 00:58:06'),
(727, 7, '17.4471037', '78.3854692', 'Unable+to+Track+position', '2014-11-13 01:00:50'),
(728, 15, '17.447063', '78.3853757', 'Distributor Location', '2014-11-13 01:08:09'),
(729, 7, '17.4470422', '78.3854687', 'Unable+to+Track+position', '2014-11-13 01:10:49'),
(730, 7, '17.4470901', '78.3854503', 'Image+Gardens+Rd', '2014-11-13 01:20:47'),
(731, 7, '17.447131', '78.3854394', 'Unable+to+Track+position', '2014-11-13 01:30:50'),
(732, 15, '17.447063', '78.3853757', 'Distributor Location', '2014-11-13 01:34:26'),
(733, 7, '17.4470717', '78.3854379', 'Unable+to+Track+position', '2014-11-13 01:40:50'),
(734, 7, '17.4471501', '78.3854752', 'Unable+to+Track+position', '2014-11-13 01:50:50'),
(735, 7, '17.4471222', '78.3854511', 'Unable+to+Track+position', '2014-11-13 02:00:50'),
(736, 7, '17.447147', '78.3854419', 'Unable+to+Track+position', '2014-11-13 02:10:49'),
(737, 7, '17.447093', '78.3854451', 'Unable+to+Track+position', '2014-11-13 02:20:51'),
(738, 15, '17.447063', '78.3853757', 'Distributor Location', '2014-11-13 02:25:22'),
(739, 15, '17.447063', '78.3853757', 'Distributor Location', '2014-11-13 02:26:25'),
(740, 7, '17.447113', '78.3854621', 'Unable+to+Track+position', '2014-11-13 02:30:50'),
(741, 7, '17.44706', '78.3854468', 'Image+Gardens+Rd', '2014-11-13 02:40:47'),
(742, 15, '17.4469463', '78.3853533', 'Distributor Location', '2014-11-13 02:42:17'),
(743, 15, '17.4469463', '78.3853533', 'Distributor Location', '2014-11-13 02:43:41'),
(744, 15, '17.4469463', '78.3853533', 'Distributor Location', '2014-11-13 02:44:43'),
(745, 15, '17.4469463', '78.3853533', 'Distributor Location', '2014-11-13 02:50:06'),
(746, 15, '17.4469463', '78.3853533', 'Distributor Location', '2014-11-13 02:51:10'),
(747, 7, '17.4469106', '78.3854115', 'Image+Gardens+Rd', '2014-11-13 03:01:36'),
(748, 15, '18.4469463', '79.3853533', 'Distributor Location', '2014-11-13 03:05:49'),
(749, 15, '18.4469463', '79.3853533', 'Distributor Location', '2014-11-13 03:06:53'),
(750, 7, '17.4469456', '78.3854671', 'Image+Gardens+Rd', '2014-11-13 03:10:46'),
(751, 58, '0.0', '0.0', 'Unable+to+Track+position', '2014-11-13 03:14:06'),
(752, 7, '17.4471101', '78.3854397', 'Image+Gardens+Rd', '2014-11-13 03:20:46'),
(753, 8, '0.0', '0.0', 'Unable+to+Track+position', '2014-11-13 03:22:48'),
(754, 8, '17.4469492', '78.3853973', 'Unable+to+Track+position', '2014-11-13 03:27:57'),
(755, 8, '17.4469721', '78.3853653', 'Distributor Location', '2014-11-13 03:29:12'),
(756, 58, '0.0', '0.0', 'Unable+to+Track+position', '2014-11-13 03:29:45'),
(757, 8, '17.4469387', '78.3853731', 'Distributor Location', '2014-11-13 03:30:11'),
(758, 7, '17.4470874', '78.3854568', 'Image+Gardens+Rd', '2014-11-13 03:30:46'),
(759, 58, '0.0', '0.0', 'Unable+to+Track+position', '2014-11-13 03:32:15'),
(760, 27, '0.0', '0.0', 'Unable+to+Track+position', '2014-11-13 03:33:43'),
(761, 7, '0.0', '0.0', 'Unable+to+Track+position', '2014-11-13 03:36:33'),
(762, 7, '17.4470964', '78.3854733', 'Image+Gardens+Rd', '2014-11-13 03:43:36'),
(763, 27, '0.0', '0.0', 'Unable+to+Track+position', '2014-11-13 03:46:58'),
(764, 31, '0.0', '0.0', 'Unable+to+Track+position', '2014-11-13 03:56:49'),
(765, 8, '17.4471132', '78.3854536', 'Unable+to+Track+position', '2014-11-13 04:00:56'),
(766, 7, '0.0', '0.0', 'Unable+to+Track+position', '2014-11-13 04:01:14'),
(767, 8, '17.4469011', '78.3853908', 'Distributor Location', '2014-11-13 04:01:39'),
(768, 7, '0.0', '0.0', 'Unable+to+Track+position', '2014-11-13 04:05:44'),
(769, 8, '17.4471132', '78.3854536', 'Unable+to+Track+position', '2014-11-13 04:10:11'),
(770, 8, '17.4469011', '78.3853908', 'Distributor Location', '2014-11-13 04:10:13'),
(771, 27, '0.0', '0.0', 'Unable+to+Track+position', '2014-11-13 04:10:18'),
(772, 27, '0.0', '0.0', 'Distributor Location', '2014-11-13 04:11:44'),
(773, 27, '0.0', '0.0', 'Unable+to+Track+position', '2014-11-13 04:20:18'),
(774, 57, '0.0', '0.0', 'Unable+to+Track+position', '2014-11-13 04:28:30'),
(775, 58, '0.0', '0.0', 'Unable+to+Track+position', '2014-11-13 04:30:54'),
(776, 74, '17.4469517', '78.3855132', 'Unable+to+Track+position', '2014-11-13 06:24:54'),
(777, 74, '17.4471074', '78.3854447', 'Distributor Location', '2014-11-13 06:29:01'),
(778, 74, '17.4469517', '78.3855132', 'Unable+to+Track+position', '2014-11-13 06:37:30'),
(779, 74, '17.4471074', '78.3854447', 'Distributor Location', '2014-11-13 06:37:33'),
(780, 8, '17.4469492', '78.3853973', 'Unable+to+Track+position', '2014-11-13 06:54:13'),
(781, 8, '17.4469721', '78.3853653', 'Distributor Location', '2014-11-13 06:54:16'),
(782, 8, '17.4469387', '78.3853731', 'Distributor Location', '2014-11-13 06:54:21'),
(783, 8, '17.4469492', '78.3853973', 'Unable+to+Track+position', '2014-11-13 07:51:14'),
(784, 8, '17.4469721', '78.3853653', 'Distributor Location', '2014-11-13 07:51:17'),
(785, 8, '17.4469387', '78.3853731', 'Distributor Location', '2014-11-13 07:51:23'),
(786, 8, '17.4469492', '78.3853973', 'Unable+to+Track+position', '2014-11-13 07:57:59'),
(787, 8, '17.4469721', '78.3853653', 'Distributor Location', '2014-11-13 07:58:06'),
(788, 8, '17.4469387', '78.3853731', 'Distributor Location', '2014-11-13 07:58:09'),
(789, 8, '17.4469492', '78.3853973', 'Unable+to+Track+position', '2014-11-13 08:07:41'),
(790, 8, '17.4469721', '78.3853653', 'Distributor Location', '2014-11-13 08:07:44'),
(791, 8, '17.4469387', '78.3853731', 'Distributor Location', '2014-11-13 08:07:47'),
(792, 7, '0.0', '0.0', 'Unable+to+Track+position', '2014-11-13 23:28:16'),
(793, 89, '0.0', '0.0', 'Unable+to+Track+position', '2014-11-13 23:50:20'),
(794, 89, '0.0', '0.0', 'Distributor Location', '2014-11-13 23:51:39'),
(795, 8, '0.0', '0.0', 'Unable+to+Track+position', '2014-11-13 23:53:07'),
(796, 8, '0.0', '0.0', 'Distributor Location', '2014-11-13 23:53:51'),
(797, 74, '17.4470971', '78.3854519', 'Unable+to+Track+position', '2014-11-13 23:58:12'),
(798, 74, '17.4470971', '78.3854519', 'Distributor Location', '2014-11-13 23:58:55'),
(799, 74, '17.4470971', '78.3854519', 'Distributor Location', '2014-11-13 23:59:30'),
(800, 74, '17.4470971', '78.3854519', 'Distributor Location', '2014-11-14 00:00:00'),
(801, 8, '0.0', '0.0', 'Unable+to+Track+position', '2014-11-14 00:01:54'),
(802, 74, '17.4470971', '78.3854519', 'Unable+to+Track+position', '2014-11-14 00:02:24'),
(803, 74, '17.4470971', '78.3854519', 'Distributor Location', '2014-11-14 00:02:27'),
(804, 74, '17.4470971', '78.3854519', 'Distributor Location', '2014-11-14 00:02:28'),
(805, 74, '17.4470971', '78.3854519', 'Distributor Location', '2014-11-14 00:02:30'),
(806, 8, '0.0', '0.0', 'Distributor Location', '2014-11-14 00:03:44'),
(807, 74, '17.4470971', '78.3854519', 'Unable+to+Track+position', '2014-11-14 00:07:46'),
(808, 74, '17.4470971', '78.3854519', 'Unable+to+Track+position', '2014-11-14 00:08:33'),
(809, 74, '17.4470971', '78.3854519', 'Distributor Location', '2014-11-14 00:08:37'),
(810, 74, '17.4470971', '78.3854519', 'Distributor Location', '2014-11-14 00:09:17'),
(811, 74, '17.4470971', '78.3854519', 'Distributor Location', '2014-11-14 00:10:58'),
(812, 74, '17.4470971', '78.3854519', 'Distributor Location', '2014-11-14 00:11:04'),
(813, 8, '0.0', '0.0', 'Unable+to+Track+position', '2014-11-14 00:11:54'),
(814, 8, '0.0', '0.0', 'Distributor Location', '2014-11-14 00:12:51'),
(815, 7, '0.0', '0.0', 'Unable+to+Track+position', '2014-11-14 00:16:31'),
(816, 74, '17.4470971', '78.3854519', 'Unable+to+Track+position', '2014-11-14 00:22:03'),
(817, 74, '17.4470971', '78.3854519', 'Distributor Location', '2014-11-14 00:22:05'),
(818, 74, '17.4470971', '78.3854519', 'Distributor Location', '2014-11-14 00:22:06'),
(819, 74, '17.4470971', '78.3854519', 'Distributor Location', '2014-11-14 00:22:09'),
(820, 7, '0.0', '0.0', 'Unable+to+Track+position', '2014-11-14 00:25:11'),
(821, 74, '17.4470971', '78.3854519', 'Unable+to+Track+position', '2014-11-14 00:25:46'),
(822, 74, '17.4470971', '78.3854519', 'Distributor Location', '2014-11-14 00:26:33'),
(823, 74, '17.4470971', '78.3854519', 'Distributor Location', '2014-11-14 00:27:10'),
(824, 74, '17.4470971', '78.3854519', 'Distributor Location', '2014-11-14 00:27:40'),
(825, 8, '0.0', '0.0', 'Unable+to+Track+position', '2014-11-14 00:34:30'),
(826, 8, '0.0', '0.0', 'Distributor Location', '2014-11-14 00:35:12'),
(827, 7, '0.0', '0.0', 'Unable+to+Track+position', '2014-11-14 00:37:34'),
(828, 7, '0.0', '0.0', 'Unable+to+Track+position', '2014-11-14 00:38:51'),
(829, 7, '0.0', '0.0', 'Unable+to+Track+position', '2014-11-14 00:48:51'),
(830, 74, '17.4470971', '78.3854519', 'Unable+to+Track+position', '2014-11-14 00:52:56'),
(831, 74, '17.4470971', '78.3854519', 'Distributor Location', '2014-11-14 00:57:18'),
(832, 7, '0.0', '0.0', 'Unable+to+Track+position', '2014-11-14 00:58:51'),
(833, 74, '17.4470971', '78.3854519', 'Unable+to+Track+position', '2014-11-14 01:02:56'),
(834, 74, '17.4470971', '78.3854519', 'Unable+to+Track+position', '2014-11-14 01:06:17'),
(835, 74, '17.4470971', '78.3854519', 'Distributor Location', '2014-11-14 01:06:47'),
(836, 74, '17.4470971', '78.3854519', 'Distributor Location', '2014-11-14 01:07:15'),
(837, 7, '0.0', '0.0', 'Unable+to+Track+position', '2014-11-14 01:08:51'),
(838, 74, '17.4470971', '78.3854519', 'Unable+to+Track+position', '2014-11-14 01:15:59'),
(839, 74, '17.4470971', '78.3854519', 'Distributor Location', '2014-11-14 01:16:44'),
(840, 7, '0.0', '0.0', 'Unable+to+Track+position', '2014-11-14 01:18:51'),
(841, 7, '0.0', '0.0', 'Unable+to+Track+position', '2014-11-14 01:28:51'),
(842, 7, '0.0', '0.0', 'Unable+to+Track+position', '2014-11-14 01:38:51'),
(843, 7, '0.0', '0.0', 'Unable+to+Track+position', '2014-11-14 01:48:51'),
(844, 7, '0.0', '0.0', 'Unable+to+Track+position', '2014-11-14 01:59:00'),
(845, 7, '0.0', '0.0', 'Unable+to+Track+position', '2014-11-14 02:08:55'),
(846, 7, '0.0', '0.0', 'Unable+to+Track+position', '2014-11-14 02:18:51'),
(847, 31, '17.4471578', '78.3854796', 'Image+Gardens+Rd', '2014-11-14 02:19:08'),
(848, 89, '17.4471478', '78.3854703', 'Image+Gardens+Rd', '2014-11-14 02:24:02'),
(849, 89, '17.4471478', '78.3854703', 'Distributor Location', '2014-11-14 02:24:38'),
(850, 74, '17.4470971', '78.3854519', 'Unable+to+Track+position', '2014-11-14 02:25:15'),
(851, 74, '17.4470971', '78.3854519', 'Distributor Location', '2014-11-14 02:25:17'),
(852, 74, '17.4470971', '78.3854519', 'Distributor Location', '2014-11-14 02:25:19'),
(853, 74, '17.4470971', '78.3854519', 'Distributor Location', '2014-11-14 02:25:20'),
(854, 74, '17.4470971', '78.3854519', 'Unable+to+Track+position', '2014-11-14 02:26:43'),
(855, 74, '17.4470971', '78.3854519', 'Distributor Location', '2014-11-14 02:26:49'),
(856, 74, '17.4470971', '78.3854519', 'Distributor Location', '2014-11-14 02:26:51'),
(857, 74, '17.4470971', '78.3854519', 'Distributor Location', '2014-11-14 02:26:53'),
(858, 90, '17.4471239', '78.3854761', 'Image+Gardens+Rd', '2014-11-14 02:27:53'),
(859, 74, '17.4470971', '78.3854519', 'Unable+to+Track+position', '2014-11-14 02:33:58'),
(860, 74, '17.4470971', '78.3854519', 'Distributor Location', '2014-11-14 02:34:42'),
(861, 91, '17.4471607', '78.3854828', 'Image+Gardens+Rd', '2014-11-14 02:35:17'),
(862, 74, '17.4470971', '78.3854519', 'Distributor Location', '2014-11-14 02:35:20'),
(863, 74, '17.4470971', '78.3854519', 'Distributor Location', '2014-11-14 02:35:50'),
(864, 74, '17.4470971', '78.3854519', 'Unable+to+Track+position', '2014-11-14 02:42:29'),
(865, 74, '17.4470971', '78.3854519', 'Distributor Location', '2014-11-14 02:43:16'),
(866, 92, '17.4471728', '78.3854895', 'Image+Gardens+Rd', '2014-11-14 02:43:30'),
(867, 74, '17.4470971', '78.3854519', 'Distributor Location', '2014-11-14 02:44:33'),
(868, 74, '17.4470971', '78.3854519', 'Distributor Location', '2014-11-14 02:45:03'),
(869, 92, '17.4471031', '78.3854736', 'Unable+to+Track+position', '2014-11-14 02:45:28'),
(870, 92, '17.4471633', '78.3854831', 'Image+Gardens+Rd', '2014-11-14 02:52:30'),
(871, 93, '17.4471225', '78.385461', 'Image+Gardens+Rd', '2014-11-14 02:57:25'),
(872, 74, '17.4470971', '78.3854519', 'Unable+to+Track+position', '2014-11-14 02:58:05'),
(873, 74, '17.4470971', '78.3854519', 'Distributor Location', '2014-11-14 02:58:07'),
(874, 74, '17.4470971', '78.3854519', 'Distributor Location', '2014-11-14 02:58:10'),
(875, 74, '17.4470971', '78.3854519', 'Distributor Location', '2014-11-14 02:58:11'),
(876, 8, '17.4471045', '78.3854759', 'Image+Gardens+Rd', '2014-11-14 02:59:41'),
(877, 8, '17.4471119', '78.3854754', 'Distributor Location', '2014-11-14 03:00:31'),
(878, 31, '17.4470899', '78.3854096', 'Image+Gardens+Rd', '2014-11-14 03:52:50'),
(879, 31, '17.4471334', '78.3854745', 'Image+Gardens+Rd', '2014-11-14 03:54:20'),
(880, 31, '17.4471078', '78.3854411', 'Image+Gardens+Rd', '2014-11-14 03:58:48'),
(881, 31, '17.4471059', '78.3854281', 'Image+Gardens+Rd', '2014-11-14 04:13:00'),
(882, 31, '17.4470784', '78.3854579', 'Image+Gardens+Rd', '2014-11-14 04:15:40'),
(883, 31, '17.4471066', '78.3854361', 'Unable+to+Track+position', '2014-11-14 04:24:17'),
(884, 94, '17.4470436', '78.3854389', 'Image+Gardens+Rd', '2014-11-14 04:38:00'),
(885, 58, '17.4470694', '78.385471', 'Image+Gardens+Rd', '2014-11-14 04:40:26'),
(886, 58, '17.4471252', '78.3854445', 'Distributor Location', '2014-11-14 04:41:09'),
(887, 58, '17.4470907', '78.3854169', 'Image+Gardens+Rd', '2014-11-14 04:50:03'),
(888, 58, '17.4470872', '78.3854308', 'Distributor Location', '2014-11-14 04:50:35'),
(889, 58, '17.4470968', '78.3854552', 'Unable+to+Track+position', '2014-11-14 05:00:07'),
(890, 74, '17.4470971', '78.3854519', 'Unable+to+Track+position', '2014-11-14 05:20:25'),
(891, 74, '17.4470971', '78.3854519', 'Distributor Location', '2014-11-14 05:20:27'),
(892, 74, '17.4470971', '78.3854519', 'Distributor Location', '2014-11-14 05:20:31'),
(893, 74, '17.4470971', '78.3854519', 'Distributor Location', '2014-11-14 05:20:32'),
(894, 7, '17.4471492', '78.3854507', 'Unable+to+Track+position', '2014-11-16 22:38:41'),
(895, 7, '17.4471492', '78.3854507', 'Unable+to+Track+position', '2014-11-16 22:48:42'),
(896, 7, '17.4471492', '78.3854507', 'Distributor Location', '2014-11-16 22:57:51'),
(897, 7, '17.4471492', '78.3854507', 'Unable+to+Track+position', '2014-11-16 22:58:41'),
(898, 58, '17.447198', '78.3855004', 'Distributor Location', '2014-11-16 23:01:50'),
(899, 58, '17.4470526', '78.3855021', 'Distributor Location', '2014-11-16 23:02:53'),
(900, 7, '17.4471492', '78.3854507', 'Unable+to+Track+position', '2014-11-16 23:08:41'),
(901, 96, '17.4471998', '78.3855024', 'Image+Gardens+Rd', '2014-11-17 03:42:46'),
(902, 96, '17.4530968', '78.385312', 'Distributor Location', '2014-11-17 04:11:41'),
(903, 95, '17.4471229', '78.3854588', 'Image+Gardens+Rd', '2014-11-17 04:12:38'),
(904, 7, '17.4469263', '78.3853728', 'Image+Gardens+Rd', '2014-11-17 04:16:57'),
(905, 7, '17.4469412', '78.3853803', 'Distributor Location', '2014-11-17 04:17:39'),
(906, 95, '17.4470991', '78.3854531', 'Image+Gardens+Rd', '2014-11-17 04:18:30'),
(907, 95, '17.4471189', '78.3854268', 'Distributor Location', '2014-11-17 04:20:24'),
(908, 7, '17.4470744', '78.3854286', 'Image+Gardens+Rd', '2014-11-17 04:26:57'),
(909, 95, '17.4453591', '78.3859188', 'Distributor Location', '2014-11-17 04:34:27'),
(910, 7, '17.4470979', '78.385426', 'Unable+to+Track+position', '2014-11-17 04:37:01'),
(911, 95, '17.4429348', '78.3874757', '1-90%2F4%2FA%2F2', '2014-11-17 04:39:47'),
(912, 95, '17.443022', '78.3874655', 'Distributor Location', '2014-11-17 04:41:34'),
(913, 96, '17.4408639', '78.3922469', '1-81%2CAndra+Basti%2CGuttalla+Begumpet%2C+Madhapur%2C+Hitech+City+Rd', '2014-11-17 04:42:55'),
(914, 96, '17.4408639', '78.3922469', 'Distributor Location', '2014-11-17 04:45:08'),
(915, 95, '17.4453314', '78.3859326', 'Distributor Location', '2014-11-17 04:46:08'),
(916, 7, '17.4470865', '78.3854453', 'Unable+to+Track+position', '2014-11-17 04:47:01'),
(917, 95, '17.4500859', '78.3822905', '1-37%2FA%2F2', '2014-11-17 04:48:31'),
(918, 95, '17.4523898', '78.3804386', 'Distributor Location', '2014-11-17 04:52:14'),
(919, 95, '17.4531411', '78.3799497', 'Ayyappa+Society+Rd', '2014-11-17 04:52:39'),
(920, 96, '17.4385501', '78.3990953', 'Distributor Location', '2014-11-17 04:53:20'),
(921, 95, '17.4523452', '78.380581', 'Distributor Location', '2014-11-17 04:53:48'),
(922, 7, '17.4471227', '78.3854309', 'Unable+to+Track+position', '2014-11-17 04:57:01'),
(923, 95, '17.4576832', '78.3722135', 'Unable+to+Track+position', '2014-11-17 04:58:39'),
(924, 95, '17.4576981', '78.37218', 'Distributor Location', '2014-11-17 04:59:49'),
(925, 96, '17.4362626', '78.4006624', 'Distributor Location', '2014-11-17 05:00:35'),
(926, 95, '17.4576721', '78.372167', 'Distributor Location', '2014-11-17 05:01:45'),
(927, 96, '17.4362626', '78.4006624', 'Unable+to+Track+position', '2014-11-17 05:02:55'),
(928, 7, '17.4470963', '78.3854656', 'Unable+to+Track+position', '2014-11-17 05:07:01'),
(929, 95, '17.4583105', '78.3665377', 'Distributor Location', '2014-11-17 05:07:23'),
(930, 95, '17.4601826', '78.3664895', '2-35%2F2', '2014-11-17 05:08:55'),
(931, 95, '17.460225', '78.3664798', '2-35%2F2', '2014-11-17 05:09:04'),
(932, 96, '17.4310789', '78.4085403', 'Distributor Location', '2014-11-17 05:09:16'),
(933, 95, '17.4599107', '78.366523', 'Distributor Location', '2014-11-17 05:10:17'),
(934, 95, '17.464533', '78.3676239', 'Distributor Location', '2014-11-17 05:15:24'),
(935, 7, '17.4469241', '78.3854149', 'Unable+to+Track+position', '2014-11-17 05:17:01'),
(936, 95, '17.4644868', '78.3675927', 'H-2-41%2F14', '2014-11-17 05:18:33'),
(937, 7, '17.4471014', '78.3854499', 'Unable+to+Track+position', '2014-11-17 05:27:01'),
(938, 95, '17.4688577', '78.3662373', 'H-1-112%2F7', '2014-11-17 05:27:37'),
(939, 96, '17.4283836', '78.4146437', 'Distributor Location', '2014-11-17 05:28:22'),
(940, 95, '17.4688225', '78.366264', 'Distributor Location', '2014-11-17 05:28:35'),
(941, 95, '17.469334', '78.365967', 'H-1-112%2F1', '2014-11-17 05:28:43'),
(942, 95, '17.4725532', '78.3641757', 'Distributor Location', '2014-11-17 05:34:10'),
(943, 7, '17.4470834', '78.3854251', 'Unable+to+Track+position', '2014-11-17 05:37:01'),
(944, 95, '17.4637977', '78.3694855', 'H-2-40%2F1', '2014-11-17 05:38:34'),
(945, 95, '17.4639567', '78.3696336', 'Distributor Location', '2014-11-17 05:39:19'),
(946, 95, '17.4644334', '78.3690654', 'Distributor Location', '2014-11-17 05:41:05'),
(947, 95, '17.4647637', '78.3702373', 'Distributor Location', '2014-11-17 05:44:30'),
(948, 95, '17.4642179', '78.3738287', 'Distributor Location', '2014-11-17 05:46:08'),
(949, 7, '17.4469092', '78.3853873', 'Unable+to+Track+position', '2014-11-17 05:47:01'),
(950, 95, '17.4640216', '78.3748274', 'Meenakshi+Sky+Lounge+Rd', '2014-11-17 05:48:47'),
(951, 95, '17.4556989', '78.3776579', 'Distributor Location', '2014-11-17 05:51:01'),
(952, 96, '17.4325185', '78.4190759', '141', '2014-11-17 05:52:53'),
(953, 95, '17.4530788', '78.383827', 'Distributor Location', '2014-11-17 05:56:46'),
(954, 7, '17.4471492', '78.385459', 'Unable+to+Track+position', '2014-11-17 05:57:01'),
(955, 95, '17.4530788', '78.383827', 'Distributor Location', '2014-11-17 05:58:38'),
(956, 95, '17.4530788', '78.383827', '100+Feet+Rd', '2014-11-17 05:58:39'),
(957, 95, '17.451828', '78.3908556', 'Distributor Location', '2014-11-17 06:04:28'),
(958, 95, '17.4516208', '78.3909445', 'Distributor Location', '2014-11-17 06:05:51'),
(959, 7, '17.4469129', '78.3853949', 'Unable+to+Track+position', '2014-11-17 06:07:01'),
(960, 95, '17.4514021', '78.3859189', 'Image+Gardens+Rd', '2014-11-17 06:08:34'),
(961, 95, '17.451631', '78.3855518', 'Distributor Location', '2014-11-17 06:10:46'),
(962, 95, '17.4470736', '78.3854987', 'Image+Gardens+Rd', '2014-11-17 06:14:45'),
(963, 96, '17.4340416', '78.406064', 'Unable+to+Track+position', '2014-11-17 06:15:04'),
(964, 95, '17.4470736', '78.3854987', 'Distributor Location', '2014-11-17 06:16:28'),
(965, 7, '17.4469564', '78.3853948', 'Image+Gardens+Rd', '2014-11-17 06:16:59'),
(966, 95, '17.4472003', '78.3853858', 'Image+Gardens+Rd', '2014-11-17 06:18:45'),
(967, 7, '17.4471219', '78.3854388', 'Image+Gardens+Rd', '2014-11-17 06:26:58'),
(968, 7, '17.447153', '78.3854433', 'Unable+to+Track+position', '2014-11-17 06:37:01'),
(969, 7, '17.4471284', '78.3854464', 'Image+Gardens+Rd', '2014-11-17 07:09:25'),
(970, 7, '17.4471276', '78.3854413', 'Image+Gardens+Rd', '2014-11-17 07:09:45'),
(971, 7, '17.4470995', '78.3854389', 'Image+Gardens+Rd', '2014-11-17 07:09:49'),
(972, 7, '17.4470954', '78.3854414', 'Unable+to+Track+position', '2014-11-17 07:28:43'),
(973, 7, '17.4470594', '78.3854464', 'Image+Gardens+Rd', '2014-11-17 07:28:43'),
(974, 7, '17.4471673', '78.3854433', 'Unable+to+Track+position', '2014-11-17 07:37:01'),
(975, 7, '17.4471208', '78.3854231', 'Unable+to+Track+position', '2014-11-17 07:47:01'),
(976, 7, '17.4471272', '78.3854516', 'Image+Gardens+Rd', '2014-11-17 07:56:57'),
(977, 7, '17.4471286', '78.3854199', 'Image+Gardens+Rd', '2014-11-17 08:06:57'),
(978, 7, '17.4471459', '78.3854289', 'Image+Gardens+Rd', '2014-11-17 08:16:57'),
(979, 7, '17.4471631', '78.3854458', 'Unable+to+Track+position', '2014-11-17 08:27:01'),
(980, 7, '17.4471526', '78.3854422', 'Image+Gardens+Rd', '2014-11-17 08:36:57'),
(981, 7, '17.4471625', '78.3854334', 'Unable+to+Track+position', '2014-11-17 08:47:01'),
(982, 7, '17.4471522', '78.3854421', 'Unable+to+Track+position', '2014-11-17 08:57:01'),
(983, 7, '17.4471542', '78.3854488', 'Image+Gardens+Rd', '2014-11-17 09:06:57'),
(984, 7, '17.4471594', '78.3854488', 'Unable+to+Track+position', '2014-11-17 09:17:01'),
(985, 7, '17.4471599', '78.3854406', 'Image+Gardens+Rd', '2014-11-17 09:26:57'),
(986, 7, '17.4471523', '78.385445', 'Unable+to+Track+position', '2014-11-17 09:37:01'),
(987, 7, '17.4471629', '78.3854598', 'Image+Gardens+Rd', '2014-11-17 09:56:57'),
(988, 7, '17.4471461', '78.3854612', 'Image+Gardens+Rd', '2014-11-17 10:06:57'),
(989, 7, '17.4471548', '78.3854558', 'Unable+to+Track+position', '2014-11-17 10:17:01'),
(990, 7, '17.4471712', '78.385449', 'Image+Gardens+Rd', '2014-11-17 10:26:57'),
(991, 7, '17.4471535', '78.3854671', 'Unable+to+Track+position', '2014-11-17 10:37:01'),
(992, 7, '17.4471065', '78.3854678', 'Unable+to+Track+position', '2014-11-17 10:47:01'),
(993, 7, '17.4471688', '78.3854465', 'Image+Gardens+Rd', '2014-11-17 10:56:57'),
(994, 7, '17.4471578', '78.3854453', 'Image+Gardens+Rd', '2014-11-17 11:06:57'),
(995, 7, '17.4471672', '78.3854648', 'Unable+to+Track+position', '2014-11-17 11:17:01'),
(996, 7, '17.4471204', '78.3854451', 'Unable+to+Track+position', '2014-11-17 11:27:01'),
(997, 7, '17.4471553', '78.3854427', 'Unable+to+Track+position', '2014-11-17 11:37:01'),
(998, 7, '17.4471127', '78.3854517', 'Unable+to+Track+position', '2014-11-17 11:47:01'),
(999, 7, '17.4471486', '78.3854437', 'Image+Gardens+Rd', '2014-11-17 11:56:56'),
(1000, 7, '17.4471112', '78.3854581', 'Unable+to+Track+position', '2014-11-17 12:07:01'),
(1001, 7, '17.4471411', '78.3854546', 'Unable+to+Track+position', '2014-11-17 12:17:01'),
(1002, 7, '17.4471467', '78.3854659', 'Unable+to+Track+position', '2014-11-17 12:27:01'),
(1003, 7, '17.4471379', '78.3854553', 'Image+Gardens+Rd', '2014-11-17 12:36:56'),
(1004, 7, '17.4471541', '78.3854595', 'Image+Gardens+Rd', '2014-11-17 12:46:57'),
(1005, 7, '17.4471342', '78.385458', 'Image+Gardens+Rd', '2014-11-17 12:56:57'),
(1006, 7, '17.4471626', '78.385463', 'Unable+to+Track+position', '2014-11-17 13:07:01'),
(1007, 7, '17.447165', '78.3854544', 'Unable+to+Track+position', '2014-11-17 13:17:01'),
(1008, 7, '17.447164', '78.3854753', 'Image+Gardens+Rd', '2014-11-17 13:26:56'),
(1009, 7, '17.4471592', '78.3854522', 'Unable+to+Track+position', '2014-11-17 13:37:01'),
(1010, 7, '17.4471567', '78.3854466', 'Unable+to+Track+position', '2014-11-17 13:47:01'),
(1011, 7, '17.4471685', '78.3854448', 'Image+Gardens+Rd', '2014-11-17 13:56:56'),
(1012, 7, '17.4471398', '78.3854635', 'Image+Gardens+Rd', '2014-11-17 14:06:56'),
(1013, 7, '17.4471208', '78.3854656', 'Unable+to+Track+position', '2014-11-17 14:17:00'),
(1014, 7, '17.4471552', '78.3854689', 'Image+Gardens+Rd', '2014-11-17 14:26:56'),
(1015, 7, '17.4471586', '78.3854473', 'Unable+to+Track+position', '2014-11-17 14:37:00'),
(1016, 7, '17.4471633', '78.3854704', 'Image+Gardens+Rd', '2014-11-17 14:46:56'),
(1017, 7, '17.4471421', '78.3854575', 'Image+Gardens+Rd', '2014-11-17 14:56:57'),
(1018, 7, '17.4471632', '78.3854779', 'Unable+to+Track+position', '2014-11-17 15:07:01'),
(1019, 7, '17.4471561', '78.3854475', 'Image+Gardens+Rd', '2014-11-17 15:16:57'),
(1020, 7, '17.4471672', '78.3854807', 'Unable+to+Track+position', '2014-11-17 15:27:01'),
(1021, 7, '17.4471637', '78.3854762', 'Unable+to+Track+position', '2014-11-17 15:37:00'),
(1022, 7, '17.447141', '78.3854611', 'Image+Gardens+Rd', '2014-11-17 15:46:56'),
(1023, 7, '17.4471621', '78.3854692', 'Image+Gardens+Rd', '2014-11-17 15:56:56'),
(1024, 7, '17.4471207', '78.3854584', 'Image+Gardens+Rd', '2014-11-17 16:06:56'),
(1025, 7, '17.4471551', '78.3854607', 'Image+Gardens+Rd', '2014-11-17 16:16:56'),
(1026, 7, '17.4471475', '78.385437', 'Image+Gardens+Rd', '2014-11-17 16:26:56'),
(1027, 7, '17.4471601', '78.3854467', 'Unable+to+Track+position', '2014-11-17 16:37:00'),
(1028, 7, '17.4471275', '78.3854585', 'Image+Gardens+Rd', '2014-11-17 16:46:56'),
(1029, 7, '17.4471421', '78.3854613', 'Image+Gardens+Rd', '2014-11-17 16:56:56'),
(1030, 7, '17.4471366', '78.3854538', 'Unable+to+Track+position', '2014-11-17 17:07:00'),
(1031, 7, '17.4471443', '78.3854569', 'Unable+to+Track+position', '2014-11-17 17:17:00'),
(1032, 7, '17.4471523', '78.3854411', 'Image+Gardens+Rd', '2014-11-17 17:26:56'),
(1033, 7, '17.4471631', '78.3854439', 'Unable+to+Track+position', '2014-11-17 17:37:00'),
(1034, 7, '17.4471583', '78.3854467', 'Unable+to+Track+position', '2014-11-17 17:47:00'),
(1035, 7, '17.4471238', '78.3854538', 'Image+Gardens+Rd', '2014-11-17 17:56:56'),
(1036, 7, '17.4471444', '78.3854587', 'Unable+to+Track+position', '2014-11-17 18:07:00'),
(1037, 7, '17.4471445', '78.3854535', 'Unable+to+Track+position', '2014-11-17 18:17:00'),
(1038, 7, '17.4471604', '78.3854486', 'Image+Gardens+Rd', '2014-11-17 18:26:56'),
(1039, 95, '17.4470949', '78.3856054', 'Image+Gardens+Rd', '2014-11-17 22:44:55'),
(1040, 95, '17.4469269', '78.3853694', '20%2621', '2014-11-17 22:53:22'),
(1041, 95, '17.4469133', '78.3853606', 'Distributor Location', '2014-11-17 22:54:24'),
(1042, 96, '0.0', '0.0', 'Unable+to+Track+position', '2014-11-17 22:59:44'),
(1043, 95, '17.4513514', '78.3854947', 'Distributor Location', '2014-11-17 23:02:57'),
(1044, 96, '17.4462632', '78.3867709', 'Unable+to+Track+position', '2014-11-17 23:03:03'),
(1045, 95, '17.4515507', '78.3855637', 'Image+Gardens+Rd', '2014-11-17 23:05:07'),
(1046, 95, '17.4530788', '78.383827', 'Distributor Location', '2014-11-17 23:07:12'),
(1047, 96, '17.4457983', '78.3842445', 'Unable+to+Track+position', '2014-11-17 23:13:09'),
(1048, 95, '17.4631033', '78.3757913', '33%2C34', '2014-11-17 23:15:02'),
(1049, 95, '17.4556993', '78.3776577', '6', '2014-11-17 23:17:57'),
(1050, 96, '17.4472625', '78.3872396', 'Unable+to+Track+position', '2014-11-17 23:23:04'),
(1051, 95, '17.4522627', '78.3879747', '100+Feet+Rd', '2014-11-17 23:25:10'),
(1052, 95, '17.4514686', '78.3914568', 'Distributor Location', '2014-11-17 23:28:24'),
(1053, 96, '17.4457983', '78.3842445', '20%2621', '2014-11-17 23:33:01'),
(1054, 95, '17.450824', '78.3856025', 'Image+Gardens+Rd', '2014-11-17 23:35:00'),
(1055, 96, '17.4393809', '78.3965339', 'Unable+to+Track+position', '2014-11-17 23:43:05'),
(1056, 96, '17.4393809', '78.3965339', 'Distributor Location', '2014-11-17 23:43:46'),
(1057, 95, '17.4469577', '78.3853513', '20%2621', '2014-11-17 23:44:59'),
(1058, 96, '17.4310789', '78.4085403', 'Unable+to+Track+position', '2014-11-17 23:53:03'),
(1059, 96, '17.4310789', '78.4085403', 'Distributor Location', '2014-11-17 23:54:28'),
(1060, 95, '17.4472073', '78.3854495', 'Image+Gardens+Rd', '2014-11-17 23:55:15'),
(1061, 96, '17.4283836', '78.4146437', '220', '2014-11-18 00:03:00'),
(1062, 95, '17.4470412', '78.3854203', 'Image+Gardens+Rd', '2014-11-18 00:05:04'),
(1063, 96, '17.4283836', '78.4146437', 'Distributor Location', '2014-11-18 00:05:45'),
(1064, 96, '17.4283836', '78.4146437', 'Unable+to+Track+position', '2014-11-18 00:13:02'),
(1065, 95, '17.4469245', '78.3853407', '20%2621', '2014-11-18 00:14:59'),
(1066, 95, '17.4471029', '78.3853919', 'Image+Gardens+Rd', '2014-11-18 00:25:02'),
(1067, 95, '17.4469321', '78.3853652', '20%2621', '2014-11-18 01:04:40'),
(1068, 104, '17.4470434', '78.3854343', 'Image+Gardens+Rd', '2014-11-18 02:37:59'),
(1069, 104, '17.4471361', '78.385432', 'Distributor Location', '2014-11-18 02:45:56'),
(1070, 104, '17.4469408', '78.385365', '20%2621', '2014-11-18 02:48:21'),
(1071, 104, '17.4469389', '78.3854862', 'Distributor Location', '2014-11-18 02:49:42'),
(1072, 104, '17.445376', '78.3858774', 'Distributor Location', '2014-11-18 02:58:02'),
(1073, 104, '17.4453027', '78.3859102', '1-90%2F2%2F6', '2014-11-18 02:58:11'),
(1074, 104, '17.4453338', '78.3859297', 'Distributor Location', '2014-11-18 03:00:45'),
(1075, 104, '17.4414832', '78.3912543', 'Distributor Location', '2014-11-18 03:04:53'),
(1076, 104, '17.4414681', '78.3913214', 'Distributor Location', '2014-11-18 03:06:24'),
(1077, 104, '17.4418552', '78.3916186', '294%2C+Ayyappa+Society+Main+Rd', '2014-11-18 03:08:34'),
(1078, 104, '17.451547', '78.3909598', 'Distributor Location', '2014-11-18 03:12:27'),
(1079, 104, '17.4515108', '78.3911303', 'Distributor Location', '2014-11-18 03:13:43'),
(1080, 104, '17.4510496', '78.385601', 'Distributor Location', '2014-11-18 03:17:20'),
(1081, 104, '17.4510667', '78.3855567', 'Image+Gardens+Rd', '2014-11-18 03:18:24'),
(1082, 104, '17.4510667', '78.3855567', 'Distributor Location', '2014-11-18 03:19:43'),
(1083, 104, '17.452155', '78.3807514', 'Distributor Location', '2014-11-18 03:27:01'),
(1084, 104, '17.4504238', '78.3820123', '31', '2014-11-18 03:28:04'),
(1085, 104, '17.4515684', '78.3809209', 'Distributor Location', '2014-11-18 03:28:13'),
(1086, 105, '0.0', '0.0', 'Unable+to+Track+position', '2014-11-18 03:29:37'),
(1087, 105, '17.4446024', '78.3869189', 'Distributor Location', '2014-11-18 03:32:17'),
(1088, 104, '17.4411017', '78.3773408', 'Distributor Location', '2014-11-18 03:32:48'),
(1089, 105, '17.4446024', '78.3869189', 'Distributor Location', '2014-11-18 03:34:40'),
(1090, 104, '17.441022', '78.3774126', 'Distributor Location', '2014-11-18 03:34:52'),
(1091, 104, '17.436067', '78.3822969', 'Unable+to+Track+position', '2014-11-18 03:38:28'),
(1092, 105, '17.4439226', '78.3870915', '1-90%2F2%2F6', '2014-11-18 03:39:37'),
(1093, 104, '17.4354306', '78.3832168', 'Distributor Location', '2014-11-18 03:40:44'),
(1094, 105, '17.4439226', '78.3870915', 'Distributor Location', '2014-11-18 03:42:05'),
(1095, 104, '17.4350088', '78.384287', 'Distributor Location', '2014-11-18 03:42:55'),
(1096, 105, '17.4439226', '78.3870915', 'Distributor Location', '2014-11-18 03:43:24'),
(1097, 104, '17.4338707', '78.3860339', 'Distributor Location', '2014-11-18 03:45:47'),
(1098, 104, '17.4339835', '78.3857605', 'Distributor Location', '2014-11-18 03:48:08'),
(1099, 104, '17.4338926', '78.3859672', 'Inorbit+Mall+Rd', '2014-11-18 03:48:09'),
(1100, 105, '17.4418956', '78.3911875', 'Distributor Location', '2014-11-18 03:48:28'),
(1101, 105, '17.4398686', '78.3952836', '1-81%2CAndra+Basti%2CGuttalla+Begumpet%2C+Madhapur%2C+Hitech+City+Rd', '2014-11-18 03:49:37'),
(1102, 105, '17.4398686', '78.3952836', 'Distributor Location', '2014-11-18 03:51:01'),
(1103, 105, '17.4379734', '78.3983768', 'Distributor Location', '2014-11-18 03:53:39'),
(1104, 105, '17.4379734', '78.3983768', 'Distributor Location', '2014-11-18 03:55:02'),
(1105, 105, '17.4379734', '78.3983768', 'Distributor Location', '2014-11-18 03:55:23'),
(1106, 104, '17.4418132', '78.3848072', 'Distributor Location', '2014-11-18 03:55:59'),
(1107, 104, '17.4415975', '78.3842338', 'Vittal+Rao+Nagar+Rd', '2014-11-18 03:57:18'),
(1108, 104, '17.4418385', '78.384573', 'Vittal+Rao+Nagar+Rd', '2014-11-18 03:58:17'),
(1109, 104, '17.4417245', '78.3845039', 'Distributor Location', '2014-11-18 03:59:39'),
(1110, 105, '17.4379734', '78.3983768', 'Unable+to+Track+position', '2014-11-18 03:59:53'),
(1111, 104, '17.4454232', '78.3855957', 'Distributor Location', '2014-11-18 04:03:35'),
(1112, 105, '17.4388006', '78.3974137', 'Distributor Location', '2014-11-18 04:04:54'),
(1113, 104, '17.4455101', '78.3855964', 'Distributor Location', '2014-11-18 04:04:59'),
(1114, 105, '17.4388006', '78.3974137', 'Distributor Location', '2014-11-18 04:06:56'),
(1115, 104, '17.4466898', '78.3847789', 'Distributor Location', '2014-11-18 04:08:09'),
(1116, 104, '17.4469085', '78.384554', '20%2621', '2014-11-18 04:08:10'),
(1117, 104, '17.4466732', '78.3848345', 'Distributor Location', '2014-11-18 04:10:28'),
(1118, 105, '17.4389514', '78.3979409', 'Distributor Location', '2014-11-18 04:12:21'),
(1119, 104, '17.4461808', '78.3855176', 'Distributor Location', '2014-11-18 04:15:23'),
(1120, 105, '17.4389514', '78.3979409', 'Distributor Location', '2014-11-18 04:16:09'),
(1121, 104, '17.4463038', '78.3851621', 'Distributor Location', '2014-11-18 04:17:57'),
(1122, 104, '17.446384', '78.3852033', '20%2621', '2014-11-18 04:18:03'),
(1123, 105, '17.445064', '78.3941037', 'Unable+to+Track+position', '2014-11-18 04:19:41'),
(1124, 105, '17.445064', '78.3941037', 'Distributor Location', '2014-11-18 04:20:35'),
(1125, 104, '17.4466514', '78.3853907', 'Distributor Location', '2014-11-18 04:22:03'),
(1126, 105, '17.445064', '78.3941037', 'Distributor Location', '2014-11-18 04:22:09'),
(1127, 104, '17.4465461', '78.3855419', 'Distributor Location', '2014-11-18 04:23:44'),
(1128, 105, '17.445064', '78.3941037', 'Distributor Location', '2014-11-18 04:26:30'),
(1129, 104, '17.4469734', '78.3854374', 'Image+Gardens+Rd', '2014-11-18 04:28:07'),
(1130, 105, '17.445064', '78.3941037', 'Distributor Location', '2014-11-18 04:29:08'),
(1131, 105, '17.445064', '78.3941037', 'Unable+to+Track+position', '2014-11-18 04:29:41'),
(1132, 7, '17.4471122', '78.3854462', 'Image+Gardens+Rd', '2014-11-18 04:30:47'),
(1133, 105, '17.4511642', '78.3926092', 'Distributor Location', '2014-11-18 04:35:47'),
(1134, 105, '17.4511642', '78.3926092', 'Distributor Location', '2014-11-18 04:37:26'),
(1135, 104, '17.4471055', '78.3853911', 'Unable+to+Track+position', '2014-11-18 04:38:28'),
(1136, 105, '17.4511642', '78.3926092', 'Unable+to+Track+position', '2014-11-18 04:39:44'),
(1137, 7, '17.4471205', '78.385448', 'Image+Gardens+Rd', '2014-11-18 04:40:35'),
(1138, 105, '17.4500961', '78.3916811', 'Distributor Location', '2014-11-18 04:40:41'),
(1139, 105, '17.4511642', '78.3926092', 'Distributor Location', '2014-11-18 04:42:02'),
(1140, 104, '17.4469288', '78.3853895', 'Image+Gardens+Rd', '2014-11-18 04:42:41'),
(1141, 105, '17.4555635', '78.3831417', 'Distributor Location', '2014-11-18 04:46:09'),
(1142, 104, '17.4469214', '78.3854077', 'Image+Gardens+Rd', '2014-11-18 04:48:08'),
(1143, 105, '17.4526051', '78.3830342', 'Distributor Location', '2014-11-18 04:48:41'),
(1144, 105, '17.4555635', '78.3831417', 'Unable+to+Track+position', '2014-11-18 04:49:49'),
(1145, 7, '17.4471323', '78.385459', 'Image+Gardens+Rd', '2014-11-18 04:51:20'),
(1146, 105, '17.4535912', '78.38307', 'Distributor Location', '2014-11-18 04:53:13'),
(1147, 105, '17.4490555', '78.3877526', 'Jai+Hind+Enclave+Rd', '2014-11-18 04:59:39'),
(1148, 105, '17.4506419', '78.3852741', 'Distributor Location', '2014-11-18 05:02:27'),
(1149, 105, '17.4473069', '78.384928', 'Distributor Location', '2014-11-18 05:05:10'),
(1150, 105, '17.445141', '78.3867069', 'Distributor Location', '2014-11-18 05:07:20'),
(1151, 105, '17.4446024', '78.3869189', 'Unable+to+Track+position', '2014-11-18 05:09:46'),
(1152, 7, '17.4470974', '78.3854312', 'Unable+to+Track+position', '2014-11-18 06:16:48'),
(1153, 7, '17.4471115', '78.3854339', 'Image+Gardens+Rd', '2014-11-18 06:16:50'),
(1154, 7, '17.4469348', '78.3853626', '20%2621', '2014-11-18 06:16:52'),
(1155, 7, '17.4469703', '78.3853758', 'Image+Gardens+Rd', '2014-11-18 06:16:53'),
(1156, 7, '17.4469018', '78.3853564', '20%2621', '2014-11-18 06:17:04'),
(1157, 7, '17.4471222', '78.3854473', 'Image+Gardens+Rd', '2014-11-18 06:17:04'),
(1158, 7, '17.4471039', '78.3854407', 'Image+Gardens+Rd', '2014-11-18 06:17:05'),
(1159, 7, '17.4471264', '78.3854551', 'Unable+to+Track+position', '2014-11-18 06:20:38'),
(1160, 7, '17.4471282', '78.3854482', 'Unable+to+Track+position', '2014-11-18 06:30:40'),
(1161, 7, '17.4469479', '78.385404', 'Unable+to+Track+position', '2014-11-18 06:40:38'),
(1162, 7, '17.4471322', '78.385448', 'Unable+to+Track+position', '2014-11-18 06:50:38'),
(1163, 7, '17.4470659', '78.3854794', 'Image+Gardens+Rd', '2014-11-18 07:00:34'),
(1164, 7, '17.4471211', '78.3854469', 'Image+Gardens+Rd', '2014-11-18 07:03:54'),
(1165, 7, '17.4471033', '78.3854331', 'Distributor Location', '2014-11-18 07:06:57'),
(1166, 7, '17.4470622', '78.3854626', 'Image+Gardens+Rd', '2014-11-18 07:13:53'),
(1167, 105, '17.4446024', '78.3869189', 'Unable+to+Track+position', '2014-11-18 07:16:39'),
(1168, 7, '17.447123', '78.3854408', 'Unable+to+Track+position', '2014-11-18 07:23:57'),
(1169, 105, '17.4446024', '78.3869189', 'Unable+to+Track+position', '2014-11-18 07:26:53'),
(1170, 7, '17.4471149', '78.385464', 'Image+Gardens+Rd', '2014-11-18 07:33:53'),
(1171, 105, '17.4446024', '78.3869189', 'Unable+to+Track+position', '2014-11-18 07:36:47'),
(1172, 7, '17.4470806', '78.3854572', 'Unable+to+Track+position', '2014-11-18 07:43:58'),
(1173, 7, '17.4470694', '78.3854292', 'Image+Gardens+Rd', '2014-11-18 07:53:53'),
(1174, 7, '17.44707', '78.3854429', 'Image+Gardens+Rd', '2014-11-18 08:03:54'),
(1175, 7, '17.4470689', '78.3854492', 'Unable+to+Track+position', '2014-11-18 08:13:58'),
(1176, 7, '17.4470754', '78.3854475', 'Unable+to+Track+position', '2014-11-18 08:23:58'),
(1177, 7, '17.447081', '78.385444', 'Image+Gardens+Rd', '2014-11-18 08:33:53'),
(1178, 7, '17.4469056', '78.3854043', 'Unable+to+Track+position', '2014-11-18 08:43:57'),
(1179, 7, '17.4470908', '78.3854452', 'Unable+to+Track+position', '2014-11-18 08:53:57'),
(1180, 7, '17.4470895', '78.3854314', 'Image+Gardens+Rd', '2014-11-18 09:03:53'),
(1181, 7, '17.4471088', '78.3854262', 'Unable+to+Track+position', '2014-11-18 09:13:57'),
(1182, 7, '17.4471171', '78.3854241', 'Unable+to+Track+position', '2014-11-18 09:23:57'),
(1183, 7, '17.4470917', '78.3854254', 'Image+Gardens+Rd', '2014-11-18 09:33:53'),
(1184, 7, '17.4470913', '78.3854337', 'Unable+to+Track+position', '2014-11-18 09:43:57'),
(1185, 7, '17.4470998', '78.3854279', 'Unable+to+Track+position', '2014-11-18 09:53:57'),
(1186, 7, '17.447108', '78.3854319', 'Image+Gardens+Rd', '2014-11-18 10:03:53'),
(1187, 7, '17.4470947', '78.3854309', 'Unable+to+Track+position', '2014-11-18 10:13:57'),
(1188, 7, '17.4470849', '78.3854339', 'Unable+to+Track+position', '2014-11-18 10:23:57'),
(1189, 7, '17.4470792', '78.3854334', 'Image+Gardens+Rd', '2014-11-18 10:33:53'),
(1190, 7, '17.4471036', '78.3854355', 'Unable+to+Track+position', '2014-11-18 10:43:57'),
(1191, 7, '17.4470828', '78.3854245', 'Image+Gardens+Rd', '2014-11-18 10:53:53'),
(1192, 7, '17.447066', '78.3854373', 'Image+Gardens+Rd', '2014-11-18 11:03:53'),
(1193, 7, '17.4470752', '78.385425', 'Unable+to+Track+position', '2014-11-18 11:13:57'),
(1194, 7, '17.4471004', '78.3854182', 'Unable+to+Track+position', '2014-11-18 11:23:57');
INSERT INTO `runner_visitted_location_details` (`runner_visitted_location_id`, `user_id`, `lattitude`, `longitude`, `location`, `date_time`) VALUES
(1195, 7, '17.4470938', '78.3854277', 'Image+Gardens+Rd', '2014-11-18 11:33:53'),
(1196, 7, '17.4471074', '78.3854329', 'Unable+to+Track+position', '2014-11-18 11:43:57'),
(1197, 104, '17.470536', '78.3564924', '500084', '2014-11-18 11:48:54'),
(1198, 7, '17.4471004', '78.3854182', 'Unable+to+Track+position', '2014-11-18 11:53:57'),
(1199, 104, '17.4705313', '78.3565622', '500084', '2014-11-18 11:58:23'),
(1200, 7, '17.4470816', '78.3854318', 'Image+Gardens+Rd', '2014-11-18 12:03:53'),
(1201, 104, '17.4705314', '78.3565583', '500084', '2014-11-18 12:08:01'),
(1202, 7, '17.4470935', '78.3854299', 'Unable+to+Track+position', '2014-11-18 12:13:57'),
(1203, 104, '17.4705157', '78.3565482', '500084', '2014-11-18 12:18:14'),
(1204, 7, '17.4470517', '78.3854497', 'Unable+to+Track+position', '2014-11-18 12:23:57'),
(1205, 104, '17.4705446', '78.3565623', '500084', '2014-11-18 12:28:05'),
(1206, 7, '17.4470744', '78.3854425', 'Image+Gardens+Rd', '2014-11-18 12:33:53'),
(1207, 104, '17.4705016', '78.3566631', '500084', '2014-11-18 12:38:31'),
(1208, 7, '17.447114', '78.3854246', 'Image+Gardens+Rd', '2014-11-18 12:43:53'),
(1209, 104, '17.4704918', '78.3565626', '500084', '2014-11-18 12:48:35'),
(1210, 7, '17.4469184', '78.3854161', 'Unable+to+Track+position', '2014-11-18 12:53:57'),
(1211, 104, '17.4705229', '78.3565183', '500084', '2014-11-18 12:58:57'),
(1212, 7, '17.4470547', '78.3854414', 'Image+Gardens+Rd', '2014-11-18 13:03:53'),
(1213, 104, '17.4705253', '78.3564799', '500084', '2014-11-18 13:08:16'),
(1214, 7, '17.4470829', '78.3854229', 'Unable+to+Track+position', '2014-11-18 13:13:57'),
(1215, 104, '17.4705203', '78.3565732', '500084', '2014-11-18 13:18:38'),
(1216, 7, '17.4470967', '78.3854307', 'Image+Gardens+Rd', '2014-11-18 13:23:53'),
(1217, 104, '17.4705089', '78.356509', '500084', '2014-11-18 13:28:00'),
(1218, 7, '17.4470501', '78.3854378', 'Image+Gardens+Rd', '2014-11-18 13:33:53'),
(1219, 104, '17.470527', '78.3565494', '500084', '2014-11-18 13:38:47'),
(1220, 7, '17.4470802', '78.3854364', 'Unable+to+Track+position', '2014-11-18 13:43:57'),
(1221, 104, '17.4705275', '78.3565452', '500084', '2014-11-18 13:48:45'),
(1222, 7, '17.4470603', '78.3854199', 'Unable+to+Track+position', '2014-11-18 13:53:57'),
(1223, 104, '17.4705448', '78.3565374', '500084', '2014-11-18 13:58:05'),
(1224, 7, '17.4470598', '78.3854347', 'Image+Gardens+Rd', '2014-11-18 14:03:53'),
(1225, 104, '17.4705047', '78.3565192', '500084', '2014-11-18 14:08:18'),
(1226, 7, '17.4470455', '78.3854195', 'Unable+to+Track+position', '2014-11-18 14:13:57'),
(1227, 104, '17.4705171', '78.3564905', '500084', '2014-11-18 14:18:18'),
(1228, 7, '17.4470867', '78.3854329', 'Unable+to+Track+position', '2014-11-18 14:23:57'),
(1229, 104, '17.4705024', '78.3564943', '500084', '2014-11-18 14:28:40'),
(1230, 7, '17.4470635', '78.3854384', 'Unable+to+Track+position', '2014-11-18 14:33:57'),
(1231, 104, '17.4705173', '78.3565286', '500084', '2014-11-18 14:38:53'),
(1232, 7, '17.4470631', '78.3854433', 'Unable+to+Track+position', '2014-11-18 14:43:57'),
(1233, 104, '17.4704953', '78.3564831', '500084', '2014-11-18 14:49:18'),
(1234, 7, '17.4470728', '78.3854259', 'Unable+to+Track+position', '2014-11-18 14:53:57'),
(1235, 104, '17.4704962', '78.356489', '500084', '2014-11-18 14:58:00'),
(1236, 7, '17.4470803', '78.3854366', 'Unable+to+Track+position', '2014-11-18 15:03:57'),
(1237, 104, '17.4704965', '78.3565042', '500084', '2014-11-18 15:08:15'),
(1238, 7, '17.4470727', '78.3854256', 'Image+Gardens+Rd', '2014-11-18 15:13:52'),
(1239, 104, '17.4705043', '78.3565123', '500084', '2014-11-18 15:18:07'),
(1240, 7, '17.4470618', '78.3854385', 'Unable+to+Track+position', '2014-11-18 15:23:56'),
(1241, 104, '17.4705042', '78.3564891', '500084', '2014-11-18 15:28:56'),
(1242, 7, '17.4470656', '78.3854209', 'Image+Gardens+Rd', '2014-11-18 15:33:52'),
(1243, 104, '17.4704948', '78.3565059', '500084', '2014-11-18 15:38:00'),
(1244, 7, '17.4471087', '78.3854324', 'Image+Gardens+Rd', '2014-11-18 15:43:52'),
(1245, 104, '17.4705099', '78.3565363', '500084', '2014-11-18 15:48:07'),
(1246, 7, '17.4471005', '78.3854184', 'Unable+to+Track+position', '2014-11-18 15:53:57'),
(1247, 104, '17.4705041', '78.3565226', '500084', '2014-11-18 15:58:28'),
(1248, 7, '17.4470553', '78.3854234', 'Image+Gardens+Rd', '2014-11-18 16:03:52'),
(1249, 104, '17.4705112', '78.3564921', '500084', '2014-11-18 16:08:46'),
(1250, 7, '17.4471004', '78.3854182', 'Unable+to+Track+position', '2014-11-18 16:13:56'),
(1251, 104, '17.470525', '78.3565311', '500084', '2014-11-18 16:19:14'),
(1252, 7, '17.4470565', '78.3854335', 'Unable+to+Track+position', '2014-11-18 16:23:56'),
(1253, 104, '17.4705411', '78.3565282', '500084', '2014-11-18 16:28:18'),
(1254, 7, '17.4470608', '78.385424', 'Image+Gardens+Rd', '2014-11-18 16:33:52'),
(1255, 104, '17.4705003', '78.3565126', '500084', '2014-11-18 16:38:05'),
(1256, 7, '17.4470623', '78.3854225', 'Unable+to+Track+position', '2014-11-18 16:43:56'),
(1257, 104, '17.47052', '78.3565326', '500084', '2014-11-18 16:48:20'),
(1258, 7, '17.4470896', '78.385439', 'Unable+to+Track+position', '2014-11-18 16:53:56'),
(1259, 104, '17.4705403', '78.3565252', '500084', '2014-11-18 16:58:32'),
(1260, 7, '17.4470831', '78.3854422', 'Unable+to+Track+position', '2014-11-18 17:03:56'),
(1261, 104, '17.4705446', '78.3565308', '500084', '2014-11-18 17:08:46'),
(1262, 7, '17.4470538', '78.3854425', 'Unable+to+Track+position', '2014-11-18 17:13:56'),
(1263, 104, '17.4705139', '78.3565211', '500084', '2014-11-18 17:18:02'),
(1264, 7, '17.4470582', '78.3854435', 'Unable+to+Track+position', '2014-11-18 17:23:56'),
(1265, 104, '17.4705228', '78.3565157', '500084', '2014-11-18 17:28:15'),
(1266, 7, '17.4470769', '78.3854389', 'Unable+to+Track+position', '2014-11-18 17:33:56'),
(1267, 104, '17.4705132', '78.3565189', '500084', '2014-11-18 17:38:45'),
(1268, 7, '17.4470602', '78.3854406', 'Unable+to+Track+position', '2014-11-18 17:43:56'),
(1269, 104, '17.4705104', '78.3565427', '500084', '2014-11-18 17:48:31'),
(1270, 7, '17.4470592', '78.3854407', 'Unable+to+Track+position', '2014-11-18 17:53:56'),
(1271, 104, '17.4705121', '78.3565232', '500084', '2014-11-18 17:58:42'),
(1272, 7, '17.4470852', '78.3854405', 'Unable+to+Track+position', '2014-11-18 18:03:56'),
(1273, 104, '17.4705308', '78.3565158', '500084', '2014-11-18 18:08:58'),
(1274, 7, '17.4470772', '78.3854411', 'Unable+to+Track+position', '2014-11-18 18:13:56'),
(1275, 104, '17.4705369', '78.3565218', '500084', '2014-11-18 18:18:40'),
(1276, 7, '17.4470932', '78.3854572', 'Image+Gardens+Rd', '2014-11-18 18:23:52'),
(1277, 104, '17.4704864', '78.3565192', '500084', '2014-11-18 18:28:52'),
(1278, 7, '17.4471586', '78.3854566', 'Unable+to+Track+position', '2014-11-18 22:37:01'),
(1279, 7, '17.4471586', '78.3854566', 'Distributor Location', '2014-11-18 22:47:56'),
(1280, 7, '17.4471586', '78.3854566', 'Unable+to+Track+position', '2014-11-18 22:49:15'),
(1281, 7, '17.4471586', '78.3854566', 'Unable+to+Track+position', '2014-11-18 23:10:31'),
(1282, 7, '17.4471586', '78.3854566', 'Unable+to+Track+position', '2014-11-18 23:10:39'),
(1283, 7, '17.4471586', '78.3854566', 'Unable+to+Track+position', '2014-11-18 23:16:20'),
(1284, 7, '17.4471586', '78.3854566', 'Unable+to+Track+position', '2014-11-18 23:21:01'),
(1285, 7, '17.4471586', '78.3854566', 'Unable+to+Track+position', '2014-11-18 23:26:10'),
(1286, 104, '17.4469202', '78.3853965', 'Image+Gardens+Rd', '2014-11-18 23:39:54'),
(1287, 104, '17.4469135', '78.385326', 'Distributor Location', '2014-11-18 23:46:13'),
(1288, 104, '17.4468277', '78.385265', 'Unable+to+Track+position', '2014-11-18 23:50:24'),
(1289, 104, '17.4453217', '78.3859354', 'Distributor Location', '2014-11-18 23:54:18'),
(1290, 104, '17.4413609', '78.3914418', 'Distributor Location', '2014-11-18 23:59:25'),
(1291, 104, '17.4413595', '78.3913697', '294%2C+Ayyappa+Society+Main+Rd', '2014-11-19 00:00:03'),
(1292, 104, '17.4505917', '78.3915926', 'Distributor Location', '2014-11-19 00:05:22'),
(1293, 104, '17.451019', '78.385651', 'Distributor Location', '2014-11-19 00:09:30'),
(1294, 104, '17.4513167', '78.3856068', 'Unable+to+Track+position', '2014-11-19 00:10:20'),
(1295, 104, '17.450466', '78.3816416', 'Distributor Location', '2014-11-19 00:14:33'),
(1296, 104, '17.4441176', '78.3767609', 'Distributor Location', '2014-11-19 00:19:43'),
(1297, 104, '17.4359477', '78.3821978', 'Inorbit+Mall+Rd', '2014-11-19 00:29:57'),
(1298, 104, '17.436258', '78.3817605', 'Distributor Location', '2014-11-19 00:31:00'),
(1299, 104, '17.4339475', '78.3858797', 'Distributor Location', '2014-11-19 00:34:21'),
(1300, 104, '17.4353639', '78.3851545', '20%2C+Mindspace', '2014-11-19 00:40:54'),
(1301, 104, '17.4416345', '78.3841932', 'Distributor Location', '2014-11-19 00:50:31'),
(1302, 104, '17.4419268', '78.3849307', 'Unable+to+Track+position', '2014-11-19 00:50:32'),
(1303, 104, '17.442168', '78.3848583', 'Distributor Location', '2014-11-19 00:53:55'),
(1304, 104, '17.4453567', '78.3859226', 'Distributor Location', '2014-11-19 00:56:15'),
(1305, 104, '17.4459476', '78.3855303', 'Distributor Location', '2014-11-19 00:58:50'),
(1306, 104, '17.4467623', '78.3855167', 'Image+Gardens+Rd', '2014-11-19 01:00:02'),
(1307, 104, '17.4470371', '78.3856144', 'Distributor Location', '2014-11-19 01:00:52'),
(1308, 104, '17.4470798', '78.3854137', 'Unable+to+Track+position', '2014-11-19 01:10:00'),
(1309, 104, '17.446876', '78.3853538', 'Unable+to+Track+position', '2014-11-19 01:20:00'),
(1310, 104, '17.4468686', '78.3853323', 'Unable+to+Track+position', '2014-11-19 01:30:07'),
(1311, 104, '17.4468942', '78.3854014', 'Unable+to+Track+position', '2014-11-19 01:40:32'),
(1312, 104, '17.4469658', '78.3853741', 'Image+Gardens+Rd', '2014-11-19 01:40:53'),
(1313, 105, '17.4468948', '78.385353', '20%2621', '2014-11-19 01:47:38'),
(1314, 105, '17.4473069', '78.384928', '20%2621', '2014-11-19 01:57:37'),
(1315, 105, '17.4473069', '78.384928', '20%2621', '2014-11-19 02:07:40'),
(1316, 104, '17.4472425', '78.3853835', '20%2621', '2014-11-19 02:10:07'),
(1317, 58, '17.4473069', '78.384928', 'Unable+to+Track+position', '2014-11-19 02:18:52'),
(1318, 104, '17.44757', '78.3864869', 'Image+Gardens+Rd', '2014-11-19 02:20:35'),
(1319, 105, '17.4462182', '78.3862831', 'Unable+to+Track+position', '2014-11-19 02:24:23'),
(1320, 104, '17.4471914', '78.3856214', 'Image+Gardens+Rd', '2014-11-19 02:26:06'),
(1321, 105, '17.4446024', '78.3869189', 'Distributor Location', '2014-11-19 02:28:38'),
(1322, 105, '17.4446024', '78.3869189', 'Unable+to+Track+position', '2014-11-19 02:29:05'),
(1323, 104, '17.4472308', '78.3853522', '20%2621', '2014-11-19 02:30:02'),
(1324, 105, '17.4439226', '78.3870915', 'Distributor Location', '2014-11-19 02:32:31'),
(1325, 105, '17.4439226', '78.3870915', 'Unable+to+Track+position', '2014-11-19 02:34:04'),
(1326, 105, '17.4398686', '78.3952836', 'Distributor Location', '2014-11-19 02:36:51'),
(1327, 105, '17.438921', '78.3968302', 'Distributor Location', '2014-11-19 02:40:05'),
(1328, 105, '17.4379734', '78.3983768', 'Unable+to+Track+position', '2014-11-19 02:44:15'),
(1329, 105, '17.4388006', '78.3974137', 'Distributor Location', '2014-11-19 02:50:51'),
(1330, 105, '17.4389514', '78.3979409', 'Distributor Location', '2014-11-19 02:56:31'),
(1331, 105, '17.4389514', '78.3979409', 'Unable+to+Track+position', '2014-11-19 02:59:16'),
(1332, 105, '17.4389514', '78.3979409', 'Unable+to+Track+position', '2014-11-19 03:04:00'),
(1333, 105, '17.4401053', '78.3933706', 'Distributor Location', '2014-11-19 03:11:03'),
(1334, 105, '17.4401053', '78.3933706', 'Unable+to+Track+position', '2014-11-19 03:14:41'),
(1335, 105, '17.445064', '78.3941037', 'Distributor Location', '2014-11-19 03:15:58'),
(1336, 105, '17.4494444', '78.3936212', 'Distributor Location', '2014-11-19 03:19:32'),
(1337, 105, '17.4511642', '78.3926092', 'Unable+to+Track+position', '2014-11-19 03:24:02'),
(1338, 105, '17.4511642', '78.3926092', 'Distributor Location', '2014-11-19 03:26:33'),
(1339, 104, '17.4469083', '78.3853012', '20%2621', '2014-11-19 03:30:18'),
(1340, 104, '17.4469756', '78.3853257', '20%2621', '2014-11-19 03:30:24'),
(1341, 105, '17.4555635', '78.3831417', 'Unable+to+Track+position', '2014-11-19 03:36:10'),
(1342, 105, '17.4555635', '78.3831417', 'Distributor Location', '2014-11-19 03:40:28'),
(1343, 104, '17.4470834', '78.3853436', 'Image+Gardens+Rd', '2014-11-19 03:40:33'),
(1344, 105, '17.4490555', '78.3877526', 'Distributor Location', '2014-11-19 03:45:53'),
(1345, 105, '17.4490555', '78.3877526', 'Unable+to+Track+position', '2014-11-19 03:46:00'),
(1346, 105, '17.4473069', '78.384928', 'Unable+to+Track+position', '2014-11-19 03:47:38'),
(1347, 105, '17.4473069', '78.384928', 'Distributor Location', '2014-11-19 03:50:02'),
(1348, 104, '17.4469392', '78.3853954', 'Unable+to+Track+position', '2014-11-19 04:10:18'),
(1349, 31, '0.0', '0.0', 'Unable+to+Track+position', '2014-11-19 04:17:30'),
(1350, 104, '17.4469301', '78.3853942', 'Image+Gardens+Rd', '2014-11-19 04:20:10'),
(1351, 104, '17.4472526', '78.3854306', 'Unable+to+Track+position', '2014-11-19 04:30:41'),
(1352, 31, '0.0', '0.0', 'Unable+to+Track+position', '2014-11-19 04:37:35'),
(1353, 31, '0.0', '0.0', 'Unable+to+Track+position', '2014-11-19 04:47:35'),
(1354, 104, '17.4469365', '78.3853806', 'Image+Gardens+Rd', '2014-11-19 04:50:26'),
(1355, 104, '17.4469423', '78.385399', 'Distributor Location', '2014-11-19 04:53:47'),
(1356, 7, '17.4471114', '78.3854512', 'Image+Gardens+Rd', '2014-11-19 04:54:00'),
(1357, 7, '17.4471056', '78.3854532', 'Distributor Location', '2014-11-19 04:56:29'),
(1358, 31, '0.0', '0.0', 'Unable+to+Track+position', '2014-11-19 04:57:30'),
(1359, 7, '17.44714', '78.3854692', 'Image+Gardens+Rd', '2014-11-19 05:04:00'),
(1360, 31, '0.0', '0.0', 'Unable+to+Track+position', '2014-11-19 05:07:35'),
(1361, 58, '17.4470989', '78.3871044', 'Unable+to+Track+position', '2014-11-19 05:09:11'),
(1362, 58, '17.4472375', '78.3856534', 'Distributor Location', '2014-11-19 05:11:12'),
(1363, 104, '17.4473082', '78.3855102', 'Distributor Location', '2014-11-19 05:12:14'),
(1364, 104, '17.4452903', '78.3859416', '1-90%2F2%2F6', '2014-11-19 05:13:43'),
(1365, 7, '17.4469146', '78.3854118', 'Unable+to+Track+position', '2014-11-19 05:14:04'),
(1366, 104, '17.4414507', '78.3912672', 'Distributor Location', '2014-11-19 05:16:55'),
(1367, 31, '0.0', '0.0', 'Unable+to+Track+position', '2014-11-19 05:17:35'),
(1368, 58, '17.4446024', '78.3869189', 'Distributor Location', '2014-11-19 05:18:58'),
(1369, 58, '17.4450233', '78.3865625', 'Unable+to+Track+position', '2014-11-19 05:19:17'),
(1370, 104, '17.4516332', '78.3907851', '60+Feet+Rd', '2014-11-19 05:23:55'),
(1371, 7, '17.4471096', '78.3854633', 'Image+Gardens+Rd', '2014-11-19 05:24:01'),
(1372, 31, '0.0', '0.0', 'Unable+to+Track+position', '2014-11-19 05:27:56'),
(1373, 104, '17.4516332', '78.3907851', 'Distributor Location', '2014-11-19 05:28:17'),
(1374, 58, '17.4473069', '78.384928', 'Unable+to+Track+position', '2014-11-19 05:29:08'),
(1375, 58, '17.4473069', '78.384928', 'Distributor Location', '2014-11-19 05:29:54'),
(1376, 104, '17.4516317', '78.3914821', '313%2C+Ayyappa+Society+Main+Rd', '2014-11-19 05:33:41'),
(1377, 7, '17.4471547', '78.3854634', 'Image+Gardens+Rd', '2014-11-19 05:34:01'),
(1378, 58, '17.4490555', '78.3877526', 'Distributor Location', '2014-11-19 05:36:37'),
(1379, 31, '0.0', '0.0', 'Unable+to+Track+position', '2014-11-19 05:37:30'),
(1380, 104, '17.450952', '78.3855734', 'Distributor Location', '2014-11-19 05:38:56'),
(1381, 58, '17.4555635', '78.3831417', 'Unable+to+Track+position', '2014-11-19 05:39:15'),
(1382, 104, '17.450952', '78.3855734', 'Distributor Location', '2014-11-19 05:40:09'),
(1383, 7, '17.4469222', '78.3854012', 'Unable+to+Track+position', '2014-11-19 05:44:04'),
(1384, 31, '0.0', '0.0', 'Unable+to+Track+position', '2014-11-19 05:47:35'),
(1385, 104, '17.4522029', '78.3809719', 'Distributor Location', '2014-11-19 05:47:47'),
(1386, 104, '17.4431568', '78.3771534', 'Distributor Location', '2014-11-19 05:52:40'),
(1387, 104, '17.4393857', '78.3780584', 'Unable+to+Track+position', '2014-11-19 05:54:03'),
(1388, 7, '17.4470786', '78.3854376', 'Unable+to+Track+position', '2014-11-19 05:54:16'),
(1389, 104, '17.435325', '78.3832903', 'Distributor Location', '2014-11-19 05:56:50'),
(1390, 31, '0.0', '0.0', 'Unable+to+Track+position', '2014-11-19 05:57:36'),
(1391, 104, '17.4353639', '78.3851545', 'Distributor Location', '2014-11-19 06:02:38'),
(1392, 7, '17.4469496', '78.3853778', 'Unable+to+Track+position', '2014-11-19 06:04:10'),
(1393, 31, '0.0', '0.0', 'Unable+to+Track+position', '2014-11-19 06:07:35'),
(1394, 104, '17.4442422', '78.3848588', 'Vittal+Rao+Nagar+Rd', '2014-11-19 06:13:31'),
(1395, 7, '17.4469546', '78.3853843', 'Distributor Location', '2014-11-19 06:14:21'),
(1396, 7, '17.4446024', '78.3869189', 'Unable+to+Track+position', '2014-11-19 06:14:23'),
(1397, 7, '17.4446024', '78.3869189', 'Distributor Location', '2014-11-19 06:16:02'),
(1398, 31, '0.0', '0.0', 'Unable+to+Track+position', '2014-11-19 06:17:35'),
(1399, 7, '17.4446024', '78.3869189', 'Distributor Location', '2014-11-19 06:18:43'),
(1400, 104, '17.4468923', '78.3853951', 'Image+Gardens+Rd', '2014-11-19 06:23:30'),
(1401, 7, '17.4446024', '78.3869189', 'Unable+to+Track+position', '2014-11-19 06:24:05'),
(1402, 104, '17.4469348', '78.3855137', 'Image+Gardens+Rd', '2014-11-19 06:28:14'),
(1403, 104, '17.4469476', '78.3855459', 'Image+Gardens+Rd', '2014-11-19 06:34:40'),
(1404, 8, '17.4473069', '78.384928', '20%2621', '2014-11-19 06:42:42'),
(1405, 104, '17.4469383', '78.3855299', 'Image+Gardens+Rd', '2014-11-19 06:45:04'),
(1406, 8, '17.4446024', '78.3869189', 'Distributor Location', '2014-11-19 06:47:29'),
(1407, 8, '17.4446024', '78.3869189', 'Distributor Location', '2014-11-19 06:52:34'),
(1408, 8, '17.4473069', '78.384928', 'Unable+to+Track+position', '2014-11-19 06:52:45'),
(1409, 104, '17.4469531', '78.3855498', 'Image+Gardens+Rd', '2014-11-19 06:53:33'),
(1410, 8, '17.4473069', '78.384928', 'Unable+to+Track+position', '2014-11-19 07:02:46'),
(1411, 104, '17.4470003', '78.3855006', 'Unable+to+Track+position', '2014-11-19 07:03:49'),
(1412, 8, '17.4473069', '78.384928', 'Distributor Location', '2014-11-19 07:04:35'),
(1413, 8, '17.4473069', '78.384928', 'Distributor Location', '2014-11-19 07:06:16'),
(1414, 8, '17.4462182', '78.3862831', 'Distributor Location', '2014-11-19 07:11:09'),
(1415, 104, '17.4470132', '78.3855277', 'Unable+to+Track+position', '2014-11-19 07:14:05'),
(1416, 104, '17.446931', '78.3853317', 'Unable+to+Track+position', '2014-11-19 07:24:10'),
(1417, 104, '17.4469648', '78.3853423', '20%2621', '2014-11-19 07:33:22'),
(1418, 104, '17.4469648', '78.3853423', 'Unable+to+Track+position', '2014-11-19 07:33:56'),
(1419, 104, '17.4705784', '78.3565548', '500084', '2014-11-19 11:53:58'),
(1420, 104, '17.4707894', '78.3568187', '500084', '2014-11-19 14:03:35'),
(1421, 104, '17.4707963', '78.3569047', '500084', '2014-11-19 14:13:39'),
(1422, 7, '17.4473069', '78.384928', 'Unable+to+Track+position', '2014-11-19 21:48:57'),
(1423, 7, '17.4473069', '78.384928', 'Distributor Location', '2014-11-19 21:53:50'),
(1424, 7, '17.4446024', '78.3869189', 'Unable+to+Track+position', '2014-11-19 21:54:04'),
(1425, 7, '17.4446024', '78.3869189', 'Unable+to+Track+position', '2014-11-19 21:58:52'),
(1426, 7, '17.4473069', '78.384928', 'Distributor Location', '2014-11-19 22:08:47'),
(1427, 7, '17.4446024', '78.3869189', '1-90%2F2%2F6', '2014-11-19 22:08:52'),
(1428, 7, '17.4473069', '78.384928', 'Unable+to+Track+position', '2014-11-19 22:11:40'),
(1429, 7, '17.4473069', '78.384928', 'Distributor Location', '2014-11-19 22:16:34'),
(1430, 7, '17.4446024', '78.3869189', 'Unable+to+Track+position', '2014-11-19 22:18:52'),
(1431, 7, '17.4446024', '78.3869189', '1-90%2F2%2F6', '2014-11-19 22:28:50'),
(1432, 7, '17.4446024', '78.3869189', '1-90%2F2%2F6', '2014-11-19 22:38:51'),
(1433, 7, '17.4446024', '78.3869189', 'Unable+to+Track+position', '2014-11-19 22:48:52'),
(1434, 7, '17.4446024', '78.3869189', 'Unable+to+Track+position', '2014-11-19 22:58:52'),
(1435, 7, '17.4473069', '78.384928', 'Unable+to+Track+position', '2014-11-19 23:08:52'),
(1436, 7, '17.4473069', '78.384928', 'Unable+to+Track+position', '2014-11-19 23:10:04'),
(1437, 7, '17.4458507', '78.3870116', 'Distributor Location', '2014-11-19 23:17:10'),
(1438, 7, '17.4446024', '78.3869189', 'Unable+to+Track+position', '2014-11-19 23:18:53'),
(1439, 7, '17.4446024', '78.3869189', 'Unable+to+Track+position', '2014-11-19 23:28:52'),
(1440, 7, '17.4446024', '78.3869189', 'Unable+to+Track+position', '2014-11-19 23:38:52'),
(1441, 7, '17.4446024', '78.3869189', 'Unable+to+Track+position', '2014-11-19 23:48:52'),
(1442, 7, '17.4446024', '78.3869189', '1-90%2F2%2F6', '2014-11-20 00:08:49'),
(1443, 7, '17.4446024', '78.3869189', 'Unable+to+Track+position', '2014-11-20 00:18:52'),
(1444, 7, '17.4470989', '78.3871044', 'Distributor Location', '2014-11-20 00:25:21'),
(1445, 31, '17.4473069', '78.384928', 'Unable+to+Track+position', '2014-11-20 00:27:27'),
(1446, 31, '17.4446024', '78.3869189', 'Distributor Location', '2014-11-20 00:29:56'),
(1447, 31, '17.4473069', '78.384928', 'Unable+to+Track+position', '2014-11-20 00:36:31'),
(1448, 31, '17.4471159', '78.3854431', 'Unable+to+Track+position', '2014-11-20 00:46:28'),
(1449, 31, '17.4471086', '78.3854292', 'Image+Gardens+Rd', '2014-11-20 00:46:44'),
(1450, 31, '17.447099', '78.3854448', 'Image+Gardens+Rd', '2014-11-20 00:56:24'),
(1451, 104, '17.4469055', '78.3853822', 'Image+Gardens+Rd', '2014-11-20 01:03:23'),
(1452, 104, '17.4469256', '78.3853987', 'Image+Gardens+Rd', '2014-11-20 01:03:47'),
(1453, 105, '17.4469519', '78.3853475', 'Unable+to+Track+position', '2014-11-20 01:07:31'),
(1454, 105, '17.4446024', '78.3869189', 'Unable+to+Track+position', '2014-11-20 01:20:28'),
(1455, 105, '17.4473069', '78.384928', '20%2621', '2014-11-20 01:27:39'),
(1456, 105, '17.4446024', '78.3869189', 'Distributor Location', '2014-11-20 01:29:51'),
(1457, 105, '17.4442625', '78.3870052', 'Distributor Location', '2014-11-20 01:33:05'),
(1458, 105, '17.4399869', '78.3943271', 'Distributor Location', '2014-11-20 01:36:39'),
(1459, 105, '17.4398686', '78.3952836', '1-81%2CAndra+Basti%2CGuttalla+Begumpet%2C+Madhapur%2C+Hitech+City+Rd', '2014-11-20 01:37:28'),
(1460, 105, '17.438921', '78.3968302', 'Distributor Location', '2014-11-20 01:39:14'),
(1461, 105, '17.4389514', '78.3979409', 'Distributor Location', '2014-11-20 01:50:14'),
(1462, 105, '17.4389514', '78.3979409', 'Distributor Location', '2014-11-20 01:52:34'),
(1463, 105, '17.4389514', '78.3979409', 'Unable+to+Track+position', '2014-11-20 01:57:32'),
(1464, 105, '17.4401053', '78.3933706', 'Distributor Location', '2014-11-20 01:59:39'),
(1465, 105, '17.445064', '78.3941037', 'Distributor Location', '2014-11-20 02:04:15'),
(1466, 104, '17.4469836', '78.3855335', 'Image+Gardens+Rd', '2014-11-20 02:04:16'),
(1467, 105, '17.4494444', '78.3936212', 'Unable+to+Track+position', '2014-11-20 02:07:31'),
(1468, 105, '17.4494444', '78.3936212', 'Distributor Location', '2014-11-20 02:08:22'),
(1469, 105, '17.4503043', '78.3931152', 'Distributor Location', '2014-11-20 02:11:28'),
(1470, 105, '17.4555635', '78.3831417', 'Distributor Location', '2014-11-20 02:16:29'),
(1471, 105, '17.4555635', '78.3831417', 'Unable+to+Track+position', '2014-11-20 02:17:32'),
(1472, 105, '17.4555635', '78.3831417', 'Distributor Location', '2014-11-20 02:19:45'),
(1473, 105, '17.4473069', '78.384928', 'Distributor Location', '2014-11-20 02:22:37'),
(1474, 105, '17.4446024', '78.3869189', 'Unable+to+Track+position', '2014-11-20 02:27:34'),
(1475, 58, '17.4446024', '78.3869189', 'Unable+to+Track+position', '2014-11-20 02:32:00'),
(1476, 104, '17.4469216', '78.3854072', 'Image+Gardens+Rd', '2014-11-20 02:34:27'),
(1477, 58, '17.4473069', '78.384928', 'Distributor Location', '2014-11-20 02:35:33'),
(1478, 104, '17.4469126', '78.3853952', 'Image+Gardens+Rd', '2014-11-20 02:42:03'),
(1479, 104, '17.4469535', '78.3853641', 'Image+Gardens+Rd', '2014-11-20 02:44:04'),
(1480, 104, '17.4471201', '78.3854211', 'Distributor Location', '2014-11-20 02:46:41'),
(1481, 104, '17.4470606', '78.3854526', 'Distributor Location', '2014-11-20 02:49:36'),
(1482, 104, '17.4469353', '78.3854537', 'Image+Gardens+Rd', '2014-11-20 02:53:24'),
(1483, 104, '17.446932', '78.3853835', 'Image+Gardens+Rd', '2014-11-20 03:03:29'),
(1484, 104, '17.4469223', '78.3853755', 'Image+Gardens+Rd', '2014-11-20 04:20:02'),
(1485, 8, '17.4473069', '78.384928', 'Unable+to+Track+position', '2014-11-20 04:22:58'),
(1486, 104, '17.4468919', '78.3853769', '20%2621', '2014-11-20 04:30:08'),
(1487, 8, '17.4473069', '78.384928', 'Unable+to+Track+position', '2014-11-20 04:32:52'),
(1488, 104, '17.4468898', '78.3853636', '20%2621', '2014-11-20 04:40:16'),
(1489, 8, '17.4473069', '78.384928', '20%2621', '2014-11-20 04:42:50'),
(1490, 8, '17.4446024', '78.3869189', 'Unable+to+Track+position', '2014-11-20 04:44:06'),
(1491, 8, '17.4473069', '78.384928', 'Unable+to+Track+position', '2014-11-20 04:52:52'),
(1492, 8, '17.4473069', '78.384928', 'Unable+to+Track+position', '2014-11-20 04:58:32'),
(1493, 8, '17.4473069', '78.384928', 'Distributor Location', '2014-11-20 05:01:59'),
(1494, 8, '17.4473069', '78.384928', 'Unable+to+Track+position', '2014-11-20 05:02:52'),
(1495, 8, '17.4471255', '78.3854478', 'Distributor Location', '2014-11-20 05:11:38'),
(1496, 8, '17.4471228', '78.3854516', 'Image+Gardens+Rd', '2014-11-20 05:12:48'),
(1497, 8, '17.44713', '78.3854433', 'Image+Gardens+Rd', '2014-11-20 05:22:47'),
(1498, 8, '17.4469617', '78.3853382', '20%2621', '2014-11-20 05:32:47'),
(1499, 8, '17.4469495', '78.385339', '20%2621', '2014-11-20 05:42:47'),
(1500, 8, '17.4471442', '78.3854569', 'Distributor Location', '2014-11-20 05:47:15'),
(1501, 8, '17.4471412', '78.3854576', 'Distributor Location', '2014-11-20 05:48:25'),
(1502, 8, '17.4471211', '78.3854533', 'Distributor Location', '2014-11-20 05:50:33'),
(1503, 8, '17.4462182', '78.3862831', 'Unable+to+Track+position', '2014-11-20 05:52:52'),
(1504, 8, '17.4473069', '78.384928', '20%2621', '2014-11-20 06:02:51'),
(1505, 8, '17.4473069', '78.384928', 'Unable+to+Track+position', '2014-11-20 06:12:53'),
(1506, 104, '17.4469103', '78.3854097', 'Image+Gardens+Rd', '2014-11-20 06:17:26'),
(1507, 104, '17.4469399', '78.3853891', 'Image+Gardens+Rd', '2014-11-20 06:17:27'),
(1508, 8, '17.4473069', '78.384928', 'Unable+to+Track+position', '2014-11-20 06:22:54'),
(1509, 8, '17.4473069', '78.384928', 'Unable+to+Track+position', '2014-11-20 06:32:53'),
(1510, 8, '17.4473069', '78.384928', 'Unable+to+Track+position', '2014-11-20 06:42:52'),
(1511, 104, '17.4469651', '78.3853605', 'Image+Gardens+Rd', '2014-11-20 06:48:06'),
(1512, 104, '17.4469202', '78.3853508', '20%2621', '2014-11-20 06:57:48'),
(1513, 58, '17.4470733', '78.3854315', 'Distributor Location', '2014-11-20 06:58:42'),
(1514, 58, '17.4469772', '78.3853549', 'Image+Gardens+Rd', '2014-11-20 07:03:11'),
(1515, 58, '17.4469656', '78.3853869', 'Distributor Location', '2014-11-20 07:03:43'),
(1516, 58, '17.4473069', '78.384928', 'Unable+to+Track+position', '2014-11-20 07:13:21'),
(1517, 58, '17.4473069', '78.384928', 'Unable+to+Track+position', '2014-11-20 07:23:21'),
(1518, 58, '17.4473069', '78.384928', 'Unable+to+Track+position', '2014-11-20 07:33:16'),
(1519, 58, '17.4473069', '78.384928', 'Unable+to+Track+position', '2014-11-20 07:43:16'),
(1520, 58, '17.4446024', '78.3869189', 'Unable+to+Track+position', '2014-11-20 08:03:14'),
(1521, 104, '17.4705338', '78.3564997', '500084', '2014-11-20 08:07:35'),
(1522, 58, '17.4446024', '78.3869189', 'Unable+to+Track+position', '2014-11-20 08:13:15'),
(1523, 104, '17.4705743', '78.3564998', '500084', '2014-11-20 08:17:35'),
(1524, 58, '17.4446024', '78.3869189', 'Unable+to+Track+position', '2014-11-20 08:23:15'),
(1525, 104, '17.4706009', '78.3564748', '500084', '2014-11-20 08:27:53'),
(1526, 58, '17.4446024', '78.3869189', '1-90%2F2%2F6', '2014-11-20 08:33:12'),
(1527, 104, '17.4705763', '78.3564904', '500084', '2014-11-20 08:37:49'),
(1528, 58, '17.4446024', '78.3869189', '1-90%2F2%2F6', '2014-11-20 08:43:12'),
(1529, 104, '17.4705674', '78.3565203', '500084', '2014-11-20 08:49:11'),
(1530, 58, '17.4446024', '78.3869189', '1-90%2F2%2F6', '2014-11-20 08:53:12'),
(1531, 104, '17.4705578', '78.3565237', '500084', '2014-11-20 08:58:37'),
(1532, 58, '17.4446024', '78.3869189', '1-90%2F2%2F6', '2014-11-20 09:03:13'),
(1533, 104, '17.4706027', '78.3564502', '500084', '2014-11-20 09:08:25'),
(1534, 58, '17.4446024', '78.3869189', '1-90%2F2%2F6', '2014-11-20 09:13:12'),
(1535, 104, '17.4705187', '78.3564036', '500084', '2014-11-20 09:27:36'),
(1536, 104, '17.4705618', '78.3565411', '500084', '2014-11-20 09:38:33'),
(1537, 58, '17.4446024', '78.3869189', 'Unable+to+Track+position', '2014-11-20 09:43:16'),
(1538, 104, '17.4705544', '78.3564802', '500084', '2014-11-20 09:47:52'),
(1539, 58, '17.4446024', '78.3869189', 'Unable+to+Track+position', '2014-11-20 09:53:14'),
(1540, 104, '17.4705569', '78.3564643', '500084', '2014-11-20 09:58:06'),
(1541, 58, '17.4446024', '78.3869189', 'Unable+to+Track+position', '2014-11-20 10:03:15'),
(1542, 104, '17.4705442', '78.356493', '500084', '2014-11-20 10:08:18'),
(1543, 58, '17.4446024', '78.3869189', 'Unable+to+Track+position', '2014-11-20 10:13:16'),
(1544, 104, '17.4705572', '78.3564742', '500084', '2014-11-20 10:17:59'),
(1545, 58, '17.4446024', '78.3869189', '1-90%2F2%2F6', '2014-11-20 10:23:12'),
(1546, 104, '17.4705528', '78.3564182', '500084', '2014-11-20 10:27:44'),
(1547, 104, '17.4705675', '78.356467', '500084', '2014-11-20 10:37:28'),
(1548, 58, '17.364183', '78.5360402', 'Unable+to+Track+position', '2014-11-20 10:43:16'),
(1549, 104, '17.4705572', '78.3564407', '500084', '2014-11-20 10:47:52'),
(1550, 58, '17.364183', '78.5360402', 'Unable+to+Track+position', '2014-11-20 10:53:19'),
(1551, 104, '17.4706215', '78.356538', '500084', '2014-11-20 10:57:39'),
(1552, 58, '17.364183', '78.5360402', 'Unable+to+Track+position', '2014-11-20 11:03:24'),
(1553, 104, '17.4705429', '78.3570011', '500084', '2014-11-20 11:07:46'),
(1554, 58, '17.364183', '78.5360402', 'Unable+to+Track+position', '2014-11-20 11:13:17'),
(1555, 104, '17.4705518', '78.3564972', '500084', '2014-11-20 11:19:23'),
(1556, 58, '17.364183', '78.5360402', 'Unable+to+Track+position', '2014-11-20 11:23:17'),
(1557, 104, '17.4705685', '78.3564926', '500084', '2014-11-20 11:27:36'),
(1558, 104, '17.4705656', '78.3565017', '500084', '2014-11-20 11:37:52'),
(1559, 58, '17.364183', '78.5360402', 'Unable+to+Track+position', '2014-11-20 11:43:19'),
(1560, 104, '17.4705459', '78.3565046', '500084', '2014-11-20 11:47:27'),
(1561, 104, '17.4705757', '78.3565744', '500084', '2014-11-20 11:57:35'),
(1562, 58, '17.364183', '78.5360402', 'Unable+to+Track+position', '2014-11-20 12:03:16'),
(1563, 104, '17.4705381', '78.3565794', '500084', '2014-11-20 12:08:00'),
(1564, 58, '17.364183', '78.5360402', 'Unable+to+Track+position', '2014-11-20 12:13:20'),
(1565, 58, '17.364183', '78.5360402', 'Unable+to+Track+position', '2014-11-20 12:13:49'),
(1566, 104, '17.4705719', '78.3565724', '500084', '2014-11-20 12:18:00'),
(1567, 58, '17.364183', '78.5360402', 'Unable+to+Track+position', '2014-11-20 12:23:15'),
(1568, 104, '17.4705804', '78.3565035', '500084', '2014-11-20 12:27:50'),
(1569, 58, '17.364183', '78.5360402', 'Unable+to+Track+position', '2014-11-20 12:33:15'),
(1570, 104, '17.4705569', '78.3565347', '500084', '2014-11-20 12:37:43'),
(1571, 58, '17.364183', '78.5360402', 'Unable+to+Track+position', '2014-11-20 12:43:16'),
(1572, 104, '17.4705491', '78.3564855', '500084', '2014-11-20 12:47:28'),
(1573, 58, '17.364183', '78.5360402', 'Unable+to+Track+position', '2014-11-20 12:53:15'),
(1574, 104, '17.4705686', '78.356478', '500084', '2014-11-20 12:58:18'),
(1575, 58, '17.364183', '78.5360402', 'Unable+to+Track+position', '2014-11-20 13:03:15'),
(1576, 104, '17.4705356', '78.3564726', '500084', '2014-11-20 13:07:30'),
(1577, 58, '17.364183', '78.5360402', 'Unable+to+Track+position', '2014-11-20 13:13:15'),
(1578, 104, '17.4705435', '78.3565445', '500084', '2014-11-20 13:17:46'),
(1579, 58, '17.364183', '78.5360402', 'Santosh+Arcade+Rd', '2014-11-20 13:23:15'),
(1580, 104, '17.4705', '78.356682', '500084', '2014-11-20 13:28:46'),
(1581, 58, '17.364183', '78.5360402', 'Santosh+Arcade+Rd', '2014-11-20 13:33:14'),
(1582, 104, '17.4705686', '78.3564765', '500084', '2014-11-20 13:37:40'),
(1583, 58, '17.364183', '78.5360402', 'Santosh+Arcade+Rd', '2014-11-20 13:43:13'),
(1584, 104, '17.4705479', '78.3564871', '500084', '2014-11-20 13:48:01'),
(1585, 58, '17.364183', '78.5360402', 'Santosh+Arcade+Rd', '2014-11-20 13:53:14'),
(1586, 104, '17.470577', '78.3566055', '500084', '2014-11-20 13:58:29'),
(1587, 58, '17.364183', '78.5360402', 'Unable+to+Track+position', '2014-11-20 14:03:16'),
(1588, 104, '17.470548', '78.3564727', '500084', '2014-11-20 14:08:22'),
(1589, 58, '17.364183', '78.5360402', 'Santosh+Arcade+Rd', '2014-11-20 14:13:13'),
(1590, 104, '17.4705556', '78.3566023', '500084', '2014-11-20 14:17:32'),
(1591, 58, '17.364183', '78.5360402', 'Santosh+Arcade+Rd', '2014-11-20 14:23:15'),
(1592, 104, '17.4705338', '78.3565118', '500084', '2014-11-20 14:27:41'),
(1593, 58, '17.364183', '78.5360402', 'Unable+to+Track+position', '2014-11-20 14:33:15'),
(1594, 104, '17.4705389', '78.3565072', '500084', '2014-11-20 14:38:42'),
(1595, 58, '17.364183', '78.5360402', 'Unable+to+Track+position', '2014-11-20 14:43:15'),
(1596, 104, '17.4705458', '78.3565059', '500084', '2014-11-20 14:47:29'),
(1597, 58, '17.364183', '78.5360402', 'Santosh+Arcade+Rd', '2014-11-20 14:53:13'),
(1598, 104, '17.4705256', '78.3565065', '500084', '2014-11-20 14:57:48'),
(1599, 58, '17.364183', '78.5360402', 'Santosh+Arcade+Rd', '2014-11-20 15:03:13'),
(1600, 104, '17.4705568', '78.356484', '500084', '2014-11-20 15:08:05'),
(1601, 58, '17.364183', '78.5360402', 'Santosh+Arcade+Rd', '2014-11-20 15:13:14'),
(1602, 104, '17.470557', '78.3565247', '500084', '2014-11-20 15:17:28'),
(1603, 58, '17.364183', '78.5360402', 'Santosh+Arcade+Rd', '2014-11-20 15:23:14'),
(1604, 104, '17.4705545', '78.3565326', '500084', '2014-11-20 15:27:53'),
(1605, 58, '17.364183', '78.5360402', 'Santosh+Arcade+Rd', '2014-11-20 15:33:12'),
(1606, 104, '17.4705711', '78.3565789', '500084', '2014-11-20 15:38:21'),
(1607, 58, '17.364183', '78.5360402', 'Santosh+Arcade+Rd', '2014-11-20 15:43:13'),
(1608, 104, '17.4705511', '78.3565275', '500084', '2014-11-20 15:47:38'),
(1609, 58, '17.364183', '78.5360402', 'Santosh+Arcade+Rd', '2014-11-20 15:53:12'),
(1610, 104, '17.4705488', '78.3565271', '500084', '2014-11-20 15:58:25'),
(1611, 58, '17.364183', '78.5360402', 'Santosh+Arcade+Rd', '2014-11-20 16:03:12'),
(1612, 104, '17.4705571', '78.3565546', '500084', '2014-11-20 16:07:38'),
(1613, 58, '17.364183', '78.5360402', 'Santosh+Arcade+Rd', '2014-11-20 16:13:12'),
(1614, 104, '17.4705589', '78.3564729', '500084', '2014-11-20 16:18:07'),
(1615, 58, '17.364183', '78.5360402', 'Santosh+Arcade+Rd', '2014-11-20 16:23:13'),
(1616, 104, '17.4704939', '78.3565411', '500084', '2014-11-20 16:27:27'),
(1617, 58, '17.364183', '78.5360402', 'Santosh+Arcade+Rd', '2014-11-20 16:33:13'),
(1618, 104, '17.4705557', '78.356493', '500084', '2014-11-20 16:38:20'),
(1619, 58, '17.364183', '78.5360402', 'Santosh+Arcade+Rd', '2014-11-20 16:43:14'),
(1620, 104, '17.4705368', '78.3565912', '500084', '2014-11-20 16:48:01'),
(1621, 104, '17.4705718', '78.3566094', '500084', '2014-11-20 16:57:57'),
(1622, 58, '17.364183', '78.5360402', 'Santosh+Arcade+Rd', '2014-11-20 17:03:12'),
(1623, 104, '17.4705784', '78.3564917', '500084', '2014-11-20 17:07:35'),
(1624, 58, '17.364183', '78.5360402', 'Santosh+Arcade+Rd', '2014-11-20 17:13:14'),
(1625, 104, '17.4705196', '78.3564937', '500084', '2014-11-20 17:18:24'),
(1626, 58, '17.364183', '78.5360402', 'Unable+to+Track+position', '2014-11-20 17:23:20'),
(1627, 104, '17.4705862', '78.3566217', '500084', '2014-11-20 17:27:38'),
(1628, 58, '17.364183', '78.5360402', 'Unable+to+Track+position', '2014-11-20 17:33:15'),
(1629, 104, '17.4705399', '78.3565409', '500084', '2014-11-20 17:37:49'),
(1630, 58, '17.364183', '78.5360402', 'Unable+to+Track+position', '2014-11-20 17:43:16'),
(1631, 104, '17.4705447', '78.3565572', '500084', '2014-11-20 17:48:08'),
(1632, 58, '17.364183', '78.5360402', 'Santosh+Arcade+Rd', '2014-11-20 17:53:14'),
(1633, 104, '17.4705502', '78.3565064', '500084', '2014-11-20 17:57:28'),
(1634, 58, '17.364183', '78.5360402', 'Santosh+Arcade+Rd', '2014-11-20 18:03:14'),
(1635, 104, '17.470573', '78.35656', '500084', '2014-11-20 18:07:47'),
(1636, 58, '17.364183', '78.5360402', 'Santosh+Arcade+Rd', '2014-11-20 18:13:14'),
(1637, 104, '17.470596', '78.3566236', '500084', '2014-11-20 18:17:58'),
(1638, 58, '17.364183', '78.5360402', 'Unable+to+Track+position', '2014-11-20 18:23:16'),
(1639, 104, '17.4705221', '78.3565803', '500084', '2014-11-20 18:27:57'),
(1640, 58, '17.4462182', '78.3862831', 'Image+Gardens+Rd', '2014-11-20 22:07:25'),
(1641, 7, '17.4471077', '78.3854447', 'Image+Gardens+Rd', '2014-11-20 22:50:03'),
(1642, 7, '17.4471362', '78.3854514', 'Image+Gardens+Rd', '2014-11-20 23:06:47'),
(1643, 105, '17.444627', '78.3868581', 'Distributor Location', '2014-11-20 23:06:57'),
(1644, 105, '17.444627', '78.3868581', '1-90%2F2%2F6', '2014-11-20 23:07:23'),
(1645, 7, '17.4471393', '78.3854346', 'Image+Gardens+Rd', '2014-11-20 23:10:02'),
(1646, 105, '17.4439265', '78.3870884', 'Distributor Location', '2014-11-20 23:10:46'),
(1647, 105, '17.43987', '78.395292', 'Distributor Location', '2014-11-20 23:15:58'),
(1648, 105, '17.43987', '78.395292', '1-81%2CAndra+Basti%2CGuttalla+Begumpet%2C+Madhapur%2C+Hitech+City+Rd', '2014-11-20 23:17:34'),
(1649, 105, '17.4379673', '78.3983954', 'Distributor Location', '2014-11-20 23:19:22'),
(1650, 105, '17.438966', '78.3979301', 'Distributor Location', '2014-11-20 23:24:32'),
(1651, 7, '17.4471116', '78.3854489', 'Image+Gardens+Rd', '2014-11-20 23:29:31'),
(1652, 7, '17.4471467', '78.3854335', 'Image+Gardens+Rd', '2014-11-20 23:30:03'),
(1653, 105, '17.438966', '78.3979301', 'Distributor Location', '2014-11-20 23:32:44'),
(1654, 105, '17.4450598', '78.394116', 'Unable+to+Track+position', '2014-11-20 23:37:25'),
(1655, 105, '17.4425866', '78.3937423', 'Distributor Location', '2014-11-20 23:39:00'),
(1656, 7, '17.4471572', '78.3854581', 'Image+Gardens+Rd', '2014-11-20 23:40:02'),
(1657, 30, '17.4471496', '78.3854767', 'Image+Gardens+Rd', '2014-11-20 23:42:23'),
(1658, 105, '17.4450598', '78.394116', 'Distributor Location', '2014-11-20 23:43:26'),
(1659, 105, '17.4511566', '78.3926161', '100+Feet+Rd', '2014-11-20 23:47:21'),
(1660, 105, '17.4502997', '78.3931196', 'Distributor Location', '2014-11-20 23:49:04'),
(1661, 104, '17.4468686', '78.385352', '20%2621', '2014-11-20 23:50:54'),
(1662, 30, '17.4471633', '78.385473', 'Unable+to+Track+position', '2014-11-20 23:52:27'),
(1663, 105, '17.4511566', '78.3926161', 'Distributor Location', '2014-11-20 23:53:12'),
(1664, 7, '17.4471328', '78.3854095', 'Image+Gardens+Rd', '2014-11-20 23:57:10'),
(1665, 105, '17.4555701', '78.3831501', 'Unable+to+Track+position', '2014-11-20 23:57:29'),
(1666, 105, '17.4526136', '78.3830281', 'Distributor Location', '2014-11-20 23:59:01'),
(1667, 104, '17.4471381', '78.3854524', 'Image+Gardens+Rd', '2014-11-21 00:01:02'),
(1668, 105, '17.4555701', '78.3831501', 'Distributor Location', '2014-11-21 00:03:54'),
(1669, 7, '17.4471951', '78.3854787', 'Image+Gardens+Rd', '2014-11-21 00:07:10'),
(1670, 105, '17.4467847', '78.3855766', 'Image+Gardens+Rd', '2014-11-21 00:07:23'),
(1671, 105, '17.4469579', '78.3853629', 'Distributor Location', '2014-11-21 00:08:30'),
(1672, 104, '17.4468911', '78.3853443', '20%2621', '2014-11-21 00:11:18'),
(1673, 7, '17.4471137', '78.3854588', 'Unable+to+Track+position', '2014-11-21 00:17:14'),
(1674, 105, '17.4473044', '78.3849354', 'Unable+to+Track+position', '2014-11-21 00:17:27'),
(1675, 7, '17.4469533', '78.3853541', '20%2621', '2014-11-21 00:27:10'),
(1676, 7, '17.4469397', '78.3853373', '20%2621', '2014-11-21 00:37:10'),
(1677, 15, '17.446938', '78.3853634', '20%2621', '2014-11-21 00:39:13'),
(1678, 30, '17.4470843', '78.3854454', 'Image+Gardens+Rd', '2014-11-21 00:39:56'),
(1679, 15, '17.4469415', '78.3853807', 'Distributor Location', '2014-11-21 00:40:37'),
(1680, 15, '17.4469191', '78.3853531', '20%2621', '2014-11-21 00:49:28'),
(1681, 30, '17.4469604', '78.3853627', 'Unable+to+Track+position', '2014-11-21 00:50:00'),
(1682, 95, '17.4473044', '78.3849354', 'Unable+to+Track+position', '2014-11-21 00:50:23'),
(1683, 15, '17.4469411', '78.3853463', '20%2621', '2014-11-21 00:59:20'),
(1684, 30, '17.4470037', '78.3853335', 'Unable+to+Track+position', '2014-11-21 01:00:00'),
(1685, 95, '17.444627', '78.3868581', 'Unable+to+Track+position', '2014-11-21 01:00:26'),
(1686, 15, '17.4471027', '78.385444', 'Image+Gardens+Rd', '2014-11-21 01:09:47'),
(1687, 30, '17.446967', '78.3854194', 'Unable+to+Track+position', '2014-11-21 01:09:59'),
(1688, 95, '17.444627', '78.3868581', 'Unable+to+Track+position', '2014-11-21 01:10:24'),
(1689, 30, '17.4469856', '78.385343', '20%2621', '2014-11-21 01:19:56'),
(1690, 95, '17.444627', '78.3868581', 'Unable+to+Track+position', '2014-11-21 01:20:27'),
(1691, 30, '17.4471126', '78.38545', 'Image+Gardens+Rd', '2014-11-21 01:29:56'),
(1692, 95, '17.444627', '78.3868581', 'Unable+to+Track+position', '2014-11-21 01:30:23'),
(1693, 30, '17.4470941', '78.385468', 'Image+Gardens+Rd', '2014-11-21 01:39:55'),
(1694, 95, '17.444627', '78.3868581', 'Unable+to+Track+position', '2014-11-21 01:40:22'),
(1695, 30, '17.4471159', '78.3854698', 'Unable+to+Track+position', '2014-11-21 01:50:00'),
(1696, 95, '17.444627', '78.3868581', 'Unable+to+Track+position', '2014-11-21 01:50:23'),
(1697, 30, '17.4471235', '78.3854455', 'Image+Gardens+Rd', '2014-11-21 01:59:56'),
(1698, 95, '17.444627', '78.3868581', 'Unable+to+Track+position', '2014-11-21 02:00:23'),
(1699, 30, '17.4469857', '78.3853791', 'Image+Gardens+Rd', '2014-11-21 02:09:56'),
(1700, 95, '17.444627', '78.3868581', 'Unable+to+Track+position', '2014-11-21 02:10:22'),
(1701, 30, '17.4471627', '78.3854759', 'Image+Gardens+Rd', '2014-11-21 02:19:56'),
(1702, 95, '17.444627', '78.3868581', 'Unable+to+Track+position', '2014-11-21 02:20:22'),
(1703, 30, '17.4469553', '78.3853726', 'Image+Gardens+Rd', '2014-11-21 02:29:56'),
(1704, 95, '17.444627', '78.3868581', '1-90%2F2%2F6', '2014-11-21 02:30:22'),
(1705, 30, '17.4471389', '78.3854563', 'Image+Gardens+Rd', '2014-11-21 02:39:56'),
(1706, 95, '17.444627', '78.3868581', '1-90%2F2%2F6', '2014-11-21 02:40:20'),
(1707, 104, '17.4469391', '78.3853507', '20%2621', '2014-11-21 02:54:09'),
(1708, 12, '17.4471957', '78.3855013', 'Unable+to+Track+position', '2014-11-21 02:57:04'),
(1709, 104, '17.4469682', '78.3854272', 'Image+Gardens+Rd', '2014-11-21 03:04:21'),
(1710, 12, '17.4471959', '78.3855012', 'Unable+to+Track+position', '2014-11-21 03:07:17'),
(1711, 58, '17.4471961', '78.3855013', 'Unable+to+Track+position', '2014-11-21 03:13:56'),
(1712, 104, '17.4469666', '78.3854502', 'Image+Gardens+Rd', '2014-11-21 03:14:10'),
(1713, 30, '17.4471159', '78.3854609', 'Image+Gardens+Rd', '2014-11-21 03:16:21'),
(1714, 104, '17.4469191', '78.3853956', 'Image+Gardens+Rd', '2014-11-21 03:23:27'),
(1715, 104, '17.4468996', '78.385392', 'Image+Gardens+Rd', '2014-11-21 03:23:41'),
(1716, 30, '17.4471435', '78.3854273', 'Image+Gardens+Rd', '2014-11-21 03:26:21'),
(1717, 15, '17.4469423', '78.3853279', '20%2621', '2014-11-21 03:34:40'),
(1718, 30, '17.4469902', '78.38541', 'Unable+to+Track+position', '2014-11-21 03:36:25'),
(1719, 15, '17.4469398', '78.3853557', '20%2621', '2014-11-21 03:39:07'),
(1720, 12, '17.4471963', '78.3855013', 'Unable+to+Track+position', '2014-11-21 03:40:32'),
(1721, 58, '17.4471948', '78.3855023', 'Image+Gardens+Rd', '2014-11-21 03:41:03'),
(1722, 15, '17.4469607', '78.385328', '20%2621', '2014-11-21 03:44:56'),
(1723, 30, '17.4471459', '78.3854544', 'Image+Gardens+Rd', '2014-11-21 03:46:21'),
(1724, 58, '17.4471959', '78.3855012', 'Image+Gardens+Rd', '2014-11-21 03:51:01'),
(1725, 15, '17.4469195', '78.385364', '20%2621', '2014-11-21 03:55:21'),
(1726, 30, '17.44716', '78.3854698', 'Image+Gardens+Rd', '2014-11-21 03:56:21'),
(1727, 15, '17.4469425', '78.3853676', 'Image+Gardens+Rd', '2014-11-21 03:59:35'),
(1728, 15, '17.4469462', '78.3853809', 'Unable+to+Track+position', '2014-11-21 04:04:45'),
(1729, 30, '17.4471076', '78.3854732', 'Image+Gardens+Rd', '2014-11-21 04:06:22'),
(1730, 15, '17.4469429', '78.385332', '20%2621', '2014-11-21 04:06:51'),
(1731, 7, '17.4471223', '78.3854363', 'Image+Gardens+Rd', '2014-11-21 04:11:10'),
(1732, 7, '17.4471105', '78.38546', 'Image+Gardens+Rd', '2014-11-21 04:14:41'),
(1733, 15, '17.4469283', '78.385412', 'Image+Gardens+Rd', '2014-11-21 04:14:45'),
(1734, 58, '17.4471949', '78.3855019', 'Unable+to+Track+position', '2014-11-21 04:21:07'),
(1735, 7, '17.447127', '78.3854758', 'Image+Gardens+Rd', '2014-11-21 04:21:13'),
(1736, 15, '17.4468667', '78.3853179', '20%2621', '2014-11-21 04:25:00'),
(1737, 58, '17.4471963', '78.3855013', 'Unable+to+Track+position', '2014-11-21 04:31:07'),
(1738, 7, '17.4471154', '78.3854411', 'Image+Gardens+Rd', '2014-11-21 04:31:10'),
(1739, 15, '17.4471538', '78.3854621', 'Unable+to+Track+position', '2014-11-21 04:35:07'),
(1740, 7, '17.4469398', '78.3853301', '20%2621', '2014-11-21 04:42:27'),
(1741, 104, '17.4469807', '78.3854652', 'Image+Gardens+Rd', '2014-11-21 04:43:46'),
(1742, 104, '17.4469807', '78.3854652', 'Distributor Location', '2014-11-21 04:44:13'),
(1743, 104, '17.4456309', '78.3857308', 'Distributor Location', '2014-11-21 04:47:45'),
(1744, 7, '17.4471126', '78.3854389', 'Image+Gardens+Rd', '2014-11-21 04:51:39'),
(1745, 104, '17.4414274', '78.3913376', 'Distributor Location', '2014-11-21 04:51:52'),
(1746, 104, '17.4433222', '78.3916618', '294%2C+Ayyappa+Society+Main+Rd', '2014-11-21 04:54:25'),
(1747, 104, '17.4518481', '78.3909608', 'Distributor Location', '2014-11-21 04:58:16'),
(1748, 7, '17.4469789', '78.3853681', 'Unable+to+Track+position', '2014-11-21 05:00:33'),
(1749, 7, '17.4470099', '78.3853743', 'Image+Gardens+Rd', '2014-11-21 05:00:59'),
(1750, 104, '17.4513434', '78.3855214', 'Image+Gardens+Rd', '2014-11-21 05:04:00'),
(1751, 104, '17.4511641', '78.3855983', 'Image+Gardens+Rd', '2014-11-21 05:05:00'),
(1752, 104, '17.4511873', '78.3856085', 'Distributor Location', '2014-11-21 05:07:27'),
(1753, 104, '17.4509255', '78.3806511', 'Distributor Location', '2014-11-21 05:13:05'),
(1754, 7, '17.4469854', '78.3853539', 'Image+Gardens+Rd', '2014-11-21 05:13:54'),
(1755, 7, '17.4469149', '78.3853366', '20%2621', '2014-11-21 05:14:05'),
(1756, 104, '17.4507428', '78.3805018', 'Hitech+City+Main+Rd', '2014-11-21 05:14:10'),
(1757, 104, '17.4417621', '78.3771493', 'Hitech+City+Main+Rd', '2014-11-21 05:20:38'),
(1758, 104, '17.4428119', '78.3769583', 'Distributor Location', '2014-11-21 05:22:16'),
(1759, 104, '17.4414121', '78.377213', 'Hitech+City+Main+Rd', '2014-11-21 05:23:52'),
(1760, 104, '17.4352643', '78.3834213', 'Distributor Location', '2014-11-21 05:35:38'),
(1761, 104, '17.434711', '78.3845884', 'Distributor Location', '2014-11-21 05:38:39'),
(1762, 104, '17.4420139', '78.3848304', 'Vittal+Rao+Nagar+Rd', '2014-11-21 05:44:24'),
(1763, 104, '17.4419923', '78.3847041', 'Vittal+Rao+Nagar+Rd', '2014-11-21 05:47:07'),
(1764, 104, '17.4418388', '78.3846184', 'Distributor Location', '2014-11-21 05:49:08'),
(1765, 104, '17.4419178', '78.3846299', 'Unable+to+Track+position', '2014-11-21 05:49:42'),
(1766, 7, '17.4471681', '78.3854785', 'Unable+to+Track+position', '2014-11-21 05:52:07'),
(1767, 104, '17.4459278', '78.3852113', 'Distributor Location', '2014-11-21 05:54:11'),
(1768, 104, '17.4457792', '78.3853863', '20%2621', '2014-11-21 05:54:11'),
(1769, 104, '17.4455467', '78.3856847', 'Distributor Location', '2014-11-21 05:56:48'),
(1770, 104, '17.4463045', '78.3850866', '20%2621', '2014-11-21 05:58:26'),
(1771, 104, '17.4462763', '78.3851447', 'Distributor Location', '2014-11-21 05:59:26'),
(1772, 104, '17.4464141', '78.3852214', 'Distributor Location', '2014-11-21 06:01:18'),
(1773, 104, '17.4471989', '78.3853451', '20%2621', '2014-11-21 06:03:57'),
(1774, 7, '17.4471434', '78.3854687', 'Unable+to+Track+position', '2014-11-21 06:11:15'),
(1775, 7, '17.4469983', '78.3853973', 'Image+Gardens+Rd', '2014-11-21 06:12:21'),
(1776, 104, '17.4469316', '78.3853683', '20%2621', '2014-11-21 06:14:10'),
(1777, 7, '17.4469562', '78.3853541', 'Unable+to+Track+position', '2014-11-21 06:21:04'),
(1778, 104, '17.4469428', '78.3854215', 'Unable+to+Track+position', '2014-11-21 06:24:03'),
(1779, 7, '17.4471272', '78.3854583', 'Image+Gardens+Rd', '2014-11-21 06:33:29'),
(1780, 104, '17.4469726', '78.3853734', 'Image+Gardens+Rd', '2014-11-21 06:33:59'),
(1781, 7, '17.4469731', '78.3854002', 'Unable+to+Track+position', '2014-11-21 06:41:03'),
(1782, 104, '17.4469691', '78.385387', 'Image+Gardens+Rd', '2014-11-21 06:41:49'),
(1783, 104, '17.4469569', '78.3853544', 'Unable+to+Track+position', '2014-11-21 06:44:11'),
(1784, 104, '17.4469444', '78.385418', 'Unable+to+Track+position', '2014-11-21 06:44:32'),
(1785, 104, '17.4469905', '78.3853662', 'Distributor Location', '2014-11-21 06:47:45'),
(1786, 104, '17.4469785', '78.3853932', 'Image+Gardens+Rd', '2014-11-21 06:48:02'),
(1787, 104, '17.4470053', '78.3853317', 'Unable+to+Track+position', '2014-11-21 06:54:17'),
(1788, 104, '17.446902', '78.3853442', '20%2621', '2014-11-21 07:04:29'),
(1789, 104, '17.4469824', '78.3853383', '20%2621', '2014-11-21 07:13:49'),
(1790, 104, '17.4469953', '78.3853572', 'Image+Gardens+Rd', '2014-11-21 07:23:58'),
(1791, 104, '17.4494697', '78.3820971', '1-37%2FA%2F2', '2014-11-21 07:36:01'),
(1792, 104, '17.4688825', '78.3661671', 'H-1-112%2F7', '2014-11-21 07:43:58'),
(1793, 104, '17.4705966', '78.3565227', '500084', '2014-11-21 07:53:54'),
(1794, 104, '17.4705161', '78.3565031', '500084', '2014-11-21 08:03:56'),
(1795, 104, '17.4706329', '78.3564501', '500084', '2014-11-21 08:13:46'),
(1796, 104, '17.470615', '78.3565502', '500084', '2014-11-21 08:23:46'),
(1797, 104, '17.4705752', '78.3565844', '500084', '2014-11-21 08:33:57'),
(1798, 104, '17.4705982', '78.3565083', '500084', '2014-11-21 08:43:54'),
(1799, 104, '17.4694997', '78.3593904', '1-110%2FB%2F461%2FC', '2014-11-21 08:53:46'),
(1800, 104, '17.4705248', '78.3564627', '500084', '2014-11-21 09:04:58'),
(1801, 104, '17.4705551', '78.3565096', '500084', '2014-11-21 09:14:12'),
(1802, 104, '17.4705619', '78.356545', '500084', '2014-11-21 09:23:56'),
(1803, 104, '17.4706022', '78.3565324', '500084', '2014-11-21 09:34:27'),
(1804, 104, '17.4705511', '78.3565226', 'Unable+to+Track+position', '2014-11-21 09:45:07');
INSERT INTO `runner_visitted_location_details` (`runner_visitted_location_id`, `user_id`, `lattitude`, `longitude`, `location`, `date_time`) VALUES
(1805, 104, '17.4705282', '78.3565197', '500084', '2014-11-21 09:53:53'),
(1806, 104, '17.4705571', '78.3564587', '500084', '2014-11-21 10:04:14'),
(1807, 104, '17.4705702', '78.3564815', '500084', '2014-11-21 10:14:11'),
(1808, 104, '17.4706374', '78.3566619', '500084', '2014-11-21 10:23:52'),
(1809, 104, '17.4705736', '78.3564607', '500084', '2014-11-21 11:43:52'),
(1810, 7, '17.4471082', '78.3854506', 'Image+Gardens+Rd', '2014-11-23 23:12:29'),
(1811, 7, '17.4471247', '78.3854471', 'Image+Gardens+Rd', '2014-11-23 23:17:30'),
(1812, 7, '17.4470484', '78.3854842', 'Image+Gardens+Rd', '2014-11-23 23:22:29'),
(1813, 7, '17.4471155', '78.3854557', 'Image+Gardens+Rd', '2014-11-23 23:27:29'),
(1814, 7, '17.4471267', '78.385483', 'Unable+to+Track+position', '2014-11-23 23:32:33'),
(1815, 7, '17.44709', '78.3854678', 'Image+Gardens+Rd', '2014-11-23 23:37:29'),
(1816, 7, '17.4470901', '78.3854577', 'Unable+to+Track+position', '2014-11-23 23:42:33'),
(1817, 7, '17.447136', '78.3854142', 'Image+Gardens+Rd', '2014-11-23 23:48:49'),
(1818, 31, '17.4471133', '78.3854302', 'Image+Gardens+Rd', '2014-11-23 23:52:30'),
(1819, 31, '17.447093', '78.3854495', 'Image+Gardens+Rd', '2014-11-23 23:53:05'),
(1820, 8, '17.4469298', '78.3853285', '20%2621', '2014-11-23 23:55:35'),
(1821, 8, '17.4471149', '78.3854526', 'Image+Gardens+Rd', '2014-11-23 23:56:08'),
(1822, 91, '17.4469684', '78.385392', 'Image+Gardens+Rd', '2014-11-23 23:57:24'),
(1823, 91, '17.4471129', '78.3854586', 'Image+Gardens+Rd', '2014-11-23 23:57:53'),
(1824, 91, '17.4469733', '78.3853932', 'Image+Gardens+Rd', '2014-11-24 00:07:38'),
(1825, 91, '17.4470632', '78.3854608', 'Image+Gardens+Rd', '2014-11-24 00:09:53'),
(1826, 92, '17.447116', '78.3854636', 'Image+Gardens+Rd', '2014-11-24 00:11:12'),
(1827, 92, '17.4471436', '78.3854866', 'Unable+to+Track+position', '2014-11-24 00:16:16'),
(1828, 92, '17.4471347', '78.3854675', 'Unable+to+Track+position', '2014-11-24 00:21:16'),
(1829, 92, '17.447099', '78.3854329', 'Image+Gardens+Rd', '2014-11-24 00:26:12'),
(1830, 92, '17.4471019', '78.3854462', 'Unable+to+Track+position', '2014-11-24 00:31:16'),
(1831, 92, '17.4471972', '78.3855017', 'Image+Gardens+Rd', '2014-11-24 00:36:12'),
(1832, 92, '17.4471276', '78.3854396', 'Image+Gardens+Rd', '2014-11-24 00:41:12'),
(1833, 92, '17.4469751', '78.3854046', 'Image+Gardens+Rd', '2014-11-24 00:46:12'),
(1834, 92, '17.4469999', '78.3853957', 'Unable+to+Track+position', '2014-11-24 00:51:16'),
(1835, 44, '17.4473069', '78.384928', '20%2621', '2014-11-24 02:50:24'),
(1836, 44, '17.4469895', '78.3854012', 'Unable+to+Track+position', '2014-11-24 03:00:29'),
(1837, 44, '17.4469779', '78.3853923', 'Image+Gardens+Rd', '2014-11-24 03:01:03'),
(1838, 96, '17.447142', '78.3854477', 'Image+Gardens+Rd', '2014-11-24 03:25:33'),
(1839, 96, '17.4471422', '78.3854678', 'Unable+to+Track+position', '2014-11-24 03:35:37'),
(1840, 96, '17.4471368', '78.3854864', 'Image+Gardens+Rd', '2014-11-24 03:45:33'),
(1841, 96, '17.4471427', '78.38548', 'Unable+to+Track+position', '2014-11-24 03:55:36'),
(1842, 96, '17.4471242', '78.3854642', 'Image+Gardens+Rd', '2014-11-24 04:29:17'),
(1843, 96, '17.4469694', '78.3854023', 'Image+Gardens+Rd', '2014-11-24 04:39:17'),
(1844, 96, '17.4471128', '78.3854324', 'Image+Gardens+Rd', '2014-11-24 04:49:17'),
(1845, 96, '17.4471124', '78.3854773', 'Image+Gardens+Rd', '2014-11-24 04:55:33'),
(1846, 96, '17.447138', '78.385457', 'Image+Gardens+Rd', '2014-11-24 04:59:17'),
(1847, 96, '17.4470741', '78.3854367', 'Image+Gardens+Rd', '2014-11-24 05:09:16'),
(1848, 96, '17.4469862', '78.3854021', 'Image+Gardens+Rd', '2014-11-24 05:19:17'),
(1849, 96, '17.4470831', '78.3854689', 'Image+Gardens+Rd', '2014-11-24 05:29:17'),
(1850, 96, '17.4469839', '78.3854261', 'Unable+to+Track+position', '2014-11-24 05:39:21'),
(1851, 7, '17.4473052', '78.3849319', 'Unable+to+Track+position', '2014-11-24 21:54:42'),
(1852, 30, '17.4473062', '78.3849299', 'Unable+to+Track+position', '2014-11-24 23:22:58'),
(1853, 30, '17.444592', '78.3868299', '1-90%2F2%2F6', '2014-11-24 23:32:57'),
(1854, 7, '17.4458575', '78.3869637', 'VIP+Hills%2C+Silicon+Valley%2C+Madhapur', '2014-11-24 23:36:02'),
(1855, 7, '17.4471157', '78.3854618', 'Distributor Location', '2014-11-24 23:43:57'),
(1856, 7, '17.4470784', '78.3854338', 'Distributor Location', '2014-11-24 23:45:53'),
(1857, 7, '17.4469663', '78.3853633', 'Image+Gardens+Rd', '2014-11-24 23:45:57'),
(1858, 7, '17.4471485', '78.385458', 'Distributor Location', '2014-11-24 23:48:08'),
(1859, 7, '17.4471395', '78.3854603', 'Image+Gardens+Rd', '2014-11-24 23:55:57'),
(1860, 7, '17.4470951', '78.3854677', 'Distributor Location', '2014-11-24 23:58:54'),
(1861, 7, '17.4471446', '78.38547', 'Distributor Location', '2014-11-25 00:00:06'),
(1862, 31, '17.4471101', '78.3854351', 'Image+Gardens+Rd', '2014-11-25 00:01:19'),
(1863, 31, '17.4469194', '78.3853479', 'Distributor Location', '2014-11-25 00:02:11'),
(1864, 31, '17.4471187', '78.3854352', 'Distributor Location', '2014-11-25 00:06:23'),
(1865, 31, '17.4471218', '78.3854466', 'Unable+to+Track+position', '2014-11-25 00:11:22'),
(1866, 31, '17.4469805', '78.3853943', 'Unable+to+Track+position', '2014-11-25 00:21:22'),
(1867, 31, '17.4471269', '78.385449', 'Image+Gardens+Rd', '2014-11-25 00:31:19'),
(1868, 31, '17.4469552', '78.3853433', 'Unable+to+Track+position', '2014-11-25 00:41:22'),
(1869, 31, '17.4470972', '78.3854473', 'Image+Gardens+Rd', '2014-11-25 00:51:18'),
(1870, 31, '17.4469804', '78.3853704', 'Image+Gardens+Rd', '2014-11-25 01:11:21'),
(1871, 31, '17.4469731', '78.3853944', 'Image+Gardens+Rd', '2014-11-25 01:31:18'),
(1872, 31, '17.4469775', '78.3853932', 'Unable+to+Track+position', '2014-11-25 01:41:25'),
(1873, 31, '17.4469763', '78.3853963', 'Unable+to+Track+position', '2014-11-25 01:51:22'),
(1874, 31, '17.4469716', '78.3853685', 'Unable+to+Track+position', '2014-11-25 02:01:22'),
(1875, 31, '17.4469742', '78.385404', 'Image+Gardens+Rd', '2014-11-25 02:31:18'),
(1876, 8, '17.4469292', '78.3853384', 'Unable+to+Track+position', '2014-11-25 02:58:47'),
(1877, 8, '17.4471319', '78.3854654', 'Image+Gardens+Rd', '2014-11-25 03:08:43'),
(1878, 8, '17.4469803', '78.3853929', 'Image+Gardens+Rd', '2014-11-25 03:18:44'),
(1879, 8, '17.4469784', '78.3854071', 'Image+Gardens+Rd', '2014-11-25 03:28:43'),
(1880, 8, '17.4470974', '78.385436', 'Image+Gardens+Rd', '2014-11-25 03:38:43'),
(1881, 8, '17.446973', '78.385423', 'Image+Gardens+Rd', '2014-11-25 03:48:43'),
(1882, 8, '17.4469636', '78.3854481', 'Image+Gardens+Rd', '2014-11-25 03:58:43'),
(1883, 8, '17.4469706', '78.3854378', 'Image+Gardens+Rd', '2014-11-25 04:08:43'),
(1884, 8, '17.4471112', '78.3854374', 'Image+Gardens+Rd', '2014-11-25 04:18:43'),
(1885, 8, '17.4469567', '78.385414', 'Image+Gardens+Rd', '2014-11-25 04:28:43'),
(1886, 8, '17.4471419', '78.3854445', 'Image+Gardens+Rd', '2014-11-25 04:38:44'),
(1887, 8, '17.446984', '78.3853839', 'Image+Gardens+Rd', '2014-11-25 04:48:42'),
(1888, 8, '17.4469839', '78.3854078', 'Image+Gardens+Rd', '2014-11-25 04:58:43'),
(1889, 8, '17.4469761', '78.3853934', 'Image+Gardens+Rd', '2014-11-25 05:08:43'),
(1890, 104, '17.4469554', '78.3854001', 'Image+Gardens+Rd', '2014-11-25 05:22:50'),
(1891, 105, '17.4469598', '78.3853563', 'Unable+to+Track+position', '2014-11-25 05:27:07'),
(1892, 104, '17.446979', '78.3854037', 'Image+Gardens+Rd', '2014-11-25 05:31:10'),
(1893, 104, '17.4469444', '78.3853693', 'Image+Gardens+Rd', '2014-11-25 05:32:55'),
(1894, 91, '0.0', '0.0', 'Unable+to+Track+position', '2014-11-25 05:33:48'),
(1895, 104, '17.4469436', '78.3853683', 'Distributor Location', '2014-11-25 05:34:41'),
(1896, 105, '17.4473062', '78.3849299', 'Distributor Location', '2014-11-25 05:34:51'),
(1897, 105, '17.4473062', '78.3849299', '20%2621', '2014-11-25 05:37:03'),
(1898, 104, '17.4469572', '78.3854', 'Image+Gardens+Rd', '2014-11-25 05:42:53'),
(1899, 105, '17.4456144', '78.3860096', 'Distributor Location', '2014-11-25 05:43:10'),
(1900, 105, '17.4398792', '78.395275', 'Distributor Location', '2014-11-25 05:46:55'),
(1901, 105, '17.4398792', '78.395275', '1-81%2CAndra+Basti%2CGuttalla+Begumpet%2C+Madhapur%2C+Hitech+City+Rd', '2014-11-25 05:47:02'),
(1902, 105, '17.4379664', '78.3984019', 'Distributor Location', '2014-11-25 05:49:32'),
(1903, 105, '17.4388123', '78.3973998', 'Distributor Location', '2014-11-25 05:51:59'),
(1904, 104, '17.4469677', '78.3854544', 'Image+Gardens+Rd', '2014-11-25 05:52:49'),
(1905, 91, '17.4469654', '78.3854212', 'Image+Gardens+Rd', '2014-11-25 05:53:46'),
(1906, 105, '17.4389687', '78.3979389', 'Distributor Location', '2014-11-25 05:57:19'),
(1907, 105, '17.4389687', '78.3979389', 'Unable+to+Track+position', '2014-11-25 05:57:21'),
(1908, 105, '17.4401173', '78.3933699', 'Distributor Location', '2014-11-25 06:00:19'),
(1909, 105, '17.4450547', '78.3941105', 'Distributor Location', '2014-11-25 06:02:49'),
(1910, 104, '17.446901', '78.3853302', '20%2621', '2014-11-25 06:02:53'),
(1911, 105, '17.4511493', '78.3926053', 'Distributor Location', '2014-11-25 06:06:56'),
(1912, 105, '17.4511493', '78.3926053', 'Unable+to+Track+position', '2014-11-25 06:07:14'),
(1913, 105, '17.4526775', '78.389916', 'Distributor Location', '2014-11-25 06:10:40'),
(1914, 104, '17.4469473', '78.3853603', '20%2621', '2014-11-25 06:12:54'),
(1915, 91, '17.4470668', '78.3854485', 'Image+Gardens+Rd', '2014-11-25 06:13:48'),
(1916, 105, '17.4541331', '78.3865394', 'Distributor Location', '2014-11-25 06:14:39'),
(1917, 105, '17.4555887', '78.3831627', 'Unable+to+Track+position', '2014-11-25 06:17:03'),
(1918, 105, '17.4555887', '78.3831627', 'Distributor Location', '2014-11-25 06:17:37'),
(1919, 105, '17.4514475', '78.3840463', 'Distributor Location', '2014-11-25 06:19:36'),
(1920, 104, '17.4471636', '78.3854264', 'Image+Gardens+Rd', '2014-11-25 06:23:00'),
(1921, 105, '17.4473062', '78.3849299', 'Unable+to+Track+position', '2014-11-25 06:27:07'),
(1922, 104, '17.4474312', '78.3858226', 'Image+Gardens+Rd', '2014-11-25 06:32:59'),
(1923, 91, '17.4471447', '78.3854746', 'Unable+to+Track+position', '2014-11-25 06:33:51'),
(1924, 104, '17.4469556', '78.3855176', 'Distributor Location', '2014-11-25 06:34:23'),
(1925, 105, '17.4473062', '78.3849299', '20%2621', '2014-11-25 06:37:02'),
(1926, 104, '17.446182', '78.3856263', 'Distributor Location', '2014-11-25 06:37:26'),
(1927, 104, '17.4456765', '78.3857618', 'Distributor Location', '2014-11-25 06:40:24'),
(1928, 104, '17.4455571', '78.3856775', '20%2621', '2014-11-25 06:43:03'),
(1929, 104, '17.4455571', '78.3856775', 'Distributor Location', '2014-11-25 06:43:50'),
(1930, 104, '17.4456364', '78.3855552', 'Distributor Location', '2014-11-25 06:46:53'),
(1931, 105, '17.4473062', '78.3849299', 'Unable+to+Track+position', '2014-11-25 06:47:03'),
(1932, 104, '17.4472492', '78.3855453', 'Image+Gardens+Rd', '2014-11-25 06:53:07'),
(1933, 91, '17.4471069', '78.3854492', 'Image+Gardens+Rd', '2014-11-25 06:53:46'),
(1934, 105, '17.4473062', '78.3849299', '20%2621', '2014-11-25 06:57:02'),
(1935, 104, '17.4469481', '78.3853651', 'Unable+to+Track+position', '2014-11-25 07:03:09'),
(1936, 91, '17.4470893', '78.3854563', 'Image+Gardens+Rd', '2014-11-25 07:03:47'),
(1937, 104, '17.4470087', '78.3854741', 'Image+Gardens+Rd', '2014-11-25 07:05:55'),
(1938, 105, '17.4469504', '78.3853362', '20%2621', '2014-11-25 07:06:58'),
(1939, 104, '17.4469305', '78.3853601', '20%2621', '2014-11-25 07:12:57'),
(1940, 91, '17.4471054', '78.3854624', 'Unable+to+Track+position', '2014-11-25 07:13:52'),
(1941, 105, '17.4469733', '78.3854395', 'Image+Gardens+Rd', '2014-11-25 07:16:59'),
(1942, 104, '17.4469438', '78.3853957', 'Image+Gardens+Rd', '2014-11-25 07:23:01'),
(1943, 105, '17.4469289', '78.3853374', 'Unable+to+Track+position', '2014-11-25 07:27:02'),
(1944, 104, '17.4459041', '78.3849787', '20%2621', '2014-11-25 07:32:49'),
(1945, 91, '17.4471195', '78.3854574', 'Unable+to+Track+position', '2014-11-25 07:34:04'),
(1946, 104, '17.4457983', '78.3842445', '20%2621', '2014-11-25 07:42:46'),
(1947, 104, '17.4693174', '78.3659671', 'H-1-112%2F1', '2014-11-25 07:53:06'),
(1948, 91, '17.44713', '78.3854698', 'Unable+to+Track+position', '2014-11-25 07:53:51'),
(1949, 104, '17.4701553', '78.3572841', '120%2C+Police+Colony+Rd', '2014-11-25 08:03:10'),
(1950, 104, '17.470522', '78.3564816', '500084', '2014-11-25 08:12:50'),
(1951, 91, '17.4471244', '78.3854634', 'Unable+to+Track+position', '2014-11-25 08:13:51'),
(1952, 104, '17.4706236', '78.3565285', '500084', '2014-11-25 08:22:51'),
(1953, 104, '17.4705441', '78.3566417', '500084', '2014-11-25 08:33:00'),
(1954, 91, '17.4471112', '78.385484', 'Unable+to+Track+position', '2014-11-25 08:33:51'),
(1955, 104, '17.4706044', '78.3565869', '500084', '2014-11-25 08:42:48'),
(1956, 104, '17.470625', '78.3566181', '500084', '2014-11-25 08:53:13'),
(1957, 91, '17.4471132', '78.3854681', 'Image+Gardens+Rd', '2014-11-25 08:53:46'),
(1958, 104, '17.4706143', '78.3565871', '500084', '2014-11-25 09:02:48'),
(1959, 104, '17.4705296', '78.356468', '500084', '2014-11-25 09:13:32'),
(1960, 91, '17.4471169', '78.3854522', 'Unable+to+Track+position', '2014-11-25 09:13:51'),
(1961, 104, '17.4704986', '78.3564488', '500084', '2014-11-25 09:22:51'),
(1962, 91, '17.4471327', '78.3854539', 'Image+Gardens+Rd', '2014-11-25 09:23:47'),
(1963, 104, '17.4705053', '78.3565228', '500084', '2014-11-25 09:33:14'),
(1964, 91, '17.447135', '78.3854436', 'Unable+to+Track+position', '2014-11-25 09:33:51'),
(1965, 104, '17.4706181', '78.3567182', '500084', '2014-11-25 09:42:54'),
(1966, 91, '17.4470812', '78.3854527', 'Image+Gardens+Rd', '2014-11-25 09:43:46'),
(1967, 104, '17.4706255', '78.3567772', '500084', '2014-11-25 09:53:20'),
(1968, 91, '17.4470925', '78.3854519', 'Image+Gardens+Rd', '2014-11-25 09:53:46'),
(1969, 91, '17.4470761', '78.385446', 'Image+Gardens+Rd', '2014-11-25 10:03:46'),
(1970, 104, '17.4705348', '78.3564535', '500084', '2014-11-25 10:13:01'),
(1971, 91, '17.4471006', '78.3854385', 'Unable+to+Track+position', '2014-11-25 10:13:50'),
(1972, 104, '17.4705447', '78.3565307', '500084', '2014-11-25 10:22:53'),
(1973, 91, '17.4470801', '78.3854496', 'Image+Gardens+Rd', '2014-11-25 10:23:47'),
(1974, 104, '17.4705554', '78.3566095', '500084', '2014-11-25 10:32:49'),
(1975, 91, '17.4470598', '78.385448', 'Unable+to+Track+position', '2014-11-25 10:33:51'),
(1976, 91, '17.447084', '78.3854501', 'Unable+to+Track+position', '2014-11-25 10:43:51'),
(1977, 91, '17.4470746', '78.3854335', 'Unable+to+Track+position', '2014-11-25 10:53:52'),
(1978, 91, '17.4470918', '78.3854364', 'Image+Gardens+Rd', '2014-11-25 11:03:47'),
(1979, 91, '17.4470783', '78.3854507', 'Image+Gardens+Rd', '2014-11-25 11:13:47'),
(1980, 91, '17.4470936', '78.3854359', 'Unable+to+Track+position', '2014-11-25 11:23:51'),
(1981, 91, '17.4470948', '78.3854401', 'Image+Gardens+Rd', '2014-11-25 11:33:47'),
(1982, 91, '17.4470933', '78.3854378', 'Unable+to+Track+position', '2014-11-25 11:43:51'),
(1983, 91, '17.447099', '78.38544', 'Image+Gardens+Rd', '2014-11-25 11:53:47'),
(1984, 91, '17.4470933', '78.3854378', 'Image+Gardens+Rd', '2014-11-25 12:03:46'),
(1985, 91, '17.447077', '78.38545', 'Image+Gardens+Rd', '2014-11-25 12:13:46'),
(1986, 91, '17.4470978', '78.3854373', 'Unable+to+Track+position', '2014-11-25 12:23:51'),
(1987, 91, '17.4470579', '78.3854419', 'Unable+to+Track+position', '2014-11-25 12:33:51'),
(1988, 91, '17.4470972', '78.3854365', 'Unable+to+Track+position', '2014-11-25 12:43:51'),
(1989, 91, '17.4470639', '78.3854863', 'Unable+to+Track+position', '2014-11-25 12:53:51'),
(1990, 104, '17.4705202', '78.3565004', '500084', '2014-11-25 12:56:28'),
(1991, 104, '17.4705593', '78.3565091', '500084', '2014-11-25 13:03:07'),
(1992, 91, '17.4470998', '78.3854359', 'Unable+to+Track+position', '2014-11-25 13:03:51'),
(1993, 104, '17.4705276', '78.3564984', '500084', '2014-11-25 13:13:29'),
(1994, 91, '17.4470842', '78.3854863', 'Unable+to+Track+position', '2014-11-25 13:13:50'),
(1995, 104, '17.4705456', '78.3565941', '500084', '2014-11-25 13:22:51'),
(1996, 91, '17.4471046', '78.3854371', 'Unable+to+Track+position', '2014-11-25 13:23:50'),
(1997, 104, '17.4705084', '78.356569', '500084', '2014-11-25 13:33:14'),
(1998, 91, '17.4470583', '78.3854464', 'Image+Gardens+Rd', '2014-11-25 13:33:49'),
(1999, 104, '17.4705694', '78.3564894', '500084', '2014-11-25 13:43:19'),
(2000, 91, '17.4471084', '78.3854366', 'Image+Gardens+Rd', '2014-11-25 13:43:46'),
(2001, 104, '17.4705473', '78.3564966', '500084', '2014-11-25 13:52:48'),
(2002, 91, '17.4471022', '78.3854828', 'Image+Gardens+Rd', '2014-11-25 13:53:46'),
(2003, 104, '17.4705585', '78.3564984', '500084', '2014-11-25 14:03:07'),
(2004, 91, '17.4469173', '78.3853612', '20%2621', '2014-11-25 14:03:49'),
(2005, 91, '17.4469704', '78.3854815', 'Unable+to+Track+position', '2014-11-25 14:13:50'),
(2006, 104, '17.4705662', '78.3565108', '500084', '2014-11-25 14:23:12'),
(2007, 91, '17.4471104', '78.3854911', 'Unable+to+Track+position', '2014-11-25 14:23:50'),
(2008, 104, '17.4706174', '78.3564398', '500084', '2014-11-25 14:32:55'),
(2009, 91, '17.4469546', '78.3853683', 'Unable+to+Track+position', '2014-11-25 14:33:50'),
(2010, 104, '17.4705292', '78.3565649', '500084', '2014-11-25 14:42:51'),
(2011, 91, '17.4469946', '78.3853641', 'Unable+to+Track+position', '2014-11-25 14:43:51'),
(2012, 91, '17.4469731', '78.3854794', 'Image+Gardens+Rd', '2014-11-25 14:53:46'),
(2013, 104, '17.4705504', '78.3565389', '500084', '2014-11-25 14:54:36'),
(2014, 104, '17.4705983', '78.3564066', '500084', '2014-11-25 15:03:44'),
(2015, 91, '17.4470696', '78.3854907', 'Unable+to+Track+position', '2014-11-25 15:03:50'),
(2016, 104, '17.4705079', '78.3566169', '500084', '2014-11-25 15:13:04'),
(2017, 91, '17.4469506', '78.3854304', 'Image+Gardens+Rd', '2014-11-25 15:13:46'),
(2018, 104, '17.4705629', '78.3564899', '500084', '2014-11-25 15:23:27'),
(2019, 91, '17.4469548', '78.3853645', 'Unable+to+Track+position', '2014-11-25 15:23:50'),
(2020, 104, '17.4705648', '78.3564082', '500084', '2014-11-25 15:33:39'),
(2021, 91, '17.4470328', '78.3853922', 'Image+Gardens+Rd', '2014-11-25 15:33:46'),
(2022, 104, '17.4705339', '78.3564448', '500084', '2014-11-25 15:42:52'),
(2023, 91, '17.446964', '78.3854684', 'Unable+to+Track+position', '2014-11-25 15:43:51'),
(2024, 104, '17.4705439', '78.3565619', '500084', '2014-11-25 15:53:11'),
(2025, 91, '17.4469715', '78.3853931', 'Image+Gardens+Rd', '2014-11-25 15:53:46'),
(2026, 104, '17.4705504', '78.3564892', '500084', '2014-11-25 16:03:25'),
(2027, 91, '17.4469701', '78.3853863', 'Unable+to+Track+position', '2014-11-25 16:03:51'),
(2028, 91, '17.4469807', '78.3855012', 'Image+Gardens+Rd', '2014-11-25 16:13:46'),
(2029, 104, '17.4705306', '78.3565031', '500084', '2014-11-25 16:13:46'),
(2030, 104, '17.4704903', '78.3565927', '500084', '2014-11-25 16:23:13'),
(2031, 91, '17.4469527', '78.3854281', 'Unable+to+Track+position', '2014-11-25 16:23:51'),
(2032, 104, '17.4704863', '78.3565373', '500084', '2014-11-25 16:33:32'),
(2033, 91, '17.4469873', '78.3854573', 'Image+Gardens+Rd', '2014-11-25 16:33:46'),
(2034, 104, '17.470552', '78.3564864', '500084', '2014-11-25 16:42:52'),
(2035, 91, '17.4469274', '78.3853573', 'Unable+to+Track+position', '2014-11-25 16:43:51'),
(2036, 104, '17.470548', '78.3566524', '500084', '2014-11-25 16:53:12'),
(2037, 91, '17.4469567', '78.3853659', 'Image+Gardens+Rd', '2014-11-25 16:53:47'),
(2038, 104, '17.4705812', '78.3565816', '500084', '2014-11-25 17:03:36'),
(2039, 91, '17.4471069', '78.3854826', 'Unable+to+Track+position', '2014-11-25 17:03:50'),
(2040, 104, '17.4705174', '78.3564598', '500084', '2014-11-25 17:12:57'),
(2041, 91, '17.4471024', '78.3854812', 'Image+Gardens+Rd', '2014-11-25 17:13:46'),
(2042, 104, '17.4705775', '78.3564949', '500084', '2014-11-25 17:23:22'),
(2043, 91, '17.4470936', '78.3854359', 'Image+Gardens+Rd', '2014-11-25 17:23:46'),
(2044, 104, '17.4705932', '78.3565628', '500084', '2014-11-25 17:33:42'),
(2045, 91, '17.4470892', '78.385493', 'Image+Gardens+Rd', '2014-11-25 17:33:46'),
(2046, 104, '17.4704894', '78.356564', '500084', '2014-11-25 17:43:02'),
(2047, 91, '17.4471007', '78.385485', 'Unable+to+Track+position', '2014-11-25 17:43:51'),
(2048, 104, '17.4705667', '78.3565151', '500084', '2014-11-25 17:53:23'),
(2049, 91, '17.4470958', '78.3854342', 'Image+Gardens+Rd', '2014-11-25 17:53:46'),
(2050, 104, '17.4705403', '78.3565627', '500084', '2014-11-25 18:03:46'),
(2051, 91, '17.4470555', '78.3854323', 'Unable+to+Track+position', '2014-11-25 18:03:51'),
(2052, 104, '17.4705008', '78.3565521', '500084', '2014-11-25 18:13:03'),
(2053, 91, '17.4470639', '78.3854905', 'Image+Gardens+Rd', '2014-11-25 18:13:46'),
(2054, 104, '17.470549', '78.3566128', '500084', '2014-11-25 18:23:02'),
(2055, 91, '17.4469882', '78.385517', 'Image+Gardens+Rd', '2014-11-25 18:23:46'),
(2056, 105, '17.4469671', '78.3853924', 'Image+Gardens+Rd', '2014-11-25 22:44:15'),
(2057, 105, '17.4473062', '78.3849299', 'Unable+to+Track+position', '2014-11-25 23:04:20'),
(2058, 105, '17.4473062', '78.3849299', 'Unable+to+Track+position', '2014-11-25 23:14:22'),
(2059, 105, '17.4471489', '78.3854508', 'Distributor Location', '2014-11-25 23:24:10'),
(2060, 105, '17.4471231', '78.3870977', 'VIP+Hills%2C+Silicon+Valley%2C+Madhapur', '2014-11-25 23:34:18'),
(2061, 105, '17.4473062', '78.3849299', '20%2621', '2014-11-25 23:44:19'),
(2062, 105, '17.4473062', '78.3849299', '20%2621', '2014-11-25 23:54:17'),
(2063, 105, '17.4459491', '78.3858798', 'Unable+to+Track+position', '2014-11-26 00:04:21'),
(2064, 104, '17.4468423', '78.3853231', '20%2621', '2014-11-26 00:06:43'),
(2065, 104, '17.4469726', '78.3853829', 'Image+Gardens+Rd', '2014-11-26 00:16:39'),
(2066, 105, '17.444592', '78.3868299', 'Distributor Location', '2014-11-26 00:18:39'),
(2067, 104, '17.4468999', '78.3853265', '20%2621', '2014-11-26 00:22:24'),
(2068, 105, '17.4398819', '78.3952743', 'Distributor Location', '2014-11-26 00:23:55'),
(2069, 104, '17.4469408', '78.3853711', 'Image+Gardens+Rd', '2014-11-26 00:26:40'),
(2070, 105, '17.4379649', '78.3984083', 'Distributor Location', '2014-11-26 00:27:05'),
(2071, 105, '17.4388143', '78.3973987', 'Distributor Location', '2014-11-26 00:29:56'),
(2072, 105, '17.4389702', '78.3979394', 'Distributor Location', '2014-11-26 00:32:38'),
(2073, 104, '17.4469311', '78.3853636', '20%2621', '2014-11-26 00:36:39'),
(2074, 105, '17.4401202', '78.3933689', 'Distributor Location', '2014-11-26 00:39:28'),
(2075, 7, '17.4469179', '78.385352', '20%2621', '2014-11-26 00:39:36'),
(2076, 105, '17.4450504', '78.3941107', 'Distributor Location', '2014-11-26 00:42:52'),
(2077, 104, '17.4469716', '78.3853444', 'Unable+to+Track+position', '2014-11-26 00:46:46'),
(2078, 105, '17.4494465', '78.3936159', 'Distributor Location', '2014-11-26 00:47:13'),
(2079, 7, '17.447122', '78.3854489', 'Image+Gardens+Rd', '2014-11-26 00:49:40'),
(2080, 104, '17.4469388', '78.3853766', 'Image+Gardens+Rd', '2014-11-26 00:56:39'),
(2081, 7, '17.4471231', '78.3870977', 'VIP+Hills%2C+Silicon+Valley%2C+Madhapur', '2014-11-26 00:59:39'),
(2082, 105, '17.4511493', '78.3926053', 'Distributor Location', '2014-11-26 01:01:34'),
(2083, 104, '17.4469274', '78.3853839', 'Unable+to+Track+position', '2014-11-26 01:06:54'),
(2084, 7, '17.4473062', '78.3849299', '20%2621', '2014-11-26 01:09:41'),
(2085, 105, '17.4555991', '78.3831711', 'Distributor Location', '2014-11-26 01:12:20'),
(2086, 104, '17.446948', '78.3854114', 'Image+Gardens+Rd', '2014-11-26 01:16:44'),
(2087, 105, '17.4514526', '78.3840505', 'Distributor Location', '2014-11-26 01:17:55'),
(2088, 7, '17.4473062', '78.3849299', 'Unable+to+Track+position', '2014-11-26 01:19:41'),
(2089, 7, '17.4473062', '78.3849299', 'Distributor Location', '2014-11-26 01:26:54'),
(2090, 105, '17.4471134', '78.3854826', 'Distributor Location', '2014-11-26 01:26:58'),
(2091, 104, '17.4470294', '78.3855202', 'Image+Gardens+Rd', '2014-11-26 01:27:48'),
(2092, 7, '17.4473062', '78.3849299', 'Unable+to+Track+position', '2014-11-26 01:29:43'),
(2093, 104, '17.447028', '78.3855245', 'Image+Gardens+Rd', '2014-11-26 01:37:20'),
(2094, 7, '17.444592', '78.3868299', 'Unable+to+Track+position', '2014-11-26 01:39:41'),
(2095, 104, '17.4471396', '78.3854657', 'Unable+to+Track+position', '2014-11-26 01:47:36'),
(2096, 7, '17.4471231', '78.3870977', 'Unable+to+Track+position', '2014-11-26 01:49:41'),
(2097, 104, '17.4432061', '78.3916179', '294%2C+Ayyappa+Society+Main+Rd', '2014-11-26 01:56:59'),
(2098, 7, '17.4458575', '78.3869637', 'Unable+to+Track+position', '2014-11-26 01:59:44'),
(2099, 104, '17.4450033', '78.3923031', '294%2C+Ayyappa+Society+Main+Rd', '2014-11-26 02:06:49'),
(2100, 7, '17.4458575', '78.3869637', 'VIP+Hills%2C+Silicon+Valley%2C+Madhapur', '2014-11-26 02:09:40'),
(2101, 104, '17.4455182', '78.3930372', '294%2C+Ayyappa+Society+Main+Rd', '2014-11-26 02:10:38'),
(2102, 104, '17.4450093', '78.3924312', '294%2C+Ayyappa+Society+Main+Rd', '2014-11-26 02:17:10'),
(2103, 7, '17.4458575', '78.3869637', 'VIP+Hills%2C+Silicon+Valley%2C+Madhapur', '2014-11-26 02:19:41'),
(2104, 104, '17.4451424', '78.3922488', '294%2C+Ayyappa+Society+Main+Rd', '2014-11-26 02:26:42'),
(2105, 7, '17.4458575', '78.3869637', 'VIP+Hills%2C+Silicon+Valley%2C+Madhapur', '2014-11-26 02:29:40'),
(2106, 104, '17.447218', '78.3855203', 'Unable+to+Track+position', '2014-11-26 02:36:56'),
(2107, 7, '17.4458575', '78.3869637', 'Unable+to+Track+position', '2014-11-26 02:39:43'),
(2108, 104, '17.446941', '78.3853459', '20%2621', '2014-11-26 02:46:43'),
(2109, 7, '17.4458575', '78.3869637', 'VIP+Hills%2C+Silicon+Valley%2C+Madhapur', '2014-11-26 02:49:38'),
(2110, 104, '17.4469342', '78.3854111', 'Image+Gardens+Rd', '2014-11-26 02:56:49'),
(2111, 7, '17.4473062', '78.3849299', 'Unable+to+Track+position', '2014-11-26 03:01:04'),
(2112, 12, '0.0', '0.0', 'Unable+to+Track+position', '2014-11-26 03:02:02'),
(2113, 104, '17.4471492', '78.3854559', 'Image+Gardens+Rd', '2014-11-26 03:06:45'),
(2114, 7, '17.446982', '78.3853964', 'Image+Gardens+Rd', '2014-11-26 03:09:36'),
(2115, 104, '17.4469242', '78.3853596', '20%2621', '2014-11-26 03:16:54'),
(2116, 104, '17.4469609', '78.3853739', 'Image+Gardens+Rd', '2014-11-26 03:26:57'),
(2117, 7, '17.4471048', '78.3854437', 'Image+Gardens+Rd', '2014-11-26 03:29:36'),
(2118, 104, '17.4469529', '78.3853777', 'Image+Gardens+Rd', '2014-11-26 03:36:53'),
(2119, 7, '17.447117', '78.3854684', 'Image+Gardens+Rd', '2014-11-26 03:40:25'),
(2120, 104, '17.4468936', '78.3853533', '20%2621', '2014-11-26 03:46:45'),
(2121, 7, '17.447125', '78.3854496', 'Image+Gardens+Rd', '2014-11-26 03:49:36'),
(2122, 7, '17.4471186', '78.3854384', 'Image+Gardens+Rd', '2014-11-26 03:54:25'),
(2123, 104, '17.4470356', '78.3855236', 'Image+Gardens+Rd', '2014-11-26 03:56:40'),
(2124, 7, '17.4473062', '78.3849299', 'Unable+to+Track+position', '2014-11-26 04:00:16'),
(2125, 104, '17.4471496', '78.3853976', 'Image+Gardens+Rd', '2014-11-26 04:06:47'),
(2126, 7, '17.4473062', '78.3849299', 'Unable+to+Track+position', '2014-11-26 04:09:59'),
(2127, 7, '17.4473062', '78.3849299', '20%2621', '2014-11-26 04:13:40'),
(2128, 104, '17.4469631', '78.3853906', 'Image+Gardens+Rd', '2014-11-26 04:16:45'),
(2129, 7, '17.4473062', '78.3849299', '20%2621', '2014-11-26 04:19:40'),
(2130, 7, '17.4473062', '78.3849299', '20%2621', '2014-11-26 04:24:23'),
(2131, 104, '17.4469311', '78.385379', 'Image+Gardens+Rd', '2014-11-26 04:26:54'),
(2132, 7, '17.4473062', '78.3849299', 'Distributor Location', '2014-11-26 04:29:29'),
(2133, 7, '17.4473062', '78.3849299', 'Unable+to+Track+position', '2014-11-26 04:29:42'),
(2134, 7, '17.4471231', '78.3870977', 'VIP+Hills%2C+Silicon+Valley%2C+Madhapur', '2014-11-26 04:30:48'),
(2135, 7, '17.4471231', '78.3870977', 'Distributor Location', '2014-11-26 04:33:28'),
(2136, 7, '17.4471615', '78.385441', 'Distributor Location', '2014-11-26 04:37:52'),
(2137, 7, '17.447046', '78.3854056', 'Image+Gardens+Rd', '2014-11-26 04:39:36'),
(2138, 7, '17.4471088', '78.3854548', 'Image+Gardens+Rd', '2014-11-26 04:49:36'),
(2139, 7, '17.444592', '78.3868299', 'Unable+to+Track+position', '2014-11-26 04:59:43'),
(2140, 7, '17.4473062', '78.3849299', 'Unable+to+Track+position', '2014-11-26 05:09:42'),
(2141, 7, '17.4473062', '78.3849299', 'Unable+to+Track+position', '2014-11-26 05:19:49'),
(2142, 7, '17.4473062', '78.3849299', 'Unable+to+Track+position', '2014-11-26 05:29:42'),
(2143, 7, '17.4473062', '78.3849299', '20%2621', '2014-11-26 05:39:47'),
(2144, 7, '17.4473062', '78.3849299', '20%2621', '2014-11-26 05:49:40'),
(2145, 7, '17.4471247', '78.3854511', 'Distributor Location', '2014-11-26 06:00:39'),
(2146, 31, '17.4471334', '78.385454', 'Image+Gardens+Rd', '2014-11-26 06:09:53'),
(2147, 31, '17.4470888', '78.3854522', 'Distributor Location', '2014-11-26 06:15:20'),
(2148, 31, '17.4471412', '78.3854519', 'Image+Gardens+Rd', '2014-11-26 06:19:53'),
(2149, 31, '17.4470818', '78.3854423', 'Unable+to+Track+position', '2014-11-26 06:29:57'),
(2150, 31, '17.447104', '78.3854465', 'Image+Gardens+Rd', '2014-11-26 06:30:08'),
(2151, 31, '17.4471337', '78.3854459', 'Distributor Location', '2014-11-26 06:32:20'),
(2152, 31, '17.4470991', '78.3854451', 'Image+Gardens+Rd', '2014-11-26 06:39:53'),
(2153, 31, '17.4470943', '78.3854512', 'Unable+to+Track+position', '2014-11-26 06:49:57'),
(2154, 31, '17.4469708', '78.3853981', 'Image+Gardens+Rd', '2014-11-26 06:59:53'),
(2155, 31, '17.4469739', '78.3853878', 'Unable+to+Track+position', '2014-11-26 07:09:57'),
(2156, 31, '17.4469297', '78.3853448', '20%2621', '2014-11-26 07:19:53'),
(2157, 31, '17.447102', '78.3854538', 'Unable+to+Track+position', '2014-11-26 07:29:56'),
(2158, 31, '17.4469778', '78.3853847', 'Unable+to+Track+position', '2014-11-26 07:59:56'),
(2159, 31, '17.4471428', '78.3854533', 'Unable+to+Track+position', '2014-11-26 08:09:56'),
(2160, 31, '17.4471461', '78.3854484', 'Unable+to+Track+position', '2014-11-26 08:19:56'),
(2161, 31, '17.4471371', '78.3854629', 'Unable+to+Track+position', '2014-11-26 08:40:13'),
(2162, 31, '17.4471386', '78.3854499', 'Unable+to+Track+position', '2014-11-26 08:49:56'),
(2163, 31, '17.4471289', '78.3854572', 'Image+Gardens+Rd', '2014-11-26 08:59:52'),
(2164, 31, '17.4471241', '78.3854512', 'Unable+to+Track+position', '2014-11-26 09:09:56'),
(2165, 31, '17.447133', '78.3854505', 'Image+Gardens+Rd', '2014-11-26 09:19:52'),
(2166, 31, '17.4471408', '78.3854555', 'Unable+to+Track+position', '2014-11-26 09:41:14'),
(2167, 31, '17.4471392', '78.3854534', 'Unable+to+Track+position', '2014-11-26 09:49:56'),
(2168, 31, '17.4471289', '78.3854562', 'Unable+to+Track+position', '2014-11-26 10:00:01'),
(2169, 31, '17.4471289', '78.3854562', 'Unable+to+Track+position', '2014-11-26 10:39:57'),
(2170, 31, '17.4471289', '78.3854562', 'Image+Gardens+Rd', '2014-11-26 11:29:53'),
(2171, 31, '17.4471289', '78.3854562', 'Image+Gardens+Rd', '2014-11-26 11:49:53'),
(2172, 31, '17.4471289', '78.3854562', 'Image+Gardens+Rd', '2014-11-26 12:39:52'),
(2173, 31, '17.4471289', '78.3854562', 'Image+Gardens+Rd', '2014-11-26 14:39:53'),
(2174, 31, '17.4471289', '78.3854562', 'Image+Gardens+Rd', '2014-11-26 15:39:53'),
(2175, 31, '17.4471289', '78.3854562', 'Image+Gardens+Rd', '2014-11-26 15:49:52'),
(2176, 31, '17.4471289', '78.3854562', 'Image+Gardens+Rd', '2014-11-26 16:39:53'),
(2177, 31, '17.4471289', '78.3854562', 'Unable+to+Track+position', '2014-11-26 17:12:29'),
(2178, 7, '17.4471289', '78.3854562', 'Image+Gardens+Rd', '2014-11-26 22:34:14'),
(2179, 7, '17.4471289', '78.3854562', 'Distributor Location', '2014-11-26 22:35:54'),
(2180, 7, '17.4471289', '78.3854562', 'Distributor Location', '2014-11-26 22:39:51'),
(2181, 7, '17.4470331', '78.3854469', 'Distributor Location', '2014-11-26 22:49:45'),
(2182, 7, '17.4468439', '78.4825709', 'Unable+to+Track+position', '2014-11-26 22:53:29'),
(2183, 7, '17.4473075', '78.3849317', 'Distributor Location', '2014-11-26 22:55:17'),
(2184, 7, '17.4446078', '78.3868013', 'Unable+to+Track+position', '2014-11-26 23:03:29'),
(2185, 7, '17.4473075', '78.3849317', 'Unable+to+Track+position', '2014-11-26 23:13:29'),
(2186, 7, '17.4446078', '78.3868013', 'Unable+to+Track+position', '2014-11-26 23:23:32'),
(2187, 7, '17.4446078', '78.3868013', 'Unable+to+Track+position', '2014-11-26 23:33:30'),
(2188, 7, '17.4446078', '78.3868013', 'Unable+to+Track+position', '2014-11-26 23:43:30'),
(2189, 7, '17.4473075', '78.3849317', 'Unable+to+Track+position', '2014-11-26 23:44:40'),
(2190, 7, '17.4473075', '78.3849317', 'Distributor Location', '2014-11-26 23:46:53'),
(2191, 31, '17.4459577', '78.3858665', 'Unable+to+Track+position', '2014-11-26 23:49:11'),
(2192, 31, '17.4473075', '78.3849317', 'Distributor Location', '2014-11-26 23:54:20'),
(2193, 31, '17.4446078', '78.3868013', 'Distributor Location', '2014-11-27 00:00:14'),
(2194, 31, '17.4473075', '78.3849317', 'Unable+to+Track+position', '2014-11-27 00:00:20'),
(2195, 31, '17.4446078', '78.3868013', 'Unable+to+Track+position', '2014-11-27 00:09:10'),
(2196, 31, '17.4469648', '78.3854038', 'Unable+to+Track+position', '2014-11-27 00:12:57'),
(2197, 31, '17.4471464', '78.3854752', 'Unable+to+Track+position', '2014-11-27 00:29:10'),
(2198, 31, '17.4469716', '78.3853934', 'Unable+to+Track+position', '2014-11-27 00:39:10'),
(2199, 31, '17.4471257', '78.3854394', 'Unable+to+Track+position', '2014-11-27 00:49:10'),
(2200, 31, '17.4471537', '78.385463', 'Unable+to+Track+position', '2014-11-27 00:59:19'),
(2201, 31, '17.4446078', '78.3868013', 'Unable+to+Track+position', '2014-11-27 01:09:12'),
(2202, 31, '17.4446078', '78.3868013', 'Unable+to+Track+position', '2014-11-27 01:19:13'),
(2203, 31, '17.4473075', '78.3849317', 'Unable+to+Track+position', '2014-11-27 01:20:11'),
(2204, 31, '17.4459577', '78.3858665', 'Unable+to+Track+position', '2014-11-27 01:39:11'),
(2205, 31, '17.4473075', '78.3849317', 'Unable+to+Track+position', '2014-11-27 01:49:11'),
(2206, 31, '17.4446078', '78.3868013', 'Unable+to+Track+position', '2014-11-27 01:59:11'),
(2207, 31, '17.4473075', '78.3849317', 'Unable+to+Track+position', '2014-11-27 02:09:11'),
(2208, 31, '17.4473075', '78.3849317', 'Unable+to+Track+position', '2014-11-27 02:19:12'),
(2209, 31, '17.4473075', '78.3849317', 'Unable+to+Track+position', '2014-11-27 02:29:12'),
(2210, 31, '17.4446078', '78.3868013', 'Unable+to+Track+position', '2014-11-27 02:39:11'),
(2211, 31, '17.4446078', '78.3868013', 'Unable+to+Track+position', '2014-11-27 02:49:10'),
(2212, 31, '17.4446078', '78.3868013', 'Unable+to+Track+position', '2014-11-27 02:59:11'),
(2213, 31, '17.4473075', '78.3849317', 'Unable+to+Track+position', '2014-11-27 03:19:11'),
(2214, 7, '17.4471289', '78.3854562', 'Image+Gardens+Rd', '2014-11-27 03:21:33'),
(2215, 7, '17.4471289', '78.3854562', 'Unable+to+Track+position', '2014-11-27 03:31:33'),
(2216, 7, '17.4471289', '78.3854562', 'Unable+to+Track+position', '2014-11-27 03:41:33'),
(2217, 7, '17.4471289', '78.3854562', 'Image+Gardens+Rd', '2014-11-27 03:51:29'),
(2218, 7, '17.4471289', '78.3854562', 'Unable+to+Track+position', '2014-11-27 04:01:33'),
(2219, 7, '17.4471289', '78.3854562', 'Unable+to+Track+position', '2014-11-27 04:11:33'),
(2220, 7, '17.4471289', '78.3854562', 'Image+Gardens+Rd', '2014-11-27 04:21:29'),
(2221, 7, '17.4471289', '78.3854562', 'Unable+to+Track+position', '2014-11-27 04:31:33'),
(2222, 7, '17.4471289', '78.3854562', 'Image+Gardens+Rd', '2014-11-27 04:41:11'),
(2223, 7, '17.4471289', '78.3854562', 'Image+Gardens+Rd', '2014-11-27 04:51:11'),
(2224, 7, '17.4459577', '78.3858665', 'Unable+to+Track+position', '2014-11-27 04:56:06'),
(2225, 30, '17.4446078', '78.3868013', 'Unable+to+Track+position', '2014-11-27 05:02:08'),
(2226, 6, '17.4471289', '78.3854562', 'Image+Gardens+Rd', '2014-11-27 05:08:00'),
(2227, 30, '17.4446078', '78.3868013', 'Unable+to+Track+position', '2014-11-27 05:12:07'),
(2228, 6, '17.4471289', '78.3854562', 'Image+Gardens+Rd', '2014-11-27 05:18:00'),
(2229, 30, '17.4446078', '78.3868013', 'Unable+to+Track+position', '2014-11-27 05:22:07'),
(2230, 6, '17.4471289', '78.3854562', 'Image+Gardens+Rd', '2014-11-27 05:28:00'),
(2231, 30, '17.4446078', '78.3868013', 'Unable+to+Track+position', '2014-11-27 05:32:08'),
(2232, 6, '17.4471289', '78.3854562', 'Image+Gardens+Rd', '2014-11-27 05:38:00'),
(2233, 7, '17.4471289', '78.3854562', 'Unable+to+Track+position', '2014-11-28 04:15:49'),
(2234, 7, '17.4471289', '78.3854562', 'Unable+to+Track+position', '2014-11-28 04:18:17'),
(2235, 7, '17.4471289', '78.3854562', 'Unable+to+Track+position', '2014-11-28 04:25:49'),
(2236, 7, '17.4471566', '78.3854606', 'Unable+to+Track+position', '2014-12-05 01:30:14'),
(2237, 7, '17.4472965', '78.3849434', '20%2621', '2014-12-05 01:40:08'),
(2238, 7, '17.4472965', '78.3849434', '20%2621', '2014-12-05 01:50:08'),
(2239, 7, '17.4471569', '78.387102', 'Unable+to+Track+position', '2014-12-05 02:00:11'),
(2240, 7, '17.4472965', '78.3849434', 'Unable+to+Track+position', '2014-12-05 02:10:09'),
(2241, 7, '17.4471569', '78.387102', 'VIP+Hills%2C+Silicon+Valley%2C+Madhapur', '2014-12-05 02:20:09'),
(2242, 7, '17.4468163', '78.3856069', 'Unable+to+Track+position', '2014-12-05 02:30:10'),
(2243, 7, '17.4472965', '78.3849434', 'Unable+to+Track+position', '2014-12-05 02:50:09'),
(2244, 7, '17.4472965', '78.3849434', 'Unable+to+Track+position', '2014-12-05 02:50:44'),
(2245, 7, '17.4472965', '78.3849434', 'Unable+to+Track+position', '2014-12-05 03:00:09'),
(2246, 7, '17.4472965', '78.3849434', 'Unable+to+Track+position', '2014-12-05 03:10:09'),
(2247, 31, '17.447139', '78.38547', 'Image+Gardens+Rd', '2014-12-13 04:17:41'),
(2248, 31, '17.44711', '78.385455', 'Distributor Location', '2014-12-13 04:18:14'),
(2249, 31, '17.447122', '78.385494', 'Distributor Location', '2014-12-13 04:19:31'),
(2250, 7, '17.44715', '78.385471', 'Image+Gardens+Rd', '2014-12-13 04:22:01'),
(2251, 7, '17.447135', '78.385456', 'Distributor Location', '2014-12-13 04:22:31'),
(2252, 7, '17.447058', '78.385487', 'Distributor Location', '2014-12-13 04:23:25'),
(2253, 7, '17.447134', '78.385491', 'Distributor Location', '2014-12-13 04:33:55'),
(2254, 7, '17.447114', '78.385487', 'Distributor Location', '2014-12-13 04:35:06'),
(2255, 7, '17.447123', '78.385489', 'Distributor Location', '2014-12-13 04:36:09'),
(2256, 7, '17.443155', '78.394479', '2-46%2F2%2F8%2C+Madhapur+Rd', '2014-12-13 19:15:58'),
(2257, 7, '17.445887', '78.385325', 'Unable+to+Track+position', '2014-12-13 19:26:00'),
(2258, 7, '17.445887', '78.385325', 'Distributor Location', '2014-12-13 19:34:31'),
(2259, 7, '17.445887', '78.385325', '20%2621', '2014-12-13 19:35:56'),
(2260, 7, '17.445887', '78.385325', 'Distributor Location', '2014-12-13 19:39:02'),
(2261, 7, '17.445887', '78.385325', 'Distributor Location', '2014-12-13 19:43:04'),
(2262, 7, '17.445887', '78.385325', '20%2621', '2014-12-13 19:46:31'),
(2263, 7, '17.445887', '78.385325', 'Distributor Location', '2014-12-13 19:47:33'),
(2264, 7, '17.445887', '78.385325', '20%2621', '2014-12-13 19:49:48'),
(2265, 7, '17.445887', '78.385325', 'Distributor Location', '2014-12-13 19:52:53'),
(2266, 31, '17.445887', '78.385325', '20%2621', '2014-12-13 19:55:32'),
(2267, 31, '17.445887', '78.385325', 'Distributor Location', '2014-12-13 19:57:26'),
(2268, 31, '17.445887', '78.385325', 'Distributor Location', '2014-12-13 19:58:58'),
(2269, 44, '17.445887', '78.385325', '20%2621', '2014-12-13 20:03:39'),
(2270, 96, '17.445887', '78.385325', '20%2621', '2014-12-13 20:04:56'),
(2271, 96, '17.445887', '78.385325', 'Distributor Location', '2014-12-13 20:07:21'),
(2272, 96, '17.445887', '78.385325', 'Distributor Location', '2014-12-13 20:08:16'),
(2273, 96, '17.445887', '78.385325', 'Distributor Location', '2014-12-13 20:09:57'),
(2274, 96, '17.445887', '78.385325', 'Distributor Location', '2014-12-13 20:11:59'),
(2275, 96, '17.445887', '78.385325', '20%2621', '2014-12-13 20:15:00'),
(2276, 96, '17.445887', '78.385325', 'Distributor Location', '2014-12-13 20:19:49'),
(2277, 96, '17.445887', '78.385325', 'Distributor Location', '2014-12-13 20:21:48'),
(2278, 8, '17.445887', '78.385325', '20%2621', '2014-12-13 20:23:11'),
(2279, 8, '17.445887', '78.385325', 'Distributor Location', '2014-12-13 20:24:47'),
(2280, 8, '17.445887', '78.385325', 'Distributor Location', '2014-12-13 20:29:11'),
(2281, 8, '17.445887', '78.385325', '20%2621', '2014-12-13 20:33:15'),
(2282, 8, '17.445887', '78.385325', '20%2621', '2014-12-13 20:43:14'),
(2283, 8, '17.445887', '78.385325', '20%2621', '2014-12-13 20:53:15'),
(2284, 8, '17.445887', '78.385325', 'Unable+to+Track+position', '2014-12-13 21:03:15'),
(2285, 8, '17.445887', '78.385325', '20%2621', '2014-12-13 21:13:14'),
(2286, 8, '17.445887', '78.385325', 'Unable+to+Track+position', '2014-12-13 21:23:15'),
(2287, 8, '17.445887', '78.385325', '20%2621', '2014-12-13 21:33:15'),
(2288, 8, '17.445887', '78.385325', 'Distributor Location', '2014-12-13 21:37:01'),
(2289, 8, '17.445887', '78.385325', 'Distributor Location', '2014-12-13 21:41:04'),
(2290, 8, '17.445887', '78.385325', 'Distributor Location', '2014-12-13 21:43:08'),
(2291, 8, '17.445887', '78.385325', '20%2621', '2014-12-13 21:43:11'),
(2292, 15, '17.445887', '78.385325', '20%2621', '2014-12-13 21:45:23'),
(2293, 15, '17.445887', '78.385325', 'Distributor Location', '2014-12-13 21:46:25'),
(2294, 15, '17.445887', '78.385325', 'Distributor Location', '2014-12-13 21:47:43'),
(2295, 15, '17.445887', '78.385325', 'Distributor Location', '2014-12-13 21:51:40'),
(2296, 15, '17.445887', '78.385325', 'Distributor Location', '2014-12-13 21:54:56'),
(2297, 15, '17.445887', '78.385325', '20%2621', '2014-12-13 21:55:28'),
(2298, 15, '17.445887', '78.385325', 'Distributor Location', '2014-12-13 21:56:25'),
(2299, 13, '17.445887', '78.385325', '20%2621', '2014-12-13 21:58:45'),
(2300, 13, '17.445887', '78.385325', 'Distributor Location', '2014-12-13 21:59:18'),
(2301, 13, '17.445887', '78.385325', 'Distributor Location', '2014-12-13 22:01:26'),
(2302, 13, '17.445887', '78.385325', 'Distributor Location', '2014-12-13 22:04:25'),
(2303, 13, '17.445887', '78.385325', 'Distributor Location', '2014-12-13 22:05:42'),
(2304, 38, '17.445887', '78.385325', '20%2621', '2014-12-13 22:10:46'),
(2305, 38, '17.445887', '78.385325', 'Distributor Location', '2014-12-13 22:11:23'),
(2306, 38, '17.445887', '78.385325', 'Distributor Location', '2014-12-13 22:12:58'),
(2307, 91, '17.445887', '78.385325', '20%2621', '2014-12-13 22:19:22'),
(2308, 60, '17.445887', '78.385325', '20%2621', '2014-12-13 22:21:02'),
(2309, 74, '17.445887', '78.385325', '20%2621', '2014-12-13 22:22:09'),
(2310, 74, '17.445887', '78.385325', 'Distributor Location', '2014-12-13 22:22:53'),
(2311, 74, '17.445887', '78.385325', 'Unable+to+Track+position', '2014-12-13 22:32:14'),
(2312, 74, '17.445887', '78.385325', 'Unable+to+Track+position', '2014-12-13 22:42:14'),
(2313, 74, '17.445887', '78.385325', '20%2621', '2014-12-13 22:52:12'),
(2314, 74, '17.445887', '78.385325', '20%2621', '2014-12-13 23:02:13'),
(2315, 74, '17.445887', '78.385325', '20%2621', '2014-12-13 23:12:12'),
(2316, 74, '17.445887', '78.385325', '20%2621', '2014-12-13 23:22:12'),
(2317, 74, '17.445887', '78.385325', 'Distributor Location', '2014-12-13 23:30:54'),
(2318, 74, '17.445887', '78.385325', 'Distributor Location', '2014-12-13 23:31:53'),
(2319, 74, '17.445887', '78.385325', '20%2621', '2014-12-13 23:32:12'),
(2320, 74, '17.445887', '78.385325', '20%2621', '2014-12-13 23:42:13'),
(2321, 74, '17.445887', '78.385325', 'Unable+to+Track+position', '2014-12-13 23:52:13'),
(2322, 92, '17.445887', '78.385325', '20%2621', '2014-12-14 01:58:45'),
(2323, 37, '17.445887', '78.385325', '20%2621', '2014-12-14 02:03:27'),
(2324, 37, '17.446914', '78.386605', 'Unable+to+Track+position', '2014-12-14 02:23:31'),
(2325, 37, '17.446914', '78.386605', 'Unable+to+Track+position', '2014-12-14 02:33:31'),
(2326, 37, '17.446914', '78.386605', 'Image+Gardens+Rd', '2014-12-14 02:43:31'),
(2327, 37, '17.446914', '78.386605', 'Image+Gardens+Rd', '2014-12-14 02:53:31'),
(2328, 90, '17.446914', '78.386605', 'Image+Gardens+Rd', '2014-12-14 02:58:14'),
(2329, 90, '17.446914', '78.386605', 'Image+Gardens+Rd', '2014-12-14 03:08:17'),
(2330, 90, '17.446914', '78.386605', 'Image+Gardens+Rd', '2014-12-14 03:18:15'),
(2331, 7, '0.0', '0.0', 'Unable+to+Track+position', '2014-12-14 17:50:47'),
(2332, 7, '17.447092', '78.385485', 'Image+Gardens+Rd', '2014-12-14 17:51:09'),
(2333, 7, '17.44706', '78.385454', 'Image+Gardens+Rd', '2014-12-15 17:45:13'),
(2334, 7, '17.44715', '78.385492', 'Unable+to+Track+position', '2014-12-15 22:47:40'),
(2335, 7, '17.44715', '78.385492', 'Unable+to+Track+position', '2014-12-15 22:52:41'),
(2336, 7, '17.44715', '78.385492', 'Unable+to+Track+position', '2014-12-15 23:02:41'),
(2337, 7, '17.44715', '78.385492', 'Unable+to+Track+position', '2014-12-15 23:12:41'),
(2338, 7, '17.44715', '78.385492', 'Unable+to+Track+position', '2014-12-15 23:22:46'),
(2339, 7, '17.44715', '78.385492', 'Unable+to+Track+position', '2014-12-15 23:27:25'),
(2340, 7, '17.44715', '78.385492', 'Unable+to+Track+position', '2014-12-15 23:37:30'),
(2341, 7, '17.44715', '78.385492', 'Unable+to+Track+position', '2014-12-15 23:47:25'),
(2342, 7, '17.44715', '78.385492', 'Unable+to+Track+position', '2014-12-15 23:57:30'),
(2343, 7, '17.44715', '78.385492', 'Unable+to+Track+position', '2014-12-16 00:07:30'),
(2344, 7, '17.44715', '78.385492', 'Unable+to+Track+position', '2014-12-16 00:17:30'),
(2345, 7, '17.44715', '78.385492', 'Unable+to+Track+position', '2014-12-16 00:27:25'),
(2346, 7, '17.44715', '78.385492', 'Unable+to+Track+position', '2014-12-16 00:37:26'),
(2347, 7, '17.44715', '78.385492', 'Unable+to+Track+position', '2014-12-16 00:47:30'),
(2348, 7, '17.44715', '78.385492', 'Unable+to+Track+position', '2014-12-16 00:57:30'),
(2349, 7, '17.44715', '78.385492', 'Unable+to+Track+position', '2014-12-16 01:07:25'),
(2350, 7, '17.44715', '78.385492', 'Unable+to+Track+position', '2014-12-16 01:17:30'),
(2351, 7, '17.44715', '78.385492', 'Unable+to+Track+position', '2014-12-16 01:27:25'),
(2352, 7, '17.44715', '78.385492', 'Unable+to+Track+position', '2014-12-16 01:37:32'),
(2353, 7, '17.44715', '78.385492', 'Unable+to+Track+position', '2014-12-16 01:47:26'),
(2354, 7, '17.44715', '78.385492', 'Unable+to+Track+position', '2014-12-16 01:57:25'),
(2355, 7, '17.44715', '78.385492', 'Unable+to+Track+position', '2014-12-16 02:07:45'),
(2356, 7, '17.44715', '78.385492', 'Unable+to+Track+position', '2014-12-16 02:17:30'),
(2357, 7, '17.44715', '78.385492', 'Unable+to+Track+position', '2014-12-16 02:27:25'),
(2358, 7, '17.44715', '78.385492', 'Unable+to+Track+position', '2014-12-16 02:37:26'),
(2359, 7, '17.44715', '78.385492', 'Unable+to+Track+position', '2014-12-16 02:47:25'),
(2360, 7, '17.44715', '78.385492', 'Unable+to+Track+position', '2014-12-16 02:49:00'),
(2361, 7, '17.44715', '78.385492', 'Unable+to+Track+position', '2014-12-16 02:59:00'),
(2362, 7, '17.44715', '78.385492', 'Unable+to+Track+position', '2014-12-16 03:09:00'),
(2363, 7, '17.44715', '78.385492', 'Unable+to+Track+position', '2014-12-16 03:19:05'),
(2364, 7, '17.44715', '78.385492', 'Unable+to+Track+position', '2014-12-16 03:29:00'),
(2365, 7, '17.44715', '78.385492', 'Unable+to+Track+position', '2014-12-16 03:39:00'),
(2366, 7, '17.44715', '78.385492', 'Unable+to+Track+position', '2014-12-16 03:49:05'),
(2367, 7, '17.44715', '78.385492', 'Unable+to+Track+position', '2014-12-16 03:59:00'),
(2368, 7, '17.44715', '78.385492', 'Unable+to+Track+position', '2014-12-16 04:09:00'),
(2369, 7, '17.44715', '78.385492', 'Unable+to+Track+position', '2014-12-16 04:19:05'),
(2370, 7, '17.44715', '78.385492', 'Unable+to+Track+position', '2014-12-16 04:29:05'),
(2371, 7, '17.44715', '78.385492', 'Unable+to+Track+position', '2014-12-16 04:39:05'),
(2372, 7, '17.44715', '78.385492', 'Unable+to+Track+position', '2014-12-16 04:49:00'),
(2373, 7, '17.44715', '78.385492', 'Unable+to+Track+position', '2014-12-16 04:59:00'),
(2374, 7, '17.44715', '78.385492', 'Unable+to+Track+position', '2014-12-16 05:09:05'),
(2375, 7, '17.44715', '78.385492', 'Unable+to+Track+position', '2014-12-16 05:19:05'),
(2376, 7, '17.44715', '78.385492', 'Unable+to+Track+position', '2014-12-16 05:29:00'),
(2377, 7, '17.44715', '78.385492', 'Unable+to+Track+position', '2014-12-16 05:39:05'),
(2378, 7, '17.44715', '78.385492', 'Unable+to+Track+position', '2014-12-16 05:49:05'),
(2379, 7, '17.44715', '78.385492', 'Unable+to+Track+position', '2014-12-16 05:59:00'),
(2380, 7, '17.44715', '78.385492', 'Unable+to+Track+position', '2014-12-16 06:09:05'),
(2381, 7, '17.44715', '78.385492', 'Unable+to+Track+position', '2014-12-16 06:19:00'),
(2382, 7, '17.44715', '78.385492', 'Unable+to+Track+position', '2014-12-16 06:29:00'),
(2383, 7, '17.44715', '78.385492', 'Unable+to+Track+position', '2014-12-16 06:39:05'),
(2384, 7, '17.44715', '78.385492', 'Unable+to+Track+position', '2014-12-16 06:49:05'),
(2385, 7, '17.44715', '78.385492', 'Unable+to+Track+position', '2014-12-16 06:59:00'),
(2386, 7, '17.44715', '78.385492', 'Unable+to+Track+position', '2014-12-16 07:09:00'),
(2387, 7, '17.44715', '78.385492', 'Unable+to+Track+position', '2014-12-16 07:19:05'),
(2388, 7, '17.44715', '78.385492', 'Unable+to+Track+position', '2014-12-16 07:29:00'),
(2389, 7, '17.44715', '78.385492', 'Unable+to+Track+position', '2014-12-16 07:39:00'),
(2390, 7, '17.44715', '78.385492', 'Unable+to+Track+position', '2014-12-16 07:49:00'),
(2391, 7, '17.44715', '78.385492', 'Unable+to+Track+position', '2014-12-16 07:59:00'),
(2392, 7, '17.44715', '78.385492', 'Unable+to+Track+position', '2014-12-16 08:19:00'),
(2393, 7, '17.44715', '78.385492', 'Unable+to+Track+position', '2014-12-16 08:29:00'),
(2394, 7, '17.44715', '78.385492', 'Unable+to+Track+position', '2014-12-16 08:39:00'),
(2395, 7, '17.44715', '78.385492', 'Unable+to+Track+position', '2014-12-16 08:49:07'),
(2396, 7, '17.44715', '78.385492', 'Unable+to+Track+position', '2014-12-16 08:59:00'),
(2397, 7, '17.44715', '78.385492', 'Unable+to+Track+position', '2014-12-16 09:09:05'),
(2398, 7, '17.44715', '78.385492', 'Unable+to+Track+position', '2014-12-16 09:19:05'),
(2399, 7, '17.44715', '78.385492', 'Unable+to+Track+position', '2014-12-16 09:29:00'),
(2400, 7, '17.44715', '78.385492', 'Unable+to+Track+position', '2014-12-16 09:39:05'),
(2401, 7, '17.44715', '78.385492', 'Unable+to+Track+position', '2014-12-16 09:49:05'),
(2402, 7, '17.44715', '78.385492', 'Unable+to+Track+position', '2014-12-16 09:59:00'),
(2403, 7, '17.44715', '78.385492', 'Unable+to+Track+position', '2014-12-16 10:09:05'),
(2404, 7, '17.44715', '78.385492', 'Unable+to+Track+position', '2014-12-16 10:19:05'),
(2405, 7, '17.44715', '78.385492', 'Unable+to+Track+position', '2014-12-16 10:29:00'),
(2406, 7, '17.44715', '78.385492', 'Unable+to+Track+position', '2014-12-16 10:39:05'),
(2407, 7, '17.44715', '78.385492', 'Unable+to+Track+position', '2014-12-16 10:49:05'),
(2408, 7, '17.44715', '78.385492', 'Unable+to+Track+position', '2014-12-16 10:59:00');
INSERT INTO `runner_visitted_location_details` (`runner_visitted_location_id`, `user_id`, `lattitude`, `longitude`, `location`, `date_time`) VALUES
(2409, 7, '17.44715', '78.385492', 'Unable+to+Track+position', '2014-12-16 11:09:05'),
(2410, 7, '17.44715', '78.385492', 'Unable+to+Track+position', '2014-12-16 11:19:05'),
(2411, 7, '17.44715', '78.385492', 'Unable+to+Track+position', '2014-12-16 11:29:00'),
(2412, 7, '17.44715', '78.385492', 'Unable+to+Track+position', '2014-12-16 11:39:05'),
(2413, 7, '17.44715', '78.385492', 'Unable+to+Track+position', '2014-12-16 11:49:05'),
(2414, 7, '17.44715', '78.385492', 'Unable+to+Track+position', '2014-12-16 11:59:05'),
(2415, 7, '17.44715', '78.385492', 'Unable+to+Track+position', '2014-12-16 12:09:05'),
(2416, 7, '17.44715', '78.385492', 'Unable+to+Track+position', '2014-12-16 12:19:05'),
(2417, 7, '17.44715', '78.385492', 'Unable+to+Track+position', '2014-12-16 12:29:05'),
(2418, 7, '17.44715', '78.385492', 'Unable+to+Track+position', '2014-12-16 12:39:00'),
(2419, 7, '17.44715', '78.385492', 'Unable+to+Track+position', '2014-12-16 12:49:05'),
(2420, 7, '17.44715', '78.385492', 'Unable+to+Track+position', '2014-12-16 12:59:05'),
(2421, 7, '17.44715', '78.385492', 'Unable+to+Track+position', '2014-12-16 13:09:00'),
(2422, 7, '17.44715', '78.385492', 'Unable+to+Track+position', '2014-12-16 13:19:05'),
(2423, 7, '17.44715', '78.385492', 'Unable+to+Track+position', '2014-12-16 13:29:05'),
(2424, 7, '17.44715', '78.385492', 'Unable+to+Track+position', '2014-12-16 13:39:00'),
(2425, 7, '17.44715', '78.385492', 'Unable+to+Track+position', '2014-12-16 13:49:05'),
(2426, 7, '17.44715', '78.385492', 'Unable+to+Track+position', '2014-12-16 13:59:05'),
(2427, 7, '17.44715', '78.385492', 'Unable+to+Track+position', '2014-12-16 14:09:00'),
(2428, 7, '17.44715', '78.385492', 'Unable+to+Track+position', '2014-12-16 14:19:05'),
(2429, 7, '17.44715', '78.385492', 'Unable+to+Track+position', '2014-12-16 14:29:04'),
(2430, 7, '17.44715', '78.385492', 'Unable+to+Track+position', '2014-12-16 14:39:00'),
(2431, 7, '17.44715', '78.385492', 'Unable+to+Track+position', '2014-12-16 14:49:04'),
(2432, 7, '17.44715', '78.385492', 'Unable+to+Track+position', '2014-12-16 14:59:04'),
(2433, 7, '17.44715', '78.385492', 'Unable+to+Track+position', '2014-12-16 15:09:00'),
(2434, 7, '17.44715', '78.385492', 'Unable+to+Track+position', '2014-12-16 15:19:04'),
(2435, 7, '17.44715', '78.385492', 'Unable+to+Track+position', '2014-12-16 15:29:04'),
(2436, 7, '17.44715', '78.385492', 'Unable+to+Track+position', '2014-12-16 15:39:00'),
(2437, 7, '17.44715', '78.385492', 'Unable+to+Track+position', '2014-12-16 15:49:04'),
(2438, 7, '17.44715', '78.385492', 'Unable+to+Track+position', '2014-12-16 15:59:04'),
(2439, 7, '17.44715', '78.385492', 'Unable+to+Track+position', '2014-12-16 16:09:00'),
(2440, 7, '17.44715', '78.385492', 'Unable+to+Track+position', '2014-12-16 16:19:04'),
(2441, 7, '17.44715', '78.385492', 'Unable+to+Track+position', '2014-12-16 16:29:04'),
(2442, 7, '17.44715', '78.385492', 'Unable+to+Track+position', '2014-12-16 16:39:00'),
(2443, 7, '17.44715', '78.385492', 'Unable+to+Track+position', '2014-12-16 16:49:04'),
(2444, 7, '17.44715', '78.385492', 'Unable+to+Track+position', '2014-12-16 16:59:04'),
(2445, 7, '17.44715', '78.385492', 'Unable+to+Track+position', '2014-12-16 17:09:00'),
(2446, 7, '17.44715', '78.385492', 'Unable+to+Track+position', '2014-12-16 17:19:04'),
(2447, 7, '17.44715', '78.385492', 'Unable+to+Track+position', '2014-12-16 17:29:04'),
(2448, 7, '17.44715', '78.385492', 'Unable+to+Track+position', '2014-12-16 17:39:00'),
(2449, 7, '17.44715', '78.385492', 'Unable+to+Track+position', '2014-12-16 17:49:00'),
(2450, 31, '17.44715', '78.385492', 'Unable+to+Track+position', '2014-12-16 17:59:14'),
(2451, 31, '17.44715', '78.385492', 'Unable+to+Track+position', '2014-12-16 18:09:14'),
(2452, 31, '17.44715', '78.385492', 'Unable+to+Track+position', '2014-12-16 18:19:14'),
(2453, 31, '17.44715', '78.385492', 'Unable+to+Track+position', '2014-12-16 18:29:14'),
(2454, 7, '17.44715', '78.385492', 'Unable+to+Track+position', '2014-12-16 23:46:17'),
(2455, 7, '17.44715', '78.385492', 'Unable+to+Track+position', '2014-12-16 23:56:13'),
(2456, 7, '17.44715', '78.385492', 'Unable+to+Track+position', '2014-12-16 23:59:09'),
(2457, 7, '17.44715', '78.385492', 'Unable+to+Track+position', '2014-12-17 00:06:13'),
(2458, 7, '17.44715', '78.385492', 'Unable+to+Track+position', '2014-12-17 00:08:23'),
(2459, 7, '17.44715', '78.385492', 'Unable+to+Track+position', '2014-12-17 00:16:13'),
(2460, 7, '17.44715', '78.385492', 'Unable+to+Track+position', '2014-12-17 00:26:18'),
(2461, 7, '17.44715', '78.385492', 'Unable+to+Track+position', '2014-12-17 00:36:18'),
(2462, 7, '17.44715', '78.385492', 'Unable+to+Track+position', '2014-12-17 00:37:44'),
(2463, 7, '17.44715', '78.385492', 'Unable+to+Track+position', '2014-12-17 00:46:13'),
(2464, 7, '17.44715', '78.385492', 'Unable+to+Track+position', '2014-12-17 00:56:13'),
(2465, 7, '17.44715', '78.385492', 'Unable+to+Track+position', '2014-12-17 01:06:18'),
(2466, 7, '17.44715', '78.385492', 'Unable+to+Track+position', '2014-12-17 01:16:18'),
(2467, 7, '17.44715', '78.385492', 'Unable+to+Track+position', '2014-12-17 01:26:13'),
(2468, 7, '17.44715', '78.385492', 'Unable+to+Track+position', '2014-12-17 01:36:18'),
(2469, 7, '0.0', '0.0', 'Unable+to+Track+position', '2014-12-21 19:01:18'),
(2470, 7, '17.447043', '78.385492', 'Image+Gardens+Rd', '2014-12-21 19:11:21'),
(2471, 7, '17.447047', '78.385489', 'Image+Gardens+Rd', '2014-12-21 20:26:53'),
(2472, 31, '17.447123', '78.385483', 'Image+Gardens+Rd', '2014-12-21 20:31:44'),
(2473, 31, '17.447128', '78.385474', 'Image+Gardens+Rd', '2014-12-21 20:35:23'),
(2474, 31, '17.44711', '78.385486', 'Image+Gardens+Rd', '2014-12-21 20:40:51'),
(2475, 31, '17.447132', '78.385475', 'Image+Gardens+Rd', '2014-12-21 21:00:51'),
(2476, 31, '17.447128', '78.385487', 'Unable+to+Track+position', '2014-12-21 21:10:54'),
(2477, 31, '17.447144', '78.385507', 'Image+Gardens+Rd', '2014-12-21 21:18:58'),
(2478, 31, '17.447101', '78.385469', 'Image+Gardens+Rd', '2014-12-21 21:27:42'),
(2479, 31, '17.447109', '78.385479', 'Image+Gardens+Rd', '2014-12-21 21:37:45'),
(2480, 31, '17.447117', '78.385473', 'Image+Gardens+Rd', '2014-12-21 21:47:46'),
(2481, 31, '17.447082', '78.385477', 'Image+Gardens+Rd', '2014-12-21 21:57:42'),
(2482, 31, '17.447085', '78.385479', 'Image+Gardens+Rd', '2014-12-21 22:20:36'),
(2483, 31, '17.447132', '78.385477', 'Image+Gardens+Rd', '2014-12-21 22:20:37'),
(2484, 31, '17.447142', '78.385508', 'Image+Gardens+Rd', '2014-12-21 22:27:48'),
(2485, 31, '17.447117', '78.385484', 'Image+Gardens+Rd', '2014-12-21 22:42:48'),
(2486, 31, '17.447104', '78.385472', 'Unable+to+Track+position', '2014-12-21 22:48:26'),
(2487, 31, '17.44714', '78.385497', 'Image+Gardens+Rd', '2014-12-21 22:58:22'),
(2488, 31, '17.447101', '78.385475', 'Unable+to+Track+position', '2014-12-21 23:08:26'),
(2489, 31, '17.447138', '78.385528', 'Image+Gardens+Rd', '2014-12-21 23:18:22'),
(2490, 31, '17.447122', '78.385482', 'Image+Gardens+Rd', '2014-12-21 23:28:22'),
(2491, 31, '17.447069', '78.385497', 'Unable+to+Track+position', '2014-12-21 23:38:21'),
(2492, 91, '17.447069', '78.385497', 'Unable+to+Track+position', '2014-12-21 23:58:23'),
(2493, 91, '17.447069', '78.385497', 'Unable+to+Track+position', '2014-12-22 00:01:52'),
(2494, 91, '17.447069', '78.385497', 'Unable+to+Track+position', '2014-12-22 00:09:28'),
(2495, 91, '17.447069', '78.385497', 'Unable+to+Track+position', '2014-12-22 00:12:16'),
(2496, 91, '17.447069', '78.385497', 'Unable+to+Track+position', '2014-12-22 00:22:20'),
(2497, 91, '17.447069', '78.385497', 'Unable+to+Track+position', '2014-12-22 00:32:16'),
(2498, 31, '17.447069', '78.385497', 'Unable+to+Track+position', '2014-12-22 00:38:49'),
(2499, 31, '17.447069', '78.385497', 'Unable+to+Track+position', '2014-12-22 00:48:49'),
(2500, 31, '17.447069', '78.385497', 'Distributor Location', '2014-12-22 00:48:55'),
(2501, 31, '17.447069', '78.385497', 'Distributor Location', '2014-12-22 00:51:33'),
(2502, 31, '17.447069', '78.385497', 'Unable+to+Track+position', '2014-12-22 02:33:49'),
(2503, 31, '17.447069', '78.385497', 'Unable+to+Track+position', '2014-12-22 02:43:49'),
(2504, 105, '17.447193', '78.385515', 'Image+Gardens+Rd', '2014-12-22 03:54:04'),
(2505, 104, '17.448429', '78.386223', 'Image+Gardens+Rd', '2014-12-22 03:55:11'),
(2506, 104, '17.448429', '78.386223', 'Distributor Location', '2014-12-22 03:59:09'),
(2507, 105, '17.445358', '78.384933', 'Distributor Location', '2014-12-22 04:01:03'),
(2508, 104, '17.445441', '78.386123', 'Distributor Location', '2014-12-22 04:03:22'),
(2509, 105, '17.444452', '78.387037', 'Distributor Location', '2014-12-22 04:04:09'),
(2510, 105, '17.443638', '78.388005', '1-90%2F2%2F6', '2014-12-22 04:04:10'),
(2511, 104, '17.443005', '78.387708', '1-90%2F4%2FA%2F2', '2014-12-22 04:05:46'),
(2512, 105, '17.439463', '78.391036', 'Distributor Location', '2014-12-22 04:07:50'),
(2513, 104, '17.441162', '78.391525', 'Distributor Location', '2014-12-22 04:08:19'),
(2514, 105, '17.440898', '78.394621', 'Distributor Location', '2014-12-22 04:10:50'),
(2515, 105, '17.440898', '78.394621', 'Distributor Location', '2014-12-22 04:12:45'),
(2516, 104, '17.451928', '78.391458', 'Distributor Location', '2014-12-22 04:12:53'),
(2517, 105, '17.438913', '78.396208', '283%2FA%2C+Kavuri+Hills+Rd', '2014-12-22 04:14:04'),
(2518, 104, '17.451342', '78.385653', '14%2C+Image+Gardens+Rd', '2014-12-22 04:15:11'),
(2519, 104, '17.451342', '78.385653', 'Distributor Location', '2014-12-22 04:16:02'),
(2520, 105, '17.445358', '78.384933', '11%2F1', '2014-12-22 04:24:04'),
(2521, 104, '17.447341', '78.385436', '23%2C+Image+Gardens+Rd', '2014-12-22 04:25:14'),
(2522, 105, '17.446154', '78.387449', 'G-1%2C+Arunodaya+Colony', '2014-12-22 04:30:20'),
(2523, 105, '17.446154', '78.387449', 'G-1%2C+Arunodaya+Colony', '2014-12-22 04:34:00'),
(2524, 104, '17.447137', '78.385481', 'Image+Gardens+Rd', '2014-12-22 04:35:12'),
(2525, 105, '17.445358', '78.384933', '11%2F1', '2014-12-22 04:44:02'),
(2526, 104, '17.447171', '78.385445', 'Image+Gardens+Rd', '2014-12-22 04:45:12'),
(2527, 104, '17.447139', '78.385478', 'Image+Gardens+Rd', '2014-12-22 04:53:44'),
(2528, 105, '17.446154', '78.387449', 'G-1%2C+Arunodaya+Colony', '2014-12-22 04:54:02'),
(2529, 31, '17.44711', '78.385476', 'Unable+to+Track+position', '2014-12-23 18:57:16'),
(2530, 31, '17.447152', '78.385548', 'Distributor Location', '2014-12-23 18:58:28'),
(2531, 15, '17.447158', '78.385491', 'Image+Gardens+Rd', '2014-12-25 19:15:35'),
(2532, 15, '17.447135', '78.385481', 'Image+Gardens+Rd', '2014-12-25 19:25:34'),
(2533, 15, '17.446992', '78.385483', 'Image+Gardens+Rd', '2014-12-25 19:35:35'),
(2534, 15, '17.446999', '78.385502', 'Image+Gardens+Rd', '2014-12-25 19:45:35'),
(2535, 15, '17.447136', '78.385496', 'Image+Gardens+Rd', '2014-12-25 19:55:34'),
(2536, 15, '17.447016', '78.385557', 'Image+Gardens+Rd', '2014-12-25 20:05:34'),
(2537, 15, '17.447005', '78.38547', 'Image+Gardens+Rd', '2014-12-25 20:15:36'),
(2538, 15, '17.447063', '78.385492', 'Image+Gardens+Rd', '2014-12-25 20:25:35'),
(2539, 15, '17.446989', '78.385484', 'Image+Gardens+Rd', '2014-12-25 20:35:35'),
(2540, 15, '17.446975', '78.385458', 'Image+Gardens+Rd', '2014-12-25 20:45:34'),
(2541, 15, '17.44698', '78.385433', 'Image+Gardens+Rd', '2014-12-25 20:55:35'),
(2542, 15, '17.447009', '78.385492', 'Image+Gardens+Rd', '2014-12-25 21:05:34'),
(2543, 15, '17.447005', '78.385462', 'Image+Gardens+Rd', '2014-12-25 21:15:35'),
(2544, 15, '17.447007', '78.385472', 'Image+Gardens+Rd', '2014-12-25 21:25:34'),
(2545, 15, '17.447004', '78.385477', 'Image+Gardens+Rd', '2014-12-25 21:35:34'),
(2546, 15, '17.447056', '78.385482', 'Image+Gardens+Rd', '2014-12-25 21:45:34'),
(2547, 15, '17.447119', '78.385522', 'Image+Gardens+Rd', '2014-12-25 21:55:34'),
(2548, 15, '17.447028', '78.385479', 'Image+Gardens+Rd', '2014-12-25 22:05:34'),
(2549, 15, '17.447119', '78.385529', 'Image+Gardens+Rd', '2014-12-25 22:15:34'),
(2550, 15, '17.447085', '78.385512', 'Image+Gardens+Rd', '2014-12-25 22:25:35'),
(2551, 15, '17.44713', '78.385501', 'Image+Gardens+Rd', '2014-12-25 22:35:35'),
(2552, 15, '17.447007', '78.385472', 'Image+Gardens+Rd', '2014-12-25 22:45:34'),
(2553, 15, '17.446978', '78.385453', 'Image+Gardens+Rd', '2014-12-25 22:55:35'),
(2554, 15, '17.447064', '78.385465', 'Image+Gardens+Rd', '2014-12-25 23:05:35'),
(2555, 15, '17.447093', '78.385468', 'Image+Gardens+Rd', '2014-12-25 23:15:35'),
(2556, 15, '17.447033', '78.385478', 'Image+Gardens+Rd', '2014-12-25 23:25:35'),
(2557, 15, '17.447012', '78.385527', 'Image+Gardens+Rd', '2014-12-25 23:35:34'),
(2558, 8, '0.0', '0.0', 'Unable+to+Track+position', '2014-12-25 23:43:25'),
(2559, 15, '17.44706', '78.38548', 'Image+Gardens+Rd', '2014-12-25 23:45:34'),
(2560, 7, '0.0', '0.0', 'Unable+to+Track+position', '2014-12-25 23:55:33'),
(2561, 15, '17.447057', '78.385461', 'Image+Gardens+Rd', '2014-12-25 23:55:34'),
(2562, 15, '17.447074', '78.385478', 'Image+Gardens+Rd', '2014-12-26 00:05:35'),
(2563, 7, '0.0', '0.0', 'Unable+to+Track+position', '2014-12-26 00:12:17'),
(2564, 7, '0.0', '0.0', 'Unable+to+Track+position', '2014-12-26 00:15:33'),
(2565, 15, '17.44707', '78.385471', 'Image+Gardens+Rd', '2014-12-26 00:15:35'),
(2566, 15, '17.447009', '78.385445', 'Image+Gardens+Rd', '2014-12-26 00:25:34'),
(2567, 7, '0.0', '0.0', 'Unable+to+Track+position', '2014-12-26 00:30:16'),
(2568, 15, '17.447124', '78.385499', 'Image+Gardens+Rd', '2014-12-26 00:35:35'),
(2569, 7, '0.0', '0.0', 'Unable+to+Track+position', '2014-12-26 00:42:45'),
(2570, 15, '17.447059', '78.385478', 'Image+Gardens+Rd', '2014-12-26 00:45:35'),
(2571, 7, '0.0', '0.0', 'Unable+to+Track+position', '2014-12-26 00:46:16'),
(2572, 15, '17.446998', '78.385436', 'Image+Gardens+Rd', '2014-12-26 00:55:34'),
(2573, 7, '0.0', '0.0', 'Unable+to+Track+position', '2014-12-26 01:00:16'),
(2574, 15, '17.447038', '78.385462', 'Image+Gardens+Rd', '2014-12-26 01:05:34'),
(2575, 7, '0.0', '0.0', 'Unable+to+Track+position', '2014-12-26 01:12:17'),
(2576, 15, '17.446998', '78.385527', 'Image+Gardens+Rd', '2014-12-26 01:15:34'),
(2577, 7, '0.0', '0.0', 'Unable+to+Track+position', '2014-12-26 01:16:16'),
(2578, 15, '17.447001', '78.385495', 'Image+Gardens+Rd', '2014-12-26 01:25:34'),
(2579, 96, '0.0', '0.0', 'Unable+to+Track+position', '2014-12-26 01:26:16'),
(2580, 15, '17.44706', '78.385443', 'Image+Gardens+Rd', '2014-12-26 01:35:34'),
(2581, 15, '17.447109', '78.385464', 'Unable+to+Track+position', '2014-12-26 01:45:42'),
(2582, 15, '17.446988', '78.38554', 'Unable+to+Track+position', '2014-12-26 01:55:38'),
(2583, 15, '17.447028', '78.385555', 'Unable+to+Track+position', '2014-12-26 02:05:38'),
(2584, 91, '0.0', '0.0', 'Unable+to+Track+position', '2014-12-26 02:15:21'),
(2585, 15, '17.446986', '78.385518', 'Image+Gardens+Rd', '2014-12-26 02:15:35'),
(2586, 15, '17.446998', '78.385478', 'Unable+to+Track+position', '2014-12-26 02:25:38'),
(2587, 15, '17.447124', '78.38548', 'Image+Gardens+Rd', '2014-12-26 02:35:34'),
(2588, 15, '17.447127', '78.385521', 'Unable+to+Track+position', '2014-12-26 02:45:38'),
(2589, 15, '17.447121', '78.385476', 'Unable+to+Track+position', '2014-12-26 02:55:38'),
(2590, 92, '0.0', '0.0', 'Unable+to+Track+position', '2014-12-26 03:01:19'),
(2591, 15, '17.447136', '78.385505', 'Image+Gardens+Rd', '2014-12-26 03:05:34'),
(2592, 15, '17.44711', '78.385488', 'Image+Gardens+Rd', '2014-12-26 03:15:34'),
(2593, 15, '17.447029', '78.385454', 'Image+Gardens+Rd', '2014-12-26 03:25:35'),
(2594, 15, '17.447139', '78.385499', 'Unable+to+Track+position', '2014-12-26 03:35:38'),
(2595, 15, '17.447054', '78.385472', 'Unable+to+Track+position', '2014-12-26 03:45:38'),
(2596, 15, '17.44711', '78.385476', 'Image+Gardens+Rd', '2014-12-26 03:55:34'),
(2597, 15, '17.447108', '78.38546', 'Unable+to+Track+position', '2014-12-26 04:05:38'),
(2598, 15, '17.447105', '78.385471', 'Image+Gardens+Rd', '2014-12-26 04:15:34'),
(2599, 15, '17.447108', '78.385444', 'Image+Gardens+Rd', '2014-12-26 04:25:34'),
(2600, 15, '17.447142', '78.385496', 'Image+Gardens+Rd', '2014-12-26 04:35:34'),
(2601, 15, '17.447129', '78.385445', 'Unable+to+Track+position', '2014-12-26 04:45:38'),
(2602, 15, '17.447095', '78.385458', 'Unable+to+Track+position', '2014-12-26 04:55:38'),
(2603, 15, '17.447116', '78.385458', 'Image+Gardens+Rd', '2014-12-26 05:05:34'),
(2604, 15, '17.447061', '78.385464', 'Unable+to+Track+position', '2014-12-26 05:15:39'),
(2605, 15, '17.447125', '78.385442', 'Unable+to+Track+position', '2014-12-26 05:25:38'),
(2606, 15, '17.447109', '78.385488', 'Image+Gardens+Rd', '2014-12-26 05:35:34'),
(2607, 15, '17.447117', '78.385453', 'Unable+to+Track+position', '2014-12-26 05:45:38'),
(2608, 15, '17.447107', '78.385458', 'Unable+to+Track+position', '2014-12-26 05:55:38'),
(2609, 15, '17.447108', '78.38545', 'Image+Gardens+Rd', '2014-12-26 06:05:34'),
(2610, 15, '17.447085', '78.385461', 'Unable+to+Track+position', '2014-12-26 06:15:38'),
(2611, 15, '17.447112', '78.38545', 'Unable+to+Track+position', '2014-12-26 06:25:38'),
(2612, 15, '17.447116', '78.385473', 'Image+Gardens+Rd', '2014-12-26 06:35:34'),
(2613, 15, '17.447107', '78.385463', 'Image+Gardens+Rd', '2014-12-26 06:45:34'),
(2614, 15, '17.447123', '78.385443', 'Image+Gardens+Rd', '2014-12-26 06:55:34'),
(2615, 15, '17.447117', '78.38546', 'Image+Gardens+Rd', '2014-12-26 07:05:34'),
(2616, 15, '17.447074', '78.385451', 'Image+Gardens+Rd', '2014-12-26 07:15:34'),
(2617, 15, '17.447063', '78.385488', 'Unable+to+Track+position', '2014-12-26 07:25:38'),
(2618, 15, '17.447141', '78.385485', 'Image+Gardens+Rd', '2014-12-26 07:35:34'),
(2619, 15, '17.447137', '78.385444', 'Image+Gardens+Rd', '2014-12-26 07:45:34'),
(2620, 15, '17.447139', '78.385464', 'Unable+to+Track+position', '2014-12-26 07:55:38'),
(2621, 15, '17.447137', '78.385475', 'Image+Gardens+Rd', '2014-12-26 08:05:34'),
(2622, 15, '17.447134', '78.385481', 'Unable+to+Track+position', '2014-12-26 08:15:38'),
(2623, 15, '17.447119', '78.385464', 'Unable+to+Track+position', '2014-12-26 08:25:38'),
(2624, 15, '17.447121', '78.385467', 'Image+Gardens+Rd', '2014-12-26 08:35:34'),
(2625, 15, '17.447123', '78.385491', 'Image+Gardens+Rd', '2014-12-26 08:45:34'),
(2626, 15, '17.447143', '78.385474', 'Image+Gardens+Rd', '2014-12-26 08:55:34'),
(2627, 15, '17.447127', '78.385476', 'Image+Gardens+Rd', '2014-12-26 09:05:34'),
(2628, 15, '17.447117', '78.385462', 'Unable+to+Track+position', '2014-12-26 09:15:38'),
(2629, 15, '17.447128', '78.385442', 'Unable+to+Track+position', '2014-12-26 09:25:38'),
(2630, 15, '17.447117', '78.385476', 'Image+Gardens+Rd', '2014-12-26 09:35:34'),
(2631, 15, '17.447135', '78.385446', 'Unable+to+Track+position', '2014-12-26 09:45:38'),
(2632, 15, '17.447112', '78.385452', 'Unable+to+Track+position', '2014-12-26 09:55:38'),
(2633, 15, '17.447119', '78.385491', 'Image+Gardens+Rd', '2014-12-26 10:05:34'),
(2634, 15, '17.447111', '78.385465', 'Image+Gardens+Rd', '2014-12-26 10:15:34'),
(2635, 15, '17.44711', '78.385464', 'Unable+to+Track+position', '2014-12-26 10:25:38'),
(2636, 15, '17.447102', '78.385475', 'Image+Gardens+Rd', '2014-12-26 10:35:34'),
(2637, 15, '17.447118', '78.385453', 'Unable+to+Track+position', '2014-12-26 10:45:38'),
(2638, 15, '17.447087', '78.385467', 'Unable+to+Track+position', '2014-12-26 10:55:38'),
(2639, 15, '17.447101', '78.38546', 'Unable+to+Track+position', '2014-12-26 11:05:38'),
(2640, 15, '17.447113', '78.385451', 'Unable+to+Track+position', '2014-12-26 11:15:38'),
(2641, 15, '17.447116', '78.385453', 'Unable+to+Track+position', '2014-12-26 11:25:38'),
(2642, 15, '17.447138', '78.385461', 'Image+Gardens+Rd', '2014-12-26 11:35:34'),
(2643, 15, '17.447102', '78.385465', 'Unable+to+Track+position', '2014-12-26 11:45:38'),
(2644, 15, '17.447127', '78.385465', 'Unable+to+Track+position', '2014-12-26 11:55:38'),
(2645, 15, '17.447108', '78.385479', 'Image+Gardens+Rd', '2014-12-26 12:05:34'),
(2646, 15, '17.447097', '78.385471', 'Unable+to+Track+position', '2014-12-26 12:15:38'),
(2647, 15, '17.447137', '78.385462', 'Unable+to+Track+position', '2014-12-26 12:25:38'),
(2648, 15, '17.447098', '78.385467', 'Image+Gardens+Rd', '2014-12-26 12:35:34'),
(2649, 15, '17.447122', '78.385463', 'Unable+to+Track+position', '2014-12-26 12:45:38'),
(2650, 15, '17.447129', '78.385463', 'Unable+to+Track+position', '2014-12-26 12:55:38'),
(2651, 15, '17.447115', '78.385462', 'Image+Gardens+Rd', '2014-12-26 13:05:34'),
(2652, 15, '17.447138', '78.385455', 'Image+Gardens+Rd', '2014-12-26 13:15:34'),
(2653, 15, '17.447093', '78.385456', 'Image+Gardens+Rd', '2014-12-26 13:25:34'),
(2654, 15, '17.447146', '78.385462', 'Image+Gardens+Rd', '2014-12-26 13:35:34'),
(2655, 15, '17.447133', '78.385479', 'Unable+to+Track+position', '2014-12-26 13:45:38'),
(2656, 15, '17.447121', '78.385452', 'Unable+to+Track+position', '2014-12-26 13:55:38'),
(2657, 15, '17.447107', '78.385463', 'Image+Gardens+Rd', '2014-12-26 14:05:35'),
(2658, 15, '17.447114', '78.385461', 'Unable+to+Track+position', '2014-12-26 14:15:38'),
(2659, 15, '17.447107', '78.385464', 'Image+Gardens+Rd', '2014-12-26 14:25:34'),
(2660, 15, '17.44711', '78.385483', 'Unable+to+Track+position', '2014-12-26 14:35:38'),
(2661, 15, '17.447124', '78.385463', 'Image+Gardens+Rd', '2014-12-26 14:45:34'),
(2662, 15, '17.447123', '78.385475', 'Unable+to+Track+position', '2014-12-26 14:55:38'),
(2663, 15, '17.447144', '78.385488', 'Image+Gardens+Rd', '2014-12-26 15:05:34'),
(2664, 15, '17.447107', '78.38547', 'Unable+to+Track+position', '2014-12-26 15:15:38'),
(2665, 15, '17.447141', '78.385471', 'Image+Gardens+Rd', '2014-12-26 15:25:34'),
(2666, 15, '17.447156', '78.385484', 'Image+Gardens+Rd', '2014-12-26 15:35:34'),
(2667, 15, '17.447126', '78.38549', 'Unable+to+Track+position', '2014-12-26 15:45:38'),
(2668, 15, '17.447126', '78.385482', 'Image+Gardens+Rd', '2014-12-26 15:55:34'),
(2669, 15, '17.447121', '78.385487', 'Image+Gardens+Rd', '2014-12-26 16:05:34'),
(2670, 15, '17.447134', '78.385464', 'Image+Gardens+Rd', '2014-12-26 16:25:34'),
(2671, 15, '17.447105', '78.385486', 'Image+Gardens+Rd', '2014-12-26 16:35:34'),
(2672, 15, '17.447154', '78.385485', 'Image+Gardens+Rd', '2014-12-26 16:45:34'),
(2673, 15, '17.447113', '78.385486', 'Image+Gardens+Rd', '2014-12-26 16:55:34'),
(2674, 15, '17.447083', '78.38546', 'Image+Gardens+Rd', '2014-12-26 17:05:34'),
(2675, 15, '17.447123', '78.38548', 'Image+Gardens+Rd', '2014-12-26 17:15:34'),
(2676, 15, '17.447128', '78.385482', 'Image+Gardens+Rd', '2014-12-26 17:25:35'),
(2677, 15, '17.447125', '78.385484', 'Image+Gardens+Rd', '2014-12-26 17:35:34'),
(2678, 15, '17.447129', '78.385494', 'Image+Gardens+Rd', '2014-12-26 17:45:34'),
(2679, 15, '17.447152', '78.385465', 'Image+Gardens+Rd', '2014-12-26 17:55:34'),
(2680, 15, '17.447116', '78.385489', 'Image+Gardens+Rd', '2014-12-26 18:05:34'),
(2681, 15, '17.447139', '78.38548', 'Image+Gardens+Rd', '2014-12-26 18:15:34'),
(2682, 15, '17.447115', '78.385488', 'Image+Gardens+Rd', '2014-12-26 18:25:34'),
(2683, 7, '17.447049', '78.385496', 'Image+Gardens+Rd', '2014-12-28 19:57:48'),
(2684, 7, '17.447018', '78.385466', 'Image+Gardens+Rd', '2014-12-28 20:07:50'),
(2685, 7, '17.447086', '78.385471', 'Image+Gardens+Rd', '2014-12-28 20:17:48'),
(2686, 7, '17.447094', '78.385484', 'Image+Gardens+Rd', '2014-12-28 20:27:48'),
(2687, 7, '17.447107', '78.385468', 'Image+Gardens+Rd', '2014-12-28 20:37:48'),
(2688, 7, '17.447006', '78.385429', 'Image+Gardens+Rd', '2014-12-28 20:43:53'),
(2689, 7, '17.447066', '78.38548', 'Image+Gardens+Rd', '2014-12-28 20:47:48'),
(2690, 7, '17.447118', '78.385478', 'Image+Gardens+Rd', '2014-12-28 20:57:48'),
(2691, 7, '17.447099', '78.385485', 'Image+Gardens+Rd', '2014-12-28 21:07:48'),
(2692, 7, '17.447083', '78.385482', 'Image+Gardens+Rd', '2014-12-28 21:17:48'),
(2693, 7, '17.447112', '78.385508', 'Image+Gardens+Rd', '2014-12-28 21:27:48'),
(2694, 7, '17.4471', '78.385465', 'Unable+to+Track+position', '2014-12-28 21:37:52'),
(2695, 7, '17.447075', '78.385459', 'Unable+to+Track+position', '2014-12-28 21:47:52'),
(2696, 7, '17.447103', '78.385471', 'Image+Gardens+Rd', '2014-12-28 21:57:48'),
(2697, 7, '17.447156', '78.385518', 'Image+Gardens+Rd', '2014-12-28 22:10:03'),
(2698, 7, '17.447154', '78.385494', 'Image+Gardens+Rd', '2014-12-28 22:17:48'),
(2699, 7, '17.447122', '78.385478', 'Image+Gardens+Rd', '2014-12-28 22:27:48'),
(2700, 7, '17.447102', '78.385468', 'Image+Gardens+Rd', '2014-12-28 22:37:49'),
(2701, 7, '17.446998', '78.385425', 'Image+Gardens+Rd', '2014-12-28 22:47:48'),
(2702, 7, '17.447036', '78.385464', 'Image+Gardens+Rd', '2014-12-28 22:57:48'),
(2703, 7, '17.447056', '78.385523', 'Image+Gardens+Rd', '2014-12-28 23:07:48'),
(2704, 7, '17.447121', '78.385499', 'Image+Gardens+Rd', '2014-12-28 23:17:48'),
(2705, 7, '17.446999', '78.385437', 'Unable+to+Track+position', '2014-12-28 23:27:52'),
(2706, 7, '17.447113', '78.385487', 'Image+Gardens+Rd', '2014-12-28 23:37:48'),
(2707, 7, '17.447047', '78.38548', 'Image+Gardens+Rd', '2014-12-28 23:47:50'),
(2708, 7, '17.447072', '78.385476', 'Image+Gardens+Rd', '2014-12-28 23:57:48'),
(2709, 7, '17.447006', '78.385466', 'Image+Gardens+Rd', '2014-12-29 00:07:48'),
(2710, 7, '17.447091', '78.385506', 'Image+Gardens+Rd', '2014-12-29 00:17:48'),
(2711, 7, '17.447002', '78.385494', 'Image+Gardens+Rd', '2014-12-29 00:27:48'),
(2712, 7, '17.447134', '78.385498', 'Image+Gardens+Rd', '2014-12-29 00:37:48'),
(2713, 7, '17.447041', '78.385468', 'Unable+to+Track+position', '2014-12-29 00:47:52'),
(2714, 7, '17.447066', '78.385467', 'Image+Gardens+Rd', '2014-12-29 00:57:48'),
(2715, 7, '17.447052', '78.385473', 'Image+Gardens+Rd', '2014-12-29 01:07:48'),
(2716, 7, '17.446975', '78.385459', 'Image+Gardens+Rd', '2014-12-29 01:17:48'),
(2717, 7, '17.44707', '78.385465', 'Image+Gardens+Rd', '2014-12-29 01:27:48'),
(2718, 7, '17.447155', '78.385506', 'Image+Gardens+Rd', '2014-12-29 01:37:48'),
(2719, 7, '17.447067', '78.385467', 'Image+Gardens+Rd', '2014-12-29 01:47:48'),
(2720, 7, '17.447017', '78.385472', 'Image+Gardens+Rd', '2014-12-29 01:57:48'),
(2721, 7, '17.446991', '78.385415', 'Image+Gardens+Rd', '2014-12-29 02:07:47'),
(2722, 7, '17.447086', '78.385486', 'Image+Gardens+Rd', '2014-12-29 02:17:48'),
(2723, 7, '17.447152', '78.385499', 'Image+Gardens+Rd', '2014-12-29 02:27:48'),
(2724, 7, '17.447025', '78.385503', 'Image+Gardens+Rd', '2014-12-29 02:37:48'),
(2725, 7, '17.447036', '78.385512', 'Unable+to+Track+position', '2014-12-29 02:47:52'),
(2726, 7, '17.447027', '78.385466', 'Image+Gardens+Rd', '2014-12-29 02:57:50'),
(2727, 7, '17.447033', '78.385477', 'Unable+to+Track+position', '2014-12-29 03:07:52'),
(2728, 7, '17.44712', '78.385483', 'Image+Gardens+Rd', '2014-12-29 03:17:48'),
(2729, 7, '17.44704', '78.385489', 'Image+Gardens+Rd', '2014-12-29 03:27:48'),
(2730, 7, '17.447116', '78.385506', 'Image+Gardens+Rd', '2014-12-29 03:37:48'),
(2731, 7, '17.446977', '78.385484', 'Image+Gardens+Rd', '2014-12-29 03:47:48'),
(2732, 7, '17.447121', '78.385467', 'Image+Gardens+Rd', '2014-12-29 03:57:48'),
(2733, 7, '17.447088', '78.385445', 'Image+Gardens+Rd', '2014-12-29 04:07:48'),
(2734, 7, '17.447063', '78.385481', 'Image+Gardens+Rd', '2014-12-29 04:17:48'),
(2735, 7, '17.44703', '78.385457', 'Image+Gardens+Rd', '2014-12-29 04:27:47'),
(2736, 7, '17.447078', '78.385437', 'Image+Gardens+Rd', '2014-12-29 04:37:48'),
(2737, 7, '17.447028', '78.385462', 'Image+Gardens+Rd', '2014-12-29 04:47:48'),
(2738, 7, '17.447012', '78.385465', 'Image+Gardens+Rd', '2014-12-29 04:57:48'),
(2739, 7, '17.447038', '78.385449', 'Image+Gardens+Rd', '2014-12-29 05:07:48'),
(2740, 7, '17.447035', '78.385446', 'Image+Gardens+Rd', '2014-12-29 05:17:48'),
(2741, 7, '17.447061', '78.385477', 'Image+Gardens+Rd', '2014-12-29 05:27:48'),
(2742, 7, '17.447095', '78.385461', 'Image+Gardens+Rd', '2014-12-29 05:37:48'),
(2743, 7, '17.447128', '78.385439', 'Image+Gardens+Rd', '2014-12-29 05:47:48'),
(2744, 7, '17.447144', '78.385439', 'Image+Gardens+Rd', '2014-12-29 05:57:48'),
(2745, 7, '17.447085', '78.385414', 'Image+Gardens+Rd', '2014-12-29 06:07:48'),
(2746, 7, '17.447062', '78.385438', 'Image+Gardens+Rd', '2014-12-29 06:17:48'),
(2747, 7, '17.447036', '78.38543', 'Image+Gardens+Rd', '2014-12-29 06:27:48'),
(2748, 7, '17.447055', '78.385446', 'Image+Gardens+Rd', '2014-12-29 06:37:48'),
(2749, 7, '17.447047', '78.385422', 'Image+Gardens+Rd', '2014-12-29 06:47:48'),
(2750, 7, '17.447022', '78.385423', 'Image+Gardens+Rd', '2014-12-29 06:57:48'),
(2751, 7, '17.44707', '78.385414', 'Image+Gardens+Rd', '2014-12-29 07:07:47'),
(2752, 7, '17.447069', '78.385414', 'Image+Gardens+Rd', '2014-12-29 07:17:48'),
(2753, 7, '17.447036', '78.385417', 'Image+Gardens+Rd', '2014-12-29 07:27:48'),
(2754, 7, '17.447066', '78.385412', 'Image+Gardens+Rd', '2014-12-29 07:37:48'),
(2755, 7, '17.447021', '78.385418', 'Image+Gardens+Rd', '2014-12-29 07:47:48'),
(2756, 7, '17.447051', '78.385447', 'Image+Gardens+Rd', '2014-12-29 07:57:48'),
(2757, 7, '17.447082', '78.385446', 'Image+Gardens+Rd', '2014-12-29 08:07:48'),
(2758, 7, '17.447033', '78.385422', 'Unable+to+Track+position', '2014-12-29 08:17:51'),
(2759, 7, '17.44707', '78.38541', 'Image+Gardens+Rd', '2014-12-29 08:27:47'),
(2760, 7, '17.447105', '78.385445', 'Unable+to+Track+position', '2014-12-29 08:37:51'),
(2761, 7, '17.447094', '78.38546', 'Image+Gardens+Rd', '2014-12-29 08:47:47'),
(2762, 7, '17.447045', '78.385419', 'Image+Gardens+Rd', '2014-12-29 08:57:48'),
(2763, 7, '17.447078', '78.38541', 'Image+Gardens+Rd', '2014-12-29 09:07:47'),
(2764, 7, '17.447063', '78.385434', 'Image+Gardens+Rd', '2014-12-29 09:17:48'),
(2765, 7, '17.447077', '78.385414', 'Image+Gardens+Rd', '2014-12-29 09:27:48'),
(2766, 7, '17.447127', '78.385468', 'Unable+to+Track+position', '2014-12-29 09:37:51'),
(2767, 7, '17.44706', '78.38541', 'Image+Gardens+Rd', '2014-12-29 09:47:48'),
(2768, 7, '17.447124', '78.385482', 'Image+Gardens+Rd', '2014-12-29 09:57:48'),
(2769, 7, '17.44706', '78.385419', 'Image+Gardens+Rd', '2014-12-29 10:07:47'),
(2770, 7, '17.447046', '78.38543', 'Unable+to+Track+position', '2014-12-29 10:17:46'),
(2771, 7, '17.447046', '78.38543', 'Unable+to+Track+position', '2014-12-29 10:27:47'),
(2772, 7, '17.447046', '78.38543', 'Unable+to+Track+position', '2014-12-29 11:47:47'),
(2773, 7, '17.447046', '78.38543', 'Unable+to+Track+position', '2014-12-29 11:57:47'),
(2774, 7, '17.447046', '78.38543', 'Unable+to+Track+position', '2014-12-29 12:07:47'),
(2775, 7, '17.447046', '78.38543', 'Unable+to+Track+position', '2014-12-29 12:17:47'),
(2776, 7, '17.447046', '78.38543', 'Unable+to+Track+position', '2014-12-29 12:27:47'),
(2777, 7, '17.447046', '78.38543', 'Unable+to+Track+position', '2014-12-29 12:37:47'),
(2778, 7, '17.447046', '78.38543', 'Unable+to+Track+position', '2014-12-29 12:47:47'),
(2779, 7, '17.447046', '78.38543', 'Unable+to+Track+position', '2014-12-29 12:57:47'),
(2780, 7, '17.447046', '78.38543', 'Unable+to+Track+position', '2014-12-29 13:07:47'),
(2781, 7, '17.447046', '78.38543', 'Unable+to+Track+position', '2014-12-29 13:17:47'),
(2782, 7, '17.447046', '78.38543', 'Unable+to+Track+position', '2014-12-29 13:27:47'),
(2783, 7, '17.447046', '78.38543', 'Unable+to+Track+position', '2014-12-29 13:37:47'),
(2784, 7, '17.447046', '78.38543', 'Unable+to+Track+position', '2014-12-29 13:47:47'),
(2785, 7, '17.447046', '78.38543', 'Unable+to+Track+position', '2014-12-29 13:57:47'),
(2786, 7, '17.447046', '78.38543', 'Unable+to+Track+position', '2014-12-29 14:07:47'),
(2787, 7, '17.447046', '78.38543', 'Unable+to+Track+position', '2014-12-29 14:17:47'),
(2788, 7, '17.447046', '78.38543', 'Unable+to+Track+position', '2014-12-29 14:27:46'),
(2789, 7, '17.447046', '78.38543', 'Unable+to+Track+position', '2014-12-29 14:37:46'),
(2790, 7, '17.447046', '78.38543', 'Unable+to+Track+position', '2014-12-29 14:47:46'),
(2791, 7, '17.447046', '78.38543', 'Unable+to+Track+position', '2014-12-29 14:57:46'),
(2792, 7, '17.447046', '78.38543', 'Unable+to+Track+position', '2014-12-29 15:07:46'),
(2793, 7, '17.447046', '78.38543', 'Unable+to+Track+position', '2014-12-29 15:17:47'),
(2794, 7, '17.447046', '78.38543', 'Unable+to+Track+position', '2014-12-29 15:27:46'),
(2795, 7, '17.447046', '78.38543', 'Unable+to+Track+position', '2014-12-29 15:37:46'),
(2796, 7, '17.447046', '78.38543', 'Unable+to+Track+position', '2014-12-29 15:47:46'),
(2797, 7, '17.447046', '78.38543', 'Unable+to+Track+position', '2014-12-29 15:57:46'),
(2798, 7, '17.447046', '78.38543', 'Unable+to+Track+position', '2014-12-29 16:07:46'),
(2799, 7, '17.447046', '78.38543', 'Unable+to+Track+position', '2014-12-29 16:17:46'),
(2800, 7, '17.447046', '78.38543', 'Unable+to+Track+position', '2014-12-29 16:27:46'),
(2801, 7, '17.447046', '78.38543', 'Unable+to+Track+position', '2014-12-29 16:37:46'),
(2802, 7, '17.447046', '78.38543', 'Unable+to+Track+position', '2014-12-29 16:47:46'),
(2803, 7, '17.447046', '78.38543', 'Unable+to+Track+position', '2014-12-29 16:57:46'),
(2804, 7, '17.447046', '78.38543', 'Unable+to+Track+position', '2014-12-29 17:07:46'),
(2805, 7, '17.447046', '78.38543', 'Unable+to+Track+position', '2014-12-29 17:17:46'),
(2806, 7, '17.447046', '78.38543', 'Unable+to+Track+position', '2014-12-29 17:27:46'),
(2807, 7, '17.447046', '78.38543', 'Unable+to+Track+position', '2014-12-29 17:37:46'),
(2808, 7, '17.447046', '78.38543', 'Unable+to+Track+position', '2014-12-29 17:47:46'),
(2809, 7, '17.447046', '78.38543', 'Unable+to+Track+position', '2014-12-29 17:57:46'),
(2810, 7, '17.447046', '78.38543', 'Unable+to+Track+position', '2014-12-29 18:07:46'),
(2811, 7, '17.447046', '78.38543', 'Unable+to+Track+position', '2014-12-29 18:17:46'),
(2812, 7, '17.447046', '78.38543', 'Unable+to+Track+position', '2014-12-29 18:27:46'),
(2813, 7, '17.447111', '78.385624', 'Image+Gardens+Rd', '2015-01-04 20:59:38'),
(2814, 7, '17.447064', '78.385477', 'Image+Gardens+Rd', '2015-01-04 21:09:38'),
(2815, 7, '17.447081', '78.385466', 'Image+Gardens+Rd', '2015-01-04 21:19:40'),
(2816, 7, '17.447123', '78.385462', 'Image+Gardens+Rd', '2015-01-04 21:29:40'),
(2817, 7, '17.447071', '78.385521', 'Image+Gardens+Rd', '2015-01-04 21:39:40'),
(2818, 7, '17.447114', '78.385484', 'Image+Gardens+Rd', '2015-01-04 21:49:40'),
(2819, 7, '17.447068', '78.385478', 'Image+Gardens+Rd', '2015-01-04 21:59:40'),
(2820, 7, '17.447103', '78.38548', 'Unable+to+Track+position', '2015-01-04 22:09:41'),
(2821, 7, '17.447098', '78.385433', 'Unable+to+Track+position', '2015-01-04 22:19:41'),
(2822, 7, '17.446989', '78.385517', 'Image+Gardens+Rd', '2015-01-04 22:29:40'),
(2823, 7, '17.447029', '78.385497', 'Image+Gardens+Rd', '2015-01-04 23:39:48'),
(2824, 7, '17.44708', '78.385488', 'Unable+to+Track+position', '2015-01-04 23:49:41'),
(2825, 7, '17.447155', '78.385549', 'Image+Gardens+Rd', '2015-01-04 23:59:50'),
(2826, 7, '17.447039', '78.385459', 'Image+Gardens+Rd', '2015-01-05 01:42:29'),
(2827, 7, '17.447126', '78.385576', 'Image+Gardens+Rd', '2015-01-05 01:42:30'),
(2828, 7, '17.447097', '78.385483', 'Image+Gardens+Rd', '2015-01-05 01:42:30'),
(2829, 7, '17.447091', '78.385515', 'Unable+to+Track+position', '2015-01-05 01:42:31'),
(2830, 7, '17.447149', '78.385561', 'Unable+to+Track+position', '2015-01-05 01:42:32'),
(2831, 7, '17.447125', '78.38552', 'Unable+to+Track+position', '2015-01-05 01:42:32'),
(2832, 7, '17.447117', '78.385455', 'Image+Gardens+Rd', '2015-01-05 01:42:33'),
(2833, 7, '17.447145', '78.38548', 'Unable+to+Track+position', '2015-01-05 01:42:33'),
(2834, 7, '17.447112', '78.385532', 'Image+Gardens+Rd', '2015-01-05 01:42:34'),
(2835, 7, '17.447164', '78.385536', 'Unable+to+Track+position', '2015-01-05 01:42:35'),
(2836, 7, '17.447171', '78.385467', 'Unable+to+Track+position', '2015-01-05 01:49:41'),
(2837, 7, '17.447051', '78.385536', 'Unable+to+Track+position', '2015-01-05 01:59:41'),
(2838, 7, '17.447087', '78.385547', 'Unable+to+Track+position', '2015-01-05 02:09:41'),
(2839, 7, '17.447174', '78.385479', 'Unable+to+Track+position', '2015-01-05 02:19:59'),
(2840, 7, '17.446983', '78.385513', 'Unable+to+Track+position', '2015-01-05 02:29:41'),
(2841, 7, '17.447096', '78.385495', 'Unable+to+Track+position', '2015-01-05 02:39:41'),
(2842, 7, '17.447106', '78.385487', 'Unable+to+Track+position', '2015-01-05 02:49:41'),
(2843, 7, '17.447152', '78.385461', 'Unable+to+Track+position', '2015-01-05 02:59:42'),
(2844, 7, '17.447057', '78.385567', 'Image+Gardens+Rd', '2015-01-05 03:09:40'),
(2845, 7, '17.44713', '78.385506', 'Unable+to+Track+position', '2015-01-05 03:19:41'),
(2846, 7, '17.447134', '78.38548', 'Unable+to+Track+position', '2015-01-05 03:29:41'),
(2847, 7, '17.447168', '78.385487', 'Image+Gardens+Rd', '2015-01-05 03:39:37'),
(2848, 7, '17.447037', '78.385477', 'Image+Gardens+Rd', '2015-01-05 20:37:09'),
(2849, 7, '17.447099', '78.385479', 'Image+Gardens+Rd', '2015-01-05 20:57:10'),
(2850, 7, '17.447049', '78.385479', 'Image+Gardens+Rd', '2015-01-05 21:07:12'),
(2851, 7, '17.447184', '78.385545', 'Image+Gardens+Rd', '2015-01-05 21:17:09'),
(2852, 7, '17.4471', '78.385468', 'Unable+to+Track+position', '2015-01-05 21:27:13'),
(2853, 7, '17.44704', '78.385452', 'Unable+to+Track+position', '2015-01-05 21:37:13'),
(2854, 7, '17.447037', '78.385443', 'Image+Gardens+Rd', '2015-01-05 21:47:09'),
(2855, 7, '17.447143', '78.385487', 'Unable+to+Track+position', '2015-01-05 21:57:13'),
(2856, 7, '17.447109', '78.385491', 'Unable+to+Track+position', '2015-01-05 22:07:13'),
(2857, 7, '17.447112', '78.385511', 'Unable+to+Track+position', '2015-01-05 22:17:13'),
(2858, 7, '17.447132', '78.385578', 'Unable+to+Track+position', '2015-01-05 22:27:13'),
(2859, 7, '17.447094', '78.385499', 'Image+Gardens+Rd', '2015-01-05 22:37:11'),
(2860, 7, '17.447086', '78.385614', 'Image+Gardens+Rd', '2015-01-05 22:47:11'),
(2861, 7, '17.447094', '78.385506', 'Unable+to+Track+position', '2015-01-05 22:57:13'),
(2862, 7, '17.447052', '78.385507', 'Unable+to+Track+position', '2015-01-05 23:07:13'),
(2863, 7, '17.447173', '78.385473', 'Unable+to+Track+position', '2015-01-05 23:17:13'),
(2864, 7, '17.4472', '78.385463', 'Image+Gardens+Rd', '2015-01-05 23:27:11'),
(2865, 7, '17.447104', '78.38553', 'Unable+to+Track+position', '2015-01-05 23:37:13'),
(2866, 7, '17.447125', '78.38547', 'Image+Gardens+Rd', '2015-01-05 23:49:34'),
(2867, 7, '17.447129', '78.385476', 'Distributor Location', '2015-01-05 23:55:16'),
(2868, 7, '17.447193', '78.385487', 'Distributor Location', '2015-01-05 23:56:19'),
(2869, 7, '17.447148', '78.385579', 'Image+Gardens+Rd', '2015-01-05 23:57:11'),
(2870, 7, '17.447193', '78.385461', 'Distributor Location', '2015-01-06 00:01:08'),
(2871, 7, '17.44714', '78.385499', 'Distributor Location', '2015-01-06 00:04:26'),
(2872, 7, '17.4472', '78.385499', 'Distributor Location', '2015-01-06 00:05:52'),
(2873, 7, '17.44715', '78.385468', 'Image+Gardens+Rd', '2015-01-06 00:07:09'),
(2874, 7, '17.4472', '78.385495', 'Distributor Location', '2015-01-06 00:07:23'),
(2875, 7, '17.447116', '78.385481', 'Distributor Location', '2015-01-06 00:10:28'),
(2876, 7, '17.44709', '78.385481', 'Distributor Location', '2015-01-06 00:16:58'),
(2877, 7, '17.447093', '78.385479', 'Image+Gardens+Rd', '2015-01-06 00:17:18'),
(2878, 7, '17.44712', '78.385474', 'Distributor Location', '2015-01-06 00:23:23'),
(2879, 7, '17.447106', '78.385474', 'Distributor Location', '2015-01-06 00:26:37'),
(2880, 7, '17.447143', '78.385474', 'Image+Gardens+Rd', '2015-01-06 00:27:50'),
(2881, 7, '17.447041', '78.385487', 'Distributor Location', '2015-01-06 00:29:54'),
(2882, 7, '17.447084', '78.385473', 'Distributor Location', '2015-01-06 00:34:18'),
(2883, 7, '17.447157', '78.385491', 'Image+Gardens+Rd', '2015-01-06 00:38:00'),
(2884, 7, '17.447015', '78.385395', 'Image+Gardens+Rd', '2015-01-06 00:47:12'),
(2885, 7, '17.447056', '78.385474', 'Distributor Location', '2015-01-06 00:49:57'),
(2886, 7, '17.447078', '78.385491', 'Unable+to+Track+position', '2015-01-06 00:57:13'),
(2887, 7, '17.447097', '78.385499', 'Unable+to+Track+position', '2015-01-06 01:07:13'),
(2888, 7, '17.447148', '78.3855', 'Unable+to+Track+position', '2015-01-06 01:17:13'),
(2889, 7, '17.447068', '78.385495', 'Unable+to+Track+position', '2015-01-06 01:27:13'),
(2890, 7, '17.447082', '78.385473', 'Unable+to+Track+position', '2015-01-06 01:37:13'),
(2891, 7, '17.447169', '78.385525', 'Image+Gardens+Rd', '2015-01-06 01:47:11'),
(2892, 7, '17.447132', '78.385482', 'Unable+to+Track+position', '2015-01-06 01:57:13'),
(2893, 7, '17.447145', '78.38548', 'Unable+to+Track+position', '2015-01-06 02:07:13'),
(2894, 7, '17.447116', '78.385524', 'Unable+to+Track+position', '2015-01-06 02:17:13'),
(2895, 7, '17.447145', '78.385481', 'Unable+to+Track+position', '2015-01-06 02:27:13'),
(2896, 7, '17.447119', '78.385479', 'Image+Gardens+Rd', '2015-01-06 02:27:30'),
(2897, 7, '17.447103', '78.385483', 'Unable+to+Track+position', '2015-01-06 02:37:12'),
(2898, 7, '17.447103', '78.385483', 'Unable+to+Track+position', '2015-01-06 02:47:12'),
(2899, 7, '17.447103', '78.385483', 'Unable+to+Track+position', '2015-01-06 02:57:15'),
(2900, 7, '17.447103', '78.385483', 'Unable+to+Track+position', '2015-01-06 03:07:12'),
(2901, 7, '17.447103', '78.385483', 'Unable+to+Track+position', '2015-01-06 03:17:12'),
(2902, 7, '17.447103', '78.385483', 'Unable+to+Track+position', '2015-01-06 03:27:08'),
(2903, 7, '17.447103', '78.385483', 'Unable+to+Track+position', '2015-01-06 03:37:12'),
(2904, 7, '17.447103', '78.385483', 'Unable+to+Track+position', '2015-01-06 03:47:12'),
(2905, 7, '17.447103', '78.385483', 'Unable+to+Track+position', '2015-01-06 03:57:12'),
(2906, 7, '17.447103', '78.385483', 'Unable+to+Track+position', '2015-01-06 04:07:08'),
(2907, 7, '17.447103', '78.385483', 'Unable+to+Track+position', '2015-01-06 05:54:14'),
(2908, 7, '17.447103', '78.385483', 'Unable+to+Track+position', '2015-01-06 05:54:15'),
(2909, 7, '17.447103', '78.385483', 'Unable+to+Track+position', '2015-01-06 05:57:09'),
(2910, 7, '17.447103', '78.385483', 'Unable+to+Track+position', '2015-01-06 08:07:50'),
(2911, 7, '17.447103', '78.385483', 'Unable+to+Track+position', '2015-01-06 08:07:51'),
(2912, 7, '17.447103', '78.385483', 'Unable+to+Track+position', '2015-01-06 08:07:51'),
(2913, 7, '17.447103', '78.385483', 'Unable+to+Track+position', '2015-01-06 09:07:59'),
(2914, 7, '17.447103', '78.385483', 'Unable+to+Track+position', '2015-01-06 09:08:00'),
(2915, 7, '17.447103', '78.385483', 'Unable+to+Track+position', '2015-01-06 09:08:01'),
(2916, 7, '17.447103', '78.385483', 'Unable+to+Track+position', '2015-01-06 10:15:21'),
(2917, 7, '17.447103', '78.385483', 'Unable+to+Track+position', '2015-01-06 10:15:22'),
(2918, 7, '17.447103', '78.385483', 'Unable+to+Track+position', '2015-01-06 10:15:22'),
(2919, 7, '17.447103', '78.385483', 'Unable+to+Track+position', '2015-01-06 10:17:08'),
(2920, 7, '17.447103', '78.385483', 'Unable+to+Track+position', '2015-01-06 11:08:05'),
(2921, 7, '17.447103', '78.385483', 'Unable+to+Track+position', '2015-01-06 11:08:06'),
(2922, 7, '17.447103', '78.385483', 'Unable+to+Track+position', '2015-01-06 12:08:03'),
(2923, 7, '17.447103', '78.385483', 'Unable+to+Track+position', '2015-01-06 12:08:04'),
(2924, 7, '17.447103', '78.385483', 'Unable+to+Track+position', '2015-01-06 13:07:56'),
(2925, 7, '17.447103', '78.385483', 'Unable+to+Track+position', '2015-01-06 13:07:57'),
(2926, 7, '17.447103', '78.385483', 'Unable+to+Track+position', '2015-01-06 13:07:57'),
(2927, 7, '17.447103', '78.385483', 'Unable+to+Track+position', '2015-01-06 14:07:57'),
(2928, 7, '17.447103', '78.385483', 'Unable+to+Track+position', '2015-01-06 14:07:58'),
(2929, 7, '17.447103', '78.385483', 'Unable+to+Track+position', '2015-01-06 14:07:59'),
(2930, 7, '17.447103', '78.385483', 'Unable+to+Track+position', '2015-01-06 15:07:57'),
(2931, 7, '17.447103', '78.385483', 'Unable+to+Track+position', '2015-01-06 15:07:58'),
(2932, 7, '17.447103', '78.385483', 'Unable+to+Track+position', '2015-01-06 15:07:58'),
(2933, 7, '17.447103', '78.385483', 'Unable+to+Track+position', '2015-01-06 15:35:22'),
(2934, 7, '17.447103', '78.385483', 'Unable+to+Track+position', '2015-01-06 15:37:09'),
(2935, 7, '17.447103', '78.385483', 'Unable+to+Track+position', '2015-01-06 16:07:53'),
(2936, 7, '17.447103', '78.385483', 'Unable+to+Track+position', '2015-01-06 16:07:54'),
(2937, 7, '17.447103', '78.385483', 'Unable+to+Track+position', '2015-01-06 16:28:50'),
(2938, 7, '17.447103', '78.385483', 'Unable+to+Track+position', '2015-01-06 16:55:23'),
(2939, 7, '17.447103', '78.385483', 'Unable+to+Track+position', '2015-01-06 16:57:09'),
(2940, 7, '17.447103', '78.385483', 'Unable+to+Track+position', '2015-01-06 17:17:09'),
(2941, 7, '17.447103', '78.385483', 'Unable+to+Track+position', '2015-01-06 17:42:12'),
(2942, 7, '17.447103', '78.385483', 'Unable+to+Track+position', '2015-01-06 17:42:12'),
(2943, 7, '17.447103', '78.385483', 'Unable+to+Track+position', '2015-01-06 17:47:09'),
(2944, 7, '17.447103', '78.385483', 'Unable+to+Track+position', '2015-01-06 18:07:09'),
(2945, 7, '17.447103', '78.385483', 'Unable+to+Track+position', '2015-01-06 18:17:09'),
(2946, 7, '17.447103', '78.385483', 'Unable+to+Track+position', '2015-01-06 18:27:13'),
(2947, 7, '17.447103', '78.385483', 'Unable+to+Track+position', '2015-01-06 18:48:42'),
(2948, 7, '17.447103', '78.385483', 'Unable+to+Track+position', '2015-01-06 19:02:04'),
(2949, 7, '17.447103', '78.385483', 'Unable+to+Track+position', '2015-01-06 19:08:42'),
(2950, 7, '17.447103', '78.385483', 'Unable+to+Track+position', '2015-01-06 19:18:47'),
(2951, 7, '17.447103', '78.385483', 'Unable+to+Track+position', '2015-01-06 19:28:47'),
(2952, 7, '17.447103', '78.385483', 'Unable+to+Track+position', '2015-01-06 20:04:08'),
(2953, 7, '17.447103', '78.385483', 'Unable+to+Track+position', '2015-01-06 20:04:09'),
(2954, 7, '17.447103', '78.385483', 'Unable+to+Track+position', '2015-01-06 20:04:09'),
(2955, 7, '17.447103', '78.385483', 'Unable+to+Track+position', '2015-01-06 20:08:42'),
(2956, 7, '17.447103', '78.385483', 'Unable+to+Track+position', '2015-01-06 20:18:43'),
(2957, 7, '17.447103', '78.385483', 'Unable+to+Track+position', '2015-01-06 20:28:42'),
(2958, 7, '17.447103', '78.385483', 'Unable+to+Track+position', '2015-01-06 20:38:42'),
(2959, 7, '17.447103', '78.385483', 'Unable+to+Track+position', '2015-01-06 20:48:42'),
(2960, 7, '17.447103', '78.385483', 'Unable+to+Track+position', '2015-01-06 20:58:42'),
(2961, 7, '17.447103', '78.385483', 'Unable+to+Track+position', '2015-01-06 21:08:42'),
(2962, 7, '17.447103', '78.385483', 'Unable+to+Track+position', '2015-01-06 21:18:42'),
(2963, 92, '0.0', '0.0', 'Unable+to+Track+position', '2015-01-06 21:22:20'),
(2964, 7, '17.447103', '78.385483', 'Unable+to+Track+position', '2015-01-06 21:28:42'),
(2965, 92, '0.0', '0.0', 'Unable+to+Track+position', '2015-01-06 21:32:24'),
(2966, 7, '17.447103', '78.385483', 'Unable+to+Track+position', '2015-01-06 21:38:42'),
(2967, 92, '0.0', '0.0', 'Unable+to+Track+position', '2015-01-06 21:45:17'),
(2968, 7, '17.447103', '78.385483', 'Unable+to+Track+position', '2015-01-06 21:48:42'),
(2969, 7, '17.447103', '78.385483', 'Unable+to+Track+position', '2015-01-06 21:58:42'),
(2970, 7, '17.447103', '78.385483', 'Unable+to+Track+position', '2015-01-06 22:08:42'),
(2971, 58, '0.0', '0.0', 'Unable+to+Track+position', '2015-01-06 22:10:52'),
(2972, 7, '17.447103', '78.385483', 'Unable+to+Track+position', '2015-01-06 22:18:42'),
(2973, 15, '0.0', '0.0', 'Unable+to+Track+position', '2015-01-06 22:18:59'),
(2974, 7, '17.447103', '78.385483', 'Unable+to+Track+position', '2015-01-06 22:28:42'),
(2975, 7, '17.447103', '78.385483', 'Unable+to+Track+position', '2015-01-06 22:28:48'),
(2976, 97, '0.0', '0.0', 'Unable+to+Track+position', '2015-01-06 22:31:10'),
(2977, 74, '0.0', '0.0', 'Unable+to+Track+position', '2015-01-06 22:34:18'),
(2978, 98, '0.0', '0.0', 'Unable+to+Track+position', '2015-01-06 22:38:02'),
(2979, 38, '0.0', '0.0', 'Unable+to+Track+position', '2015-01-06 22:42:14'),
(2980, 7, '17.447103', '78.385483', 'Unable+to+Track+position', '2015-01-06 22:44:05'),
(2981, 7, '17.447103', '78.385483', 'Unable+to+Track+position', '2015-01-06 22:48:42'),
(2982, 7, '17.447103', '78.385483', 'Unable+to+Track+position', '2015-01-06 22:58:47'),
(2983, 7, '17.447103', '78.385483', 'Unable+to+Track+position', '2015-01-06 23:01:21'),
(2984, 90, '0.0', '0.0', 'Unable+to+Track+position', '2015-01-06 23:03:06'),
(2985, 7, '17.447103', '78.385483', 'Unable+to+Track+position', '2015-01-06 23:04:23'),
(2986, 7, '17.447103', '78.385483', 'Unable+to+Track+position', '2015-01-06 23:08:12'),
(2987, 7, '17.447103', '78.385483', 'Unable+to+Track+position', '2015-01-06 23:18:12'),
(2988, 93, '0.0', '0.0', 'Unable+to+Track+position', '2015-01-06 23:22:02'),
(2989, 7, '17.447103', '78.385483', 'Unable+to+Track+position', '2015-01-06 23:28:12'),
(2990, 93, '0.0', '0.0', 'Unable+to+Track+position', '2015-01-06 23:31:58'),
(2991, 7, '17.447103', '78.385483', 'Unable+to+Track+position', '2015-01-06 23:37:06'),
(2992, 95, '0.0', '0.0', 'Unable+to+Track+position', '2015-01-06 23:41:56'),
(2993, 96, '0.0', '0.0', 'Unable+to+Track+position', '2015-01-06 23:46:24'),
(2994, 7, '17.447103', '78.385483', 'Unable+to+Track+position', '2015-01-06 23:46:57'),
(2995, 7, '17.447103', '78.385483', 'Unable+to+Track+position', '2015-01-06 23:56:56'),
(2996, 8, '0.0', '0.0', 'Unable+to+Track+position', '2015-01-06 23:58:45'),
(2997, 7, '17.447103', '78.385483', 'Unable+to+Track+position', '2015-01-06 23:59:06'),
(2998, 7, '17.447103', '78.385483', 'Unable+to+Track+position', '2015-01-07 00:05:07'),
(2999, 7, '17.447103', '78.385483', 'Distributor Location', '2015-01-07 00:05:59'),
(3000, 7, '17.447103', '78.385483', 'Distributor Location', '2015-01-07 00:07:26'),
(3001, 122, '0.0', '0.0', 'Unable+to+Track+position', '2015-01-07 00:08:40'),
(3002, 7, '17.447103', '78.385483', 'Unable+to+Track+position', '2015-01-07 00:15:12'),
(3003, 122, '0.0', '0.0', 'Unable+to+Track+position', '2015-01-07 00:18:40'),
(3004, 7, '17.447103', '78.385483', 'Unable+to+Track+position', '2015-01-07 00:25:12'),
(3005, 122, '0.0', '0.0', 'Unable+to+Track+position', '2015-01-07 00:28:40'),
(3006, 7, '17.447103', '78.385483', 'Unable+to+Track+position', '2015-01-07 00:35:12'),
(3007, 7, '17.447103', '78.385483', 'Unable+to+Track+position', '2015-01-07 00:45:12'),
(3008, 7, '17.447103', '78.385483', 'Unable+to+Track+position', '2015-01-07 00:55:07'),
(3009, 7, '17.447103', '78.385483', 'Unable+to+Track+position', '2015-01-07 01:05:11'),
(3010, 7, '17.447103', '78.385483', 'Unable+to+Track+position', '2015-01-07 01:15:12'),
(3011, 7, '17.447103', '78.385483', 'Unable+to+Track+position', '2015-01-07 01:25:12'),
(3012, 104, '0.0', '0.0', 'Unable+to+Track+position', '2015-01-07 01:34:24'),
(3013, 7, '17.447103', '78.385483', 'Unable+to+Track+position', '2015-01-07 01:35:12'),
(3014, 104, '0.0', '0.0', 'Unable+to+Track+position', '2015-01-07 01:44:24');
INSERT INTO `runner_visitted_location_details` (`runner_visitted_location_id`, `user_id`, `lattitude`, `longitude`, `location`, `date_time`) VALUES
(3015, 7, '17.447103', '78.385483', 'Unable+to+Track+position', '2015-01-07 01:45:12'),
(3016, 104, '0.0', '0.0', 'Unable+to+Track+position', '2015-01-07 01:54:24'),
(3017, 7, '17.447103', '78.385483', 'Unable+to+Track+position', '2015-01-07 01:55:12'),
(3018, 104, '0.0', '0.0', 'Unable+to+Track+position', '2015-01-07 02:04:24'),
(3019, 7, '17.447103', '78.385483', 'Unable+to+Track+position', '2015-01-07 02:05:12'),
(3020, 7, '17.447103', '78.385483', 'Unable+to+Track+position', '2015-01-07 02:15:12'),
(3021, 95, '0.0', '0.0', 'Unable+to+Track+position', '2015-01-07 02:21:37'),
(3022, 7, '17.447103', '78.385483', 'Unable+to+Track+position', '2015-01-07 02:25:12'),
(3023, 7, '17.447103', '78.385483', 'Unable+to+Track+position', '2015-01-07 02:35:12'),
(3024, 7, '17.447103', '78.385483', 'Unable+to+Track+position', '2015-01-07 02:45:12'),
(3025, 7, '17.447103', '78.385483', 'Unable+to+Track+position', '2015-01-07 02:55:12'),
(3026, 7, '17.447103', '78.385483', 'Unable+to+Track+position', '2015-01-07 03:05:12'),
(3027, 7, '17.447103', '78.385483', 'Unable+to+Track+position', '2015-01-07 03:15:12'),
(3028, 7, '17.447103', '78.385483', 'Unable+to+Track+position', '2015-01-07 03:25:07'),
(3029, 7, '17.447103', '78.385483', 'Unable+to+Track+position', '2015-01-07 03:35:12'),
(3030, 7, '17.447103', '78.385483', 'Unable+to+Track+position', '2015-01-07 03:45:12'),
(3031, 7, '17.447103', '78.385483', 'Unable+to+Track+position', '2015-01-07 03:55:07'),
(3032, 7, '17.447103', '78.385483', 'Unable+to+Track+position', '2015-01-07 04:05:06'),
(3033, 7, '17.447103', '78.385483', 'Unable+to+Track+position', '2015-01-07 05:55:07'),
(3034, 7, '17.447103', '78.385483', 'Unable+to+Track+position', '2015-01-07 07:55:07'),
(3035, 7, '17.447103', '78.385483', 'Unable+to+Track+position', '2015-01-07 08:35:44'),
(3036, 7, '17.447103', '78.385483', 'Unable+to+Track+position', '2015-01-07 08:35:45'),
(3037, 7, '17.447103', '78.385483', 'Unable+to+Track+position', '2015-01-07 09:07:52'),
(3038, 7, '17.447103', '78.385483', 'Unable+to+Track+position', '2015-01-07 09:07:52'),
(3039, 7, '17.447103', '78.385483', 'Unable+to+Track+position', '2015-01-07 09:50:44'),
(3040, 7, '17.447103', '78.385483', 'Unable+to+Track+position', '2015-01-07 09:50:44'),
(3041, 7, '17.447103', '78.385483', 'Unable+to+Track+position', '2015-01-07 09:55:06'),
(3042, 7, '17.447103', '78.385483', 'Unable+to+Track+position', '2015-01-07 11:03:42'),
(3043, 7, '17.447103', '78.385483', 'Unable+to+Track+position', '2015-01-07 11:03:43'),
(3044, 7, '17.447103', '78.385483', 'Unable+to+Track+position', '2015-01-07 11:05:06'),
(3045, 7, '17.447103', '78.385483', 'Unable+to+Track+position', '2015-01-07 11:55:43'),
(3046, 7, '17.447103', '78.385483', 'Unable+to+Track+position', '2015-01-07 11:55:43'),
(3047, 7, '17.447103', '78.385483', 'Unable+to+Track+position', '2015-01-07 11:55:44'),
(3048, 7, '17.447103', '78.385483', 'Unable+to+Track+position', '2015-01-07 12:15:06'),
(3049, 7, '17.447103', '78.385483', 'Unable+to+Track+position', '2015-01-07 13:05:43'),
(3050, 58, '0.0', '0.0', 'Unable+to+Track+position', '2015-01-07 18:44:16'),
(3051, 78, '0.0', '0.0', 'Unable+to+Track+position', '2015-01-07 18:48:48'),
(3052, 44, '17.4471032', '78.3854836', 'Unable+to+Track+position', '2015-01-07 19:35:48'),
(3053, 127, '17.447103', '78.385483', 'Unable+to+Track+position', '2015-01-07 19:38:18'),
(3054, 93, '0.0', '0.0', 'Unable+to+Track+position', '2015-01-07 21:22:05'),
(3055, 93, '0.0', '0.0', 'Unable+to+Track+position', '2015-01-07 21:32:02'),
(3056, 93, '0.0', '0.0', 'Unable+to+Track+position', '2015-01-07 21:45:17'),
(3057, 93, '0.0', '0.0', 'Unable+to+Track+position', '2015-01-07 21:57:17'),
(3058, 93, '0.0', '0.0', 'Unable+to+Track+position', '2015-01-07 22:09:17'),
(3059, 93, '0.0', '0.0', 'Unable+to+Track+position', '2015-01-07 22:15:17'),
(3060, 93, '0.0', '0.0', 'Unable+to+Track+position', '2015-01-07 22:22:02'),
(3061, 93, '0.0', '0.0', 'Unable+to+Track+position', '2015-01-07 22:34:17'),
(3062, 93, '0.0', '0.0', 'Unable+to+Track+position', '2015-01-07 22:45:17'),
(3063, 93, '0.0', '0.0', 'Unable+to+Track+position', '2015-01-07 22:52:02'),
(3064, 93, '0.0', '0.0', 'Unable+to+Track+position', '2015-01-07 23:04:17'),
(3065, 93, '0.0', '0.0', 'Unable+to+Track+position', '2015-01-07 23:15:17'),
(3066, 93, '0.0', '0.0', 'Unable+to+Track+position', '2015-01-07 23:22:03'),
(3067, 93, '0.0', '0.0', 'Unable+to+Track+position', '2015-01-07 23:34:17'),
(3068, 93, '0.0', '0.0', 'Unable+to+Track+position', '2015-01-07 23:45:17'),
(3069, 7, '17.447103', '78.385483', 'Distributor Location', '2015-01-07 23:48:54'),
(3070, 7, '17.447103', '78.385483', 'Distributor Location', '2015-01-07 23:49:44'),
(3071, 93, '0.0', '0.0', 'Unable+to+Track+position', '2015-01-07 23:52:03'),
(3072, 7, '17.447103', '78.385483', 'Distributor Location', '2015-01-07 23:52:34'),
(3073, 93, '0.0', '0.0', 'Unable+to+Track+position', '2015-01-08 00:02:35'),
(3074, 93, '0.0', '0.0', 'Unable+to+Track+position', '2015-01-08 00:15:17'),
(3075, 93, '0.0', '0.0', 'Unable+to+Track+position', '2015-01-08 00:27:18'),
(3076, 93, '0.0', '0.0', 'Unable+to+Track+position', '2015-01-08 00:39:19'),
(3077, 93, '0.0', '0.0', 'Unable+to+Track+position', '2015-01-08 00:45:17'),
(3078, 93, '0.0', '0.0', 'Unable+to+Track+position', '2015-01-08 00:52:03'),
(3079, 93, '0.0', '0.0', 'Unable+to+Track+position', '2015-01-08 01:04:18'),
(3080, 93, '0.0', '0.0', 'Unable+to+Track+position', '2015-01-08 01:15:17'),
(3081, 93, '0.0', '0.0', 'Unable+to+Track+position', '2015-01-08 01:22:03'),
(3082, 93, '0.0', '0.0', 'Unable+to+Track+position', '2015-01-08 01:34:18'),
(3083, 93, '0.0', '0.0', 'Unable+to+Track+position', '2015-01-08 01:45:17'),
(3084, 93, '0.0', '0.0', 'Unable+to+Track+position', '2015-01-08 01:52:03'),
(3085, 93, '0.0', '0.0', 'Unable+to+Track+position', '2015-01-08 02:02:36'),
(3086, 93, '0.0', '0.0', 'Unable+to+Track+position', '2015-01-08 02:15:18'),
(3087, 93, '0.0', '0.0', 'Unable+to+Track+position', '2015-01-08 02:27:18'),
(3088, 7, '17.447103', '78.385483', 'Unable+to+Track+position', '2015-01-08 03:08:04'),
(3089, 7, '17.447103', '78.385483', 'Unable+to+Track+position', '2015-01-08 03:18:09'),
(3090, 7, '17.447103', '78.385483', 'Unable+to+Track+position', '2015-01-08 03:28:09'),
(3091, 7, '17.447103', '78.385483', 'Unable+to+Track+position', '2015-01-08 03:38:04'),
(3092, 7, '17.447103', '78.385483', 'Unable+to+Track+position', '2015-01-08 03:48:04'),
(3093, 7, '17.447103', '78.385483', 'Unable+to+Track+position', '2015-01-08 03:58:09'),
(3094, 7, '17.447103', '78.385483', 'Unable+to+Track+position', '2015-01-08 04:08:04'),
(3095, 7, '17.447103', '78.385483', 'Unable+to+Track+position', '2015-01-08 05:07:55'),
(3096, 7, '17.447103', '78.385483', 'Unable+to+Track+position', '2015-01-08 05:07:56'),
(3097, 7, '17.447103', '78.385483', 'Unable+to+Track+position', '2015-01-08 05:07:57'),
(3098, 7, '17.447103', '78.385483', 'Unable+to+Track+position', '2015-01-08 05:08:05'),
(3099, 7, '17.447103', '78.385483', 'Unable+to+Track+position', '2015-01-08 06:16:08'),
(3100, 7, '17.447103', '78.385483', 'Unable+to+Track+position', '2015-01-08 06:16:09'),
(3101, 7, '17.447103', '78.385483', 'Unable+to+Track+position', '2015-01-08 06:16:10'),
(3102, 7, '17.447103', '78.385483', 'Unable+to+Track+position', '2015-01-08 06:16:10'),
(3103, 7, '17.447103', '78.385483', 'Unable+to+Track+position', '2015-01-08 06:18:04'),
(3104, 7, '17.447103', '78.385483', 'Unable+to+Track+position', '2015-01-08 07:07:59'),
(3105, 7, '17.447103', '78.385483', 'Unable+to+Track+position', '2015-01-08 07:08:00'),
(3106, 7, '17.447103', '78.385483', 'Unable+to+Track+position', '2015-01-08 07:08:04'),
(3107, 7, '17.447103', '78.385483', 'Unable+to+Track+position', '2015-01-08 08:07:49'),
(3108, 7, '17.447103', '78.385483', 'Unable+to+Track+position', '2015-01-08 08:07:50'),
(3109, 7, '17.447103', '78.385483', 'Unable+to+Track+position', '2015-01-08 08:07:50'),
(3110, 7, '17.447103', '78.385483', 'Unable+to+Track+position', '2015-01-08 08:08:05'),
(3111, 7, '17.447103', '78.385483', 'Unable+to+Track+position', '2015-01-08 08:56:08'),
(3112, 7, '17.447103', '78.385483', 'Unable+to+Track+position', '2015-01-08 08:56:09'),
(3113, 7, '17.447103', '78.385483', 'Unable+to+Track+position', '2015-01-08 08:56:09'),
(3114, 7, '17.447103', '78.385483', 'Unable+to+Track+position', '2015-01-08 08:58:05'),
(3115, 7, '17.447103', '78.385483', 'Unable+to+Track+position', '2015-01-08 09:08:04'),
(3116, 7, '17.447103', '78.385483', 'Unable+to+Track+position', '2015-01-08 09:48:05'),
(3117, 7, '17.447103', '78.385483', 'Unable+to+Track+position', '2015-01-08 09:48:06'),
(3118, 7, '17.447103', '78.385483', 'Unable+to+Track+position', '2015-01-08 09:48:06'),
(3119, 7, '17.447103', '78.385483', 'Unable+to+Track+position', '2015-01-08 10:12:06'),
(3120, 7, '17.447103', '78.385483', 'Unable+to+Track+position', '2015-01-08 10:18:05'),
(3121, 7, '17.447103', '78.385483', 'Unable+to+Track+position', '2015-01-08 10:59:04'),
(3122, 7, '17.447103', '78.385483', 'Unable+to+Track+position', '2015-01-08 10:59:04'),
(3123, 7, '17.447103', '78.385483', 'Unable+to+Track+position', '2015-01-08 11:08:08'),
(3124, 7, '17.447103', '78.385483', 'Unable+to+Track+position', '2015-01-08 11:48:05'),
(3125, 7, '17.447103', '78.385483', 'Unable+to+Track+position', '2015-01-08 11:48:06'),
(3126, 7, '17.447103', '78.385483', 'Unable+to+Track+position', '2015-01-08 11:48:06'),
(3127, 7, '17.447103', '78.385483', 'Unable+to+Track+position', '2015-01-08 12:08:05'),
(3128, 7, '17.447103', '78.385483', 'Unable+to+Track+position', '2015-01-08 12:59:05'),
(3129, 7, '17.447103', '78.385483', 'Unable+to+Track+position', '2015-01-08 12:59:05'),
(3130, 7, '17.447103', '78.385483', 'Unable+to+Track+position', '2015-01-08 12:59:06'),
(3131, 7, '17.447103', '78.385483', 'Unable+to+Track+position', '2015-01-08 13:36:08'),
(3132, 7, '17.447103', '78.385483', 'Unable+to+Track+position', '2015-01-08 13:38:05'),
(3133, 7, '17.447103', '78.385483', 'Unable+to+Track+position', '2015-01-08 14:08:04'),
(3134, 7, '17.447103', '78.385483', 'Unable+to+Track+position', '2015-01-08 14:59:07'),
(3135, 7, '17.447103', '78.385483', 'Unable+to+Track+position', '2015-01-08 14:59:07'),
(3136, 7, '17.447103', '78.385483', 'Unable+to+Track+position', '2015-01-08 15:08:11'),
(3137, 7, '17.447103', '78.385483', 'Unable+to+Track+position', '2015-01-08 16:08:16'),
(3138, 7, '17.447103', '78.385483', 'Unable+to+Track+position', '2015-01-08 16:08:17'),
(3139, 7, '17.447103', '78.385483', 'Unable+to+Track+position', '2015-01-08 18:06:56'),
(3140, 7, '17.447103', '78.385483', 'Unable+to+Track+position', '2015-01-08 18:06:57'),
(3141, 7, '17.447103', '78.385483', 'Unable+to+Track+position', '2015-01-08 18:06:57'),
(3142, 7, '17.447103', '78.385483', 'Unable+to+Track+position', '2015-01-08 18:06:58'),
(3143, 7, '17.447103', '78.385483', 'Unable+to+Track+position', '2015-01-08 18:06:59'),
(3144, 7, '17.447103', '78.385483', 'Unable+to+Track+position', '2015-01-08 18:07:00'),
(3145, 31, '17.447103', '78.385483', 'Unable+to+Track+position', '2015-01-08 18:48:11'),
(3146, 31, '17.447103', '78.385483', 'Unable+to+Track+position', '2015-01-08 18:51:16'),
(3147, 31, '17.447103', '78.385483', 'Distributor Location', '2015-01-08 18:52:17'),
(3148, 31, '17.447103', '78.385483', 'Distributor Location', '2015-01-08 18:55:59'),
(3149, 31, '17.447103', '78.385483', 'Unable+to+Track+position', '2015-01-08 18:58:11'),
(3150, 8, '17.447103', '78.385483', 'Unable+to+Track+position', '2015-01-08 19:03:24'),
(3151, 8, '17.447103', '78.385483', 'Distributor Location', '2015-01-08 19:04:06'),
(3152, 8, '17.447103', '78.385483', 'Unable+to+Track+position', '2015-01-08 19:13:24'),
(3153, 8, '17.447103', '78.385483', 'Unable+to+Track+position', '2015-01-08 19:23:29'),
(3154, 8, '17.447103', '78.385483', 'Unable+to+Track+position', '2015-01-08 19:33:24'),
(3155, 8, '17.447103', '78.385483', 'Unable+to+Track+position', '2015-01-08 19:43:24'),
(3156, 8, '17.447103', '78.385483', 'Unable+to+Track+position', '2015-01-08 19:45:02'),
(3157, 8, '17.447103', '78.385483', 'Unable+to+Track+position', '2015-01-08 19:53:24'),
(3158, 8, '17.447103', '78.385483', 'Unable+to+Track+position', '2015-01-08 20:03:29'),
(3159, 8, '17.447103', '78.385483', 'Unable+to+Track+position', '2015-01-08 20:13:29'),
(3160, 8, '17.447103', '78.385483', 'Unable+to+Track+position', '2015-01-08 20:23:24'),
(3161, 8, '17.447103', '78.385483', 'Unable+to+Track+position', '2015-01-08 20:33:24'),
(3162, 8, '17.447103', '78.385483', 'Unable+to+Track+position', '2015-01-08 20:43:24'),
(3163, 8, '17.447103', '78.385483', 'Unable+to+Track+position', '2015-01-08 20:53:29'),
(3164, 8, '17.447103', '78.385483', 'Unable+to+Track+position', '2015-01-08 21:03:29'),
(3165, 8, '17.447103', '78.385483', 'Unable+to+Track+position', '2015-01-08 21:13:24'),
(3166, 8, '17.447103', '78.385483', 'Unable+to+Track+position', '2015-01-08 21:23:24'),
(3167, 8, '17.447103', '78.385483', 'Unable+to+Track+position', '2015-01-08 21:33:29'),
(3168, 8, '17.447103', '78.385483', 'Unable+to+Track+position', '2015-01-08 21:43:29'),
(3169, 8, '17.447103', '78.385483', 'Unable+to+Track+position', '2015-01-08 21:53:24'),
(3170, 8, '17.447103', '78.385483', 'Unable+to+Track+position', '2015-01-08 22:03:24'),
(3171, 8, '17.447103', '78.385483', 'Unable+to+Track+position', '2015-01-08 22:13:24'),
(3172, 8, '17.447103', '78.385483', 'Unable+to+Track+position', '2015-01-08 22:23:24'),
(3173, 8, '17.447103', '78.385483', 'Unable+to+Track+position', '2015-01-08 22:33:24'),
(3174, 8, '17.447103', '78.385483', 'Unable+to+Track+position', '2015-01-08 22:43:24'),
(3175, 8, '17.447103', '78.385483', 'Unable+to+Track+position', '2015-01-08 22:53:24'),
(3176, 8, '17.447103', '78.385483', 'Unable+to+Track+position', '2015-01-08 23:03:29'),
(3177, 8, '17.447103', '78.385483', 'Unable+to+Track+position', '2015-01-08 23:13:24'),
(3178, 8, '17.447103', '78.385483', 'Unable+to+Track+position', '2015-01-08 23:23:24'),
(3179, 8, '17.447103', '78.385483', 'Unable+to+Track+position', '2015-01-08 23:33:31'),
(3180, 8, '17.447103', '78.385483', 'Unable+to+Track+position', '2015-01-08 23:43:29'),
(3181, 8, '17.447103', '78.385483', 'Unable+to+Track+position', '2015-01-08 23:53:24'),
(3182, 8, '17.447103', '78.385483', 'Unable+to+Track+position', '2015-01-09 00:03:24'),
(3183, 8, '17.447103', '78.385483', 'Unable+to+Track+position', '2015-01-09 00:13:24'),
(3184, 8, '17.447103', '78.385483', 'Unable+to+Track+position', '2015-01-09 00:23:24'),
(3185, 8, '17.447103', '78.385483', 'Unable+to+Track+position', '2015-01-09 00:33:24'),
(3186, 8, '17.447103', '78.385483', 'Unable+to+Track+position', '2015-01-09 00:43:24'),
(3187, 8, '17.447103', '78.385483', 'Unable+to+Track+position', '2015-01-09 00:53:24'),
(3188, 8, '17.447103', '78.385483', 'Unable+to+Track+position', '2015-01-09 01:03:24'),
(3189, 8, '17.447103', '78.385483', 'Unable+to+Track+position', '2015-01-09 01:13:24'),
(3190, 8, '17.447103', '78.385483', 'Unable+to+Track+position', '2015-01-09 01:23:24'),
(3191, 8, '17.447103', '78.385483', 'Unable+to+Track+position', '2015-01-09 01:32:41'),
(3192, 8, '17.447103', '78.385483', 'Unable+to+Track+position', '2015-01-09 01:33:24'),
(3193, 8, '17.447103', '78.385483', 'Unable+to+Track+position', '2015-01-09 01:43:24'),
(3194, 8, '17.447103', '78.385483', 'Unable+to+Track+position', '2015-01-09 01:53:24'),
(3195, 8, '17.447103', '78.385483', 'Unable+to+Track+position', '2015-01-09 01:55:39'),
(3196, 8, '17.447103', '78.385483', 'Unable+to+Track+position', '2015-01-09 02:03:24'),
(3197, 8, '17.447103', '78.385483', 'Unable+to+Track+position', '2015-01-09 02:13:24'),
(3198, 8, '17.447103', '78.385483', 'Unable+to+Track+position', '2015-01-09 02:23:24'),
(3199, 8, '17.447103', '78.385483', 'Unable+to+Track+position', '2015-01-09 02:33:24'),
(3200, 95, '0.0', '0.0', 'Unable+to+Track+position', '2015-01-09 03:16:16'),
(3201, 95, '17.446931666666668', '78.38536833333333', 'Unable+to+Track+position', '2015-01-09 03:30:16'),
(3202, 95, '17.446931666666668', '78.38536833333333', 'Unable+to+Track+position', '2015-01-09 03:36:15'),
(3203, 92, '0.0', '0.0', 'Unable+to+Track+position', '2015-01-09 04:04:15'),
(3204, 7, '17.447128', '78.385446', 'Image+Gardens+Rd', '2015-01-11 20:25:10'),
(3205, 7, '17.447095', '78.385457', 'Unable+to+Track+position', '2015-01-11 20:49:42'),
(3206, 7, '17.447104', '78.385488', 'Unable+to+Track+position', '2015-01-11 20:49:44'),
(3207, 7, '17.447075', '78.385483', 'Image+Gardens+Rd', '2015-01-11 20:55:18'),
(3208, 7, '17.447108', '78.385488', 'Image+Gardens+Rd', '2015-01-11 21:05:10'),
(3209, 7, '17.447149', '78.385474', 'Image+Gardens+Rd', '2015-01-11 21:15:10'),
(3210, 92, '0.0', '0.0', 'Unable+to+Track+position', '2015-01-11 21:33:53'),
(3211, 7, '17.447058', '78.385427', 'Unable+to+Track+position', '2015-01-11 23:29:52'),
(3212, 7, '17.447058', '78.385427', 'Distributor Location', '2015-01-11 23:36:01'),
(3213, 7, '17.447058', '78.385427', 'Unable+to+Track+position', '2015-01-11 23:39:52'),
(3214, 7, '17.447058', '78.385427', 'Unable+to+Track+position', '2015-01-11 23:50:03'),
(3215, 7, '17.447058', '78.385427', 'Unable+to+Track+position', '2015-01-12 00:00:00'),
(3216, 7, '17.447058', '78.385427', 'Unable+to+Track+position', '2015-01-12 00:10:00'),
(3217, 7, '17.447058', '78.385427', 'Unable+to+Track+position', '2015-01-12 00:19:48'),
(3218, 7, '17.447058', '78.385427', 'Unable+to+Track+position', '2015-01-12 00:32:21'),
(3219, 7, '17.447058', '78.385427', 'Unable+to+Track+position', '2015-01-12 01:17:19'),
(3220, 7, '17.447058', '78.385427', 'Unable+to+Track+position', '2015-01-12 01:17:53'),
(3221, 7, '17.447058', '78.385427', 'Unable+to+Track+position', '2015-01-12 01:18:19'),
(3222, 7, '17.447058', '78.385427', 'Unable+to+Track+position', '2015-01-12 01:18:27'),
(3223, 7, '17.447058', '78.385427', 'Unable+to+Track+position', '2015-01-12 01:22:22'),
(3224, 7, '17.447058', '78.385427', 'Unable+to+Track+position', '2015-01-12 01:25:22'),
(3225, 7, '17.447058', '78.385427', 'Unable+to+Track+position', '2015-01-12 01:26:26'),
(3226, 7, '17.447058', '78.385427', 'Unable+to+Track+position', '2015-01-12 01:27:36'),
(3227, 7, '17.447058', '78.385427', 'Unable+to+Track+position', '2015-01-12 01:30:45'),
(3228, 7, '17.447058', '78.385427', 'Unable+to+Track+position', '2015-01-12 01:41:48'),
(3229, 7, '17.447058', '78.385427', 'Unable+to+Track+position', '2015-01-12 01:53:39'),
(3230, 7, '17.447058', '78.385427', 'Unable+to+Track+position', '2015-01-12 01:58:10'),
(3231, 7, '17.447058', '78.385427', 'Unable+to+Track+position', '2015-01-12 02:03:50'),
(3232, 7, '17.447058', '78.385427', 'Unable+to+Track+position', '2015-01-12 02:11:07'),
(3233, 7, '17.447058', '78.385427', 'Unable+to+Track+position', '2015-01-12 02:21:11'),
(3234, 7, '17.447058', '78.385427', 'Unable+to+Track+position', '2015-01-12 02:32:03'),
(3235, 7, '17.447058', '78.385427', 'Unable+to+Track+position', '2015-01-12 02:42:08'),
(3236, 7, '17.447058', '78.385427', 'Unable+to+Track+position', '2015-01-12 02:49:24'),
(3237, 7, '17.447058', '78.385427', 'Unable+to+Track+position', '2015-01-12 02:59:23'),
(3238, 7, '17.447058', '78.385427', 'Unable+to+Track+position', '2015-01-12 03:09:23'),
(3239, 7, '17.447058', '78.385427', 'Unable+to+Track+position', '2015-01-12 03:15:55'),
(3240, 7, '17.447058', '78.385427', 'Distributor Location', '2015-01-12 03:16:29'),
(3241, 7, '17.447058', '78.385427', 'Unable+to+Track+position', '2015-01-12 03:25:55'),
(3242, 7, '17.447058', '78.385427', 'Unable+to+Track+position', '2015-01-12 03:32:43'),
(3243, 7, '17.447058', '78.385427', 'Distributor Location', '2015-01-12 03:33:27'),
(3244, 15, '17.447058', '78.385427', 'Unable+to+Track+position', '2015-01-12 17:22:34'),
(3245, 15, '17.447058', '78.385427', 'Unable+to+Track+position', '2015-01-12 17:33:38'),
(3246, 15, '17.447058', '78.385427', 'Unable+to+Track+position', '2015-01-12 17:42:24'),
(3247, 15, '17.447058', '78.385427', 'Distributor Location', '2015-01-12 17:46:04'),
(3248, 15, '17.447058', '78.385427', 'Unable+to+Track+position', '2015-01-12 17:52:51'),
(3249, 15, '17.447058', '78.385427', 'Unable+to+Track+position', '2015-01-12 18:01:43'),
(3250, 15, '17.447058', '78.385427', 'Unable+to+Track+position', '2015-01-12 18:03:31'),
(3251, 15, '17.447058', '78.385427', 'Unable+to+Track+position', '2015-01-12 18:06:08'),
(3252, 15, '17.447058', '78.385427', 'Unable+to+Track+position', '2015-01-12 18:09:04'),
(3253, 15, '17.447058', '78.385427', 'Unable+to+Track+position', '2015-01-12 18:13:14'),
(3254, 15, '17.447058', '78.385427', 'Unable+to+Track+position', '2015-01-12 18:32:29'),
(3255, 15, '17.447058', '78.385427', 'Unable+to+Track+position', '2015-01-12 18:40:22'),
(3256, 15, '17.447058', '78.385427', 'Unable+to+Track+position', '2015-01-12 18:47:37'),
(3257, 15, '17.447058', '78.385427', 'Unable+to+Track+position', '2015-01-12 18:51:43'),
(3258, 15, '17.447058', '78.385427', 'Unable+to+Track+position', '2015-01-12 18:58:45'),
(3259, 7, '0.0', '0.0', 'Unable+to+Track+position', '2015-01-12 19:00:13'),
(3260, 15, '17.447058', '78.385427', 'Unable+to+Track+position', '2015-01-12 19:01:46'),
(3261, 15, '17.447058', '78.385427', 'Distributor Location', '2015-01-12 19:02:44'),
(3262, 15, '17.447058', '78.385427', 'Distributor Location', '2015-01-12 19:03:51'),
(3263, 15, '17.447058', '78.385427', 'Distributor Location', '2015-01-12 19:04:35'),
(3264, 15, '17.447058', '78.385427', 'Distributor Location', '2015-01-12 19:05:21'),
(3265, 15, '17.447058', '78.385427', 'Distributor Location', '2015-01-12 19:07:21'),
(3266, 15, '17.447058', '78.385427', 'Distributor Location', '2015-01-12 19:09:03'),
(3267, 15, '17.447058', '78.385427', 'Unable+to+Track+position', '2015-01-12 19:12:06'),
(3268, 15, '17.447058', '78.385427', 'Unable+to+Track+position', '2015-01-12 19:14:20'),
(3269, 31, '17.447058', '78.385427', 'Unable+to+Track+position', '2015-01-12 19:21:52'),
(3270, 8, '17.447058', '78.385427', 'Unable+to+Track+position', '2015-01-12 19:30:38'),
(3271, 8, '17.447058', '78.385427', 'Unable+to+Track+position', '2015-01-12 19:40:32'),
(3272, 8, '17.447058', '78.385427', 'Unable+to+Track+position', '2015-01-12 19:50:28'),
(3273, 8, '17.447058', '78.385427', 'Unable+to+Track+position', '2015-01-12 20:00:33'),
(3274, 8, '17.447058', '78.385427', 'Unable+to+Track+position', '2015-01-12 20:10:28'),
(3275, 8, '17.447058', '78.385427', 'Unable+to+Track+position', '2015-01-12 20:20:28'),
(3276, 8, '17.447058', '78.385427', 'Unable+to+Track+position', '2015-01-12 20:30:28'),
(3277, 8, '17.447058', '78.385427', 'Unable+to+Track+position', '2015-01-12 20:40:33'),
(3278, 8, '17.447058', '78.385427', 'Unable+to+Track+position', '2015-01-12 20:50:28'),
(3279, 8, '17.447058', '78.385427', 'Distributor Location', '2015-01-12 20:51:50'),
(3280, 8, '17.447058', '78.385427', 'Unable+to+Track+position', '2015-01-12 21:00:28'),
(3281, 8, '17.447058', '78.385427', 'Unable+to+Track+position', '2015-01-12 21:10:28'),
(3282, 8, '17.447058', '78.385427', 'Unable+to+Track+position', '2015-01-12 21:20:28'),
(3283, 8, '17.447058', '78.385427', 'Distributor Location', '2015-01-12 21:26:33'),
(3284, 8, '17.447058', '78.385427', 'Unable+to+Track+position', '2015-01-12 21:30:28'),
(3285, 8, '17.447058', '78.385427', 'Unable+to+Track+position', '2015-01-12 21:34:14'),
(3286, 8, '17.447058', '78.385427', 'Unable+to+Track+position', '2015-01-12 21:44:14'),
(3287, 8, '17.447058', '78.385427', 'Unable+to+Track+position', '2015-01-12 21:54:14'),
(3288, 8, '17.447058', '78.385427', 'Unable+to+Track+position', '2015-01-12 22:04:19'),
(3289, 8, '17.447058', '78.385427', 'Unable+to+Track+position', '2015-01-12 22:14:14'),
(3290, 8, '17.447058', '78.385427', 'Unable+to+Track+position', '2015-01-12 22:24:14'),
(3291, 8, '17.447058', '78.385427', 'Distributor Location', '2015-01-12 22:26:44'),
(3292, 21, '17.447058', '78.385427', 'Unable+to+Track+position', '2015-01-12 22:29:43'),
(3293, 21, '17.447058', '78.385427', 'Unable+to+Track+position', '2015-01-12 22:31:07'),
(3294, 122, '17.447058', '78.385427', 'Unable+to+Track+position', '2015-01-12 22:34:22'),
(3295, 58, '17.447058', '78.385427', 'Unable+to+Track+position', '2015-01-12 22:45:52'),
(3296, 58, '17.447058', '78.385427', 'Unable+to+Track+position', '2015-01-12 22:55:52'),
(3297, 58, '17.447058', '78.385427', 'Unable+to+Track+position', '2015-01-12 23:05:57'),
(3298, 58, '17.447058', '78.385427', 'Unable+to+Track+position', '2015-01-12 23:15:52'),
(3299, 58, '17.447058', '78.385427', 'Unable+to+Track+position', '2015-01-12 23:25:52'),
(3300, 58, '17.447058', '78.385427', 'Unable+to+Track+position', '2015-01-12 23:35:52'),
(3301, 58, '17.447058', '78.385427', 'Unable+to+Track+position', '2015-01-12 23:46:03'),
(3302, 58, '17.447058', '78.385427', 'Unable+to+Track+position', '2015-01-12 23:55:52'),
(3303, 58, '17.447058', '78.385427', 'Unable+to+Track+position', '2015-01-13 00:05:57'),
(3304, 58, '17.447058', '78.385427', 'Unable+to+Track+position', '2015-01-13 00:15:52'),
(3305, 58, '17.447058', '78.385427', 'Unable+to+Track+position', '2015-01-13 00:25:52'),
(3306, 58, '17.447058', '78.385427', 'Unable+to+Track+position', '2015-01-13 00:35:52'),
(3307, 58, '17.447058', '78.385427', 'Unable+to+Track+position', '2015-01-13 00:45:52'),
(3308, 58, '17.447058', '78.385427', 'Unable+to+Track+position', '2015-01-13 00:56:34'),
(3309, 58, '17.447058', '78.385427', 'Distributor Location', '2015-01-13 00:58:26'),
(3310, 7, '17.447058', '78.385427', 'Unable+to+Track+position', '2015-01-13 01:54:17'),
(3311, 7, '17.447058', '78.385427', 'Distributor Location', '2015-01-13 01:55:28'),
(3312, 7, '17.447058', '78.385427', 'Unable+to+Track+position', '2015-01-13 02:04:16'),
(3313, 7, '17.447058', '78.385427', 'Unable+to+Track+position', '2015-01-13 02:14:21'),
(3314, 7, '17.447058', '78.385427', 'Unable+to+Track+position', '2015-01-13 02:24:21'),
(3315, 7, '17.447058', '78.385427', 'Unable+to+Track+position', '2015-01-13 02:34:21'),
(3316, 7, '17.447058', '78.385427', 'Unable+to+Track+position', '2015-01-13 02:44:16'),
(3317, 7, '17.447058', '78.385427', 'Unable+to+Track+position', '2015-01-13 02:54:23'),
(3318, 7, '17.447058', '78.385427', 'Unable+to+Track+position', '2015-01-13 03:04:16'),
(3319, 7, '17.447058', '78.385427', 'Unable+to+Track+position', '2015-01-13 03:14:16'),
(3320, 7, '17.447058', '78.385427', 'Unable+to+Track+position', '2015-01-13 04:14:15'),
(3321, 7, '17.447058', '78.385427', 'Unable+to+Track+position', '2015-01-13 04:24:15'),
(3322, 7, '17.447058', '78.385427', 'Unable+to+Track+position', '2015-01-13 04:34:15'),
(3323, 7, '17.447058', '78.385427', 'Unable+to+Track+position', '2015-01-13 04:44:15'),
(3324, 7, '17.447058', '78.385427', 'Unable+to+Track+position', '2015-01-13 04:54:15'),
(3325, 7, '17.447058', '78.385427', 'Unable+to+Track+position', '2015-01-13 06:04:15'),
(3326, 7, '17.447058', '78.385427', 'Unable+to+Track+position', '2015-01-13 06:14:15'),
(3327, 7, '17.447058', '78.385427', 'Unable+to+Track+position', '2015-01-13 07:54:17'),
(3328, 7, '17.447058', '78.385427', 'Unable+to+Track+position', '2015-01-13 08:04:15'),
(3329, 7, '17.447058', '78.385427', 'Unable+to+Track+position', '2015-01-13 08:14:15'),
(3330, 7, '17.447058', '78.385427', 'Unable+to+Track+position', '2015-01-13 08:24:15'),
(3331, 7, '17.447058', '78.385427', 'Unable+to+Track+position', '2015-01-13 10:24:15'),
(3332, 7, '17.447058', '78.385427', 'Unable+to+Track+position', '2015-01-13 10:34:15'),
(3333, 7, '17.447058', '78.385427', 'Unable+to+Track+position', '2015-01-13 10:44:15'),
(3334, 7, '17.447058', '78.385427', 'Unable+to+Track+position', '2015-01-13 10:54:15'),
(3335, 7, '17.447058', '78.385427', 'Unable+to+Track+position', '2015-01-13 11:04:15'),
(3336, 7, '17.447058', '78.385427', 'Unable+to+Track+position', '2015-01-13 11:14:15'),
(3337, 7, '17.447058', '78.385427', 'Unable+to+Track+position', '2015-01-13 11:24:14'),
(3338, 7, '17.447058', '78.385427', 'Unable+to+Track+position', '2015-01-13 13:44:14'),
(3339, 7, '17.447058', '78.385427', 'Unable+to+Track+position', '2015-01-13 13:54:14'),
(3340, 7, '17.447058', '78.385427', 'Unable+to+Track+position', '2015-01-13 14:04:14'),
(3341, 7, '17.447058', '78.385427', 'Unable+to+Track+position', '2015-01-13 14:14:15'),
(3342, 7, '17.447058', '78.385427', 'Unable+to+Track+position', '2015-01-13 14:24:14'),
(3343, 7, '17.447058', '78.385427', 'Unable+to+Track+position', '2015-01-13 16:54:47'),
(3344, 7, '17.447058', '78.385427', 'Unable+to+Track+position', '2015-01-13 17:04:15'),
(3345, 7, '17.447058', '78.385427', 'Unable+to+Track+position', '2015-01-13 17:14:15'),
(3346, 7, '17.447058', '78.385427', 'Unable+to+Track+position', '2015-01-13 17:24:14'),
(3347, 7, '17.447058', '78.385427', 'Unable+to+Track+position', '2015-01-13 17:35:11'),
(3348, 31, '17.447058', '78.385427', 'Unable+to+Track+position', '2015-01-13 19:17:59'),
(3349, 15, '17.447058', '78.385427', 'Unable+to+Track+position', '2015-01-13 19:22:39'),
(3350, 15, '17.447058', '78.385427', 'Unable+to+Track+position', '2015-01-13 19:32:37'),
(3351, 15, '17.447058', '78.385427', 'Unable+to+Track+position', '2015-01-13 19:43:04'),
(3352, 15, '17.447058', '78.385427', 'Unable+to+Track+position', '2015-01-13 19:45:36'),
(3353, 15, '17.447058', '78.385427', 'Distributor Location', '2015-01-13 19:47:19'),
(3354, 15, '17.447058', '78.385427', 'Distributor Location', '2015-01-13 19:49:45'),
(3355, 15, '17.447058', '78.385427', 'Distributor Location', '2015-01-13 19:50:33'),
(3356, 15, '17.447058', '78.385427', 'Distributor Location', '2015-01-13 19:51:21'),
(3357, 15, '17.447058', '78.385427', 'Distributor Location', '2015-01-13 19:52:16'),
(3358, 15, '17.447058', '78.385427', 'Unable+to+Track+position', '2015-01-13 19:55:34'),
(3359, 15, '17.447058', '78.385427', 'Unable+to+Track+position', '2015-01-13 20:05:50'),
(3360, 15, '17.447058', '78.385427', 'Unable+to+Track+position', '2015-01-13 20:15:44'),
(3361, 15, '17.447058', '78.385427', 'Unable+to+Track+position', '2015-01-13 20:34:11'),
(3362, 15, '17.447058', '78.385427', 'Unable+to+Track+position', '2015-01-13 20:35:32'),
(3363, 15, '17.447058', '78.385427', 'Unable+to+Track+position', '2015-01-13 20:55:32'),
(3364, 15, '17.447058', '78.385427', 'Unable+to+Track+position', '2015-01-13 21:05:32'),
(3365, 15, '17.447058', '78.385427', 'Unable+to+Track+position', '2015-01-13 21:15:37'),
(3366, 15, '17.447058', '78.385427', 'Unable+to+Track+position', '2015-01-13 21:25:32'),
(3367, 15, '17.447058', '78.385427', 'Unable+to+Track+position', '2015-01-13 21:35:32'),
(3368, 15, '17.447058', '78.385427', 'Unable+to+Track+position', '2015-01-13 21:45:32'),
(3369, 15, '17.447058', '78.385427', 'Unable+to+Track+position', '2015-01-13 21:55:37'),
(3370, 15, '17.447058', '78.385427', 'Unable+to+Track+position', '2015-01-13 22:05:32'),
(3371, 15, '17.447058', '78.385427', 'Unable+to+Track+position', '2015-01-13 22:15:37'),
(3372, 92, '0.0', '0.0', 'Unable+to+Track+position', '2015-01-13 23:34:22'),
(3373, 89, '17.447453', '78.385221', 'Unable+to+Track+position', '2015-01-14 03:28:12'),
(3374, 98, '17.446995', '78.385518', 'Unable+to+Track+position', '2015-01-20 02:32:41'),
(3375, 98, '17.446995', '78.385518', 'Unable+to+Track+position', '2015-01-20 02:42:42'),
(3376, 7, '17.447113', '78.385495', '1-98%2F8%2F9%2FA%2C+Image+Gardens+Rd', '2015-02-09 20:28:02'),
(3377, 7, '17.447153', '78.385495', '1-98%2F8%2F9%2FA%2C+Image+Gardens+Rd', '2015-02-09 20:38:00'),
(3378, 7, '17.447108', '78.385517', '1-98%2F8%2F9%2FA%2C+Image+Gardens+Rd', '2015-02-09 20:48:01'),
(3379, 8, '17.445771', '78.387248', 'Unable+to+Track+position', '2015-02-09 22:46:05'),
(3380, 8, '17.445771', '78.387248', 'Unable+to+Track+position', '2015-02-09 22:53:24'),
(3381, 8, '17.445771', '78.387248', 'Unable+to+Track+position', '2015-02-09 22:58:06'),
(3382, 8, '17.445771', '78.387248', 'Unable+to+Track+position', '2015-02-09 22:59:04'),
(3383, 8, '17.445771', '78.387248', 'Unable+to+Track+position', '2015-02-09 23:08:07'),
(3384, 8, '17.445771', '78.387248', 'Unable+to+Track+position', '2015-02-09 23:20:46'),
(3385, 8, '17.445771', '78.387248', 'Unable+to+Track+position', '2015-02-09 23:28:06'),
(3386, 8, '17.445771', '78.387248', 'Unable+to+Track+position', '2015-02-09 23:38:06'),
(3387, 8, '17.445771', '78.387248', 'Unable+to+Track+position', '2015-02-09 23:48:06'),
(3388, 8, '17.445771', '78.387248', 'Unable+to+Track+position', '2015-02-09 23:58:06'),
(3389, 8, '17.445771', '78.387248', 'Unable+to+Track+position', '2015-02-10 00:09:51'),
(3390, 8, '17.445771', '78.387248', 'Unable+to+Track+position', '2015-02-10 00:18:06'),
(3391, 8, '17.445771', '78.387248', 'Unable+to+Track+position', '2015-02-10 00:39:01'),
(3392, 8, '17.445771', '78.387248', 'Unable+to+Track+position', '2015-02-10 00:39:02'),
(3393, 8, '17.445771', '78.387248', 'Unable+to+Track+position', '2015-02-10 00:48:06'),
(3394, 8, '17.445771', '78.387248', 'Unable+to+Track+position', '2015-02-10 00:58:06'),
(3395, 8, '17.445771', '78.387248', 'Unable+to+Track+position', '2015-02-10 01:08:06'),
(3396, 8, '17.445771', '78.387248', 'Unable+to+Track+position', '2015-02-10 01:18:06'),
(3397, 8, '17.445771', '78.387248', 'Unable+to+Track+position', '2015-02-10 01:28:06'),
(3398, 8, '17.445771', '78.387248', 'Unable+to+Track+position', '2015-02-10 01:48:06'),
(3399, 8, '17.445771', '78.387248', 'Unable+to+Track+position', '2015-02-10 01:58:06'),
(3400, 8, '17.445771', '78.387248', 'Unable+to+Track+position', '2015-02-10 01:58:15'),
(3401, 8, '17.445771', '78.387248', 'Unable+to+Track+position', '2015-02-10 02:08:06'),
(3402, 8, '17.445771', '78.387248', 'Unable+to+Track+position', '2015-02-10 02:18:07'),
(3403, 8, '17.445771', '78.387248', 'Unable+to+Track+position', '2015-02-10 02:28:06'),
(3404, 8, '17.445771', '78.387248', 'Unable+to+Track+position', '2015-02-10 02:38:06'),
(3405, 8, '17.445771', '78.387248', 'Distributor Location', '2015-02-10 02:41:37'),
(3406, 8, '17.445771', '78.387248', 'Unable+to+Track+position', '2015-02-10 02:48:06'),
(3407, 8, '17.445771', '78.387248', 'Unable+to+Track+position', '2015-02-10 02:58:06'),
(3408, 8, '17.445771', '78.387248', 'Unable+to+Track+position', '2015-02-10 03:08:06'),
(3409, 8, '17.445771', '78.387248', 'Unable+to+Track+position', '2015-02-10 03:18:06'),
(3410, 8, '17.445771', '78.387248', 'Unable+to+Track+position', '2015-02-10 03:28:06'),
(3411, 8, '17.445771', '78.387248', 'Unable+to+Track+position', '2015-02-10 03:38:06'),
(3412, 8, '17.445771', '78.387248', 'Unable+to+Track+position', '2015-02-10 03:48:07'),
(3413, 8, '17.445771', '78.387248', 'Unable+to+Track+position', '2015-02-10 03:58:06'),
(3414, 8, '17.445771', '78.387248', 'Unable+to+Track+position', '2015-02-10 04:08:06'),
(3415, 8, '17.445771', '78.387248', 'Distributor Location', '2015-02-10 04:11:29'),
(3416, 8, '17.445771', '78.387248', 'Unable+to+Track+position', '2015-02-10 04:18:06'),
(3417, 8, '17.445771', '78.387248', 'Distributor Location', '2015-02-10 04:20:52'),
(3418, 8, '17.445771', '78.387248', 'Unable+to+Track+position', '2015-02-10 04:28:02'),
(3419, 8, '17.445771', '78.387248', 'Unable+to+Track+position', '2015-02-10 04:38:08'),
(3420, 8, '17.445771', '78.387248', 'Unable+to+Track+position', '2015-02-10 04:48:07'),
(3421, 8, '17.445771', '78.387248', 'Unable+to+Track+position', '2015-02-10 04:58:07'),
(3422, 8, '17.445771', '78.387248', 'Unable+to+Track+position', '2015-02-10 05:08:07'),
(3423, 8, '17.445771', '78.387248', 'Unable+to+Track+position', '2015-02-10 05:18:09'),
(3424, 8, '17.445771', '78.387248', 'Unable+to+Track+position', '2015-02-10 05:28:08'),
(3425, 8, '17.445771', '78.387248', 'Unable+to+Track+position', '2015-02-10 05:38:07'),
(3426, 8, '17.445771', '78.387248', 'Unable+to+Track+position', '2015-02-10 05:48:06'),
(3427, 8, '17.445771', '78.387248', 'Unable+to+Track+position', '2015-02-10 05:58:06'),
(3428, 8, '17.445771', '78.387248', 'Unable+to+Track+position', '2015-02-10 06:08:06'),
(3429, 8, '17.445771', '78.387248', 'Unable+to+Track+position', '2015-02-10 06:18:06'),
(3430, 8, '17.445771', '78.387248', 'Unable+to+Track+position', '2015-02-10 06:28:06'),
(3431, 8, '17.445771', '78.387248', 'Unable+to+Track+position', '2015-02-10 06:38:06'),
(3432, 8, '17.445771', '78.387248', 'Unable+to+Track+position', '2015-02-10 06:48:06'),
(3433, 8, '17.445771', '78.387248', 'Unable+to+Track+position', '2015-02-10 06:58:05'),
(3434, 8, '17.445771', '78.387248', 'Unable+to+Track+position', '2015-02-10 07:08:06'),
(3435, 8, '17.445771', '78.387248', 'Unable+to+Track+position', '2015-02-10 07:18:06'),
(3436, 8, '17.445771', '78.387248', 'Unable+to+Track+position', '2015-02-10 07:28:05'),
(3437, 8, '17.445771', '78.387248', 'Unable+to+Track+position', '2015-02-10 07:38:05'),
(3438, 8, '17.445771', '78.387248', 'Unable+to+Track+position', '2015-02-10 07:48:05'),
(3439, 7, '37.422005', '17.084095', 'Unable+to+Track+position', '2015-02-10 20:08:46'),
(3440, 7, '37.422005', '17.084095', 'Unable+to+Track+position', '2015-02-10 20:20:47'),
(3441, 104, '17.447287', '78.385362', '20%2621', '2015-02-10 20:24:03'),
(3442, 104, '17.447217', '78.385485', '1-98%2F8%2F9%2FA%2C+Image+Gardens+Rd', '2015-02-10 20:26:57'),
(3443, 7, '37.422005', '17.084095', 'Unable+to+Track+position', '2015-02-10 20:27:35'),
(3444, 104, '17.447211', '78.385406', '1-98%2F8%2F9%2FA%2C+Image+Gardens+Rd', '2015-02-10 20:34:35'),
(3445, 7, '37.422005', '17.084095', 'Unable+to+Track+position', '2015-02-10 20:38:56'),
(3446, 104, '17.447227', '78.385584', '1-98%2F8%2F9%2FA%2C+Image+Gardens+Rd', '2015-02-10 20:44:04'),
(3447, 7, '37.422005', '17.084095', 'Unable+to+Track+position', '2015-02-10 20:49:57'),
(3448, 104, '17.447212', '78.385453', 'Unable+to+Track+position', '2015-02-10 20:53:08'),
(3449, 104, '17.447269', '78.385511', '1-98%2F8%2F9%2FA%2C+Image+Gardens+Rd', '2015-02-10 20:54:03'),
(3450, 104, '17.447269', '78.385514', '1-98%2F8%2F9%2FA%2C+Image+Gardens+Rd', '2015-02-10 20:54:04'),
(3451, 7, '37.422005', '17.084095', 'Unable+to+Track+position', '2015-02-10 21:01:57'),
(3452, 104, '17.447311', '78.385313', 'Unable+to+Track+position', '2015-02-10 21:04:17'),
(3453, 104, '17.447311', '78.385301', 'Unable+to+Track+position', '2015-02-10 21:14:09'),
(3454, 7, '37.422005', '17.084095', 'Unable+to+Track+position', '2015-02-10 21:14:18'),
(3455, 7, '37.422005', '17.084095', 'Unable+to+Track+position', '2015-02-10 21:16:56'),
(3456, 104, '17.447305', '78.38536', 'Unable+to+Track+position', '2015-02-10 21:18:16'),
(3457, 104, '17.44732', '78.385342', '20%2621', '2015-02-10 21:18:40'),
(3458, 104, '17.447145', '78.385493', '1-98%2F8%2F9%2FA%2C+Image+Gardens+Rd', '2015-02-10 21:23:49'),
(3459, 7, '37.422005', '17.084095', 'Unable+to+Track+position', '2015-02-10 21:27:57'),
(3460, 104, '17.447291', '78.385333', 'Unable+to+Track+position', '2015-02-10 21:33:46'),
(3461, 7, '37.422005', '17.084095', 'Unable+to+Track+position', '2015-02-10 21:39:57'),
(3462, 104, '17.447321', '78.38535', '20%2621', '2015-02-10 21:43:41'),
(3463, 7, '37.422005', '17.084095', 'Unable+to+Track+position', '2015-02-10 21:51:58'),
(3464, 104, '17.447276', '78.385506', '1-98%2F8%2F9%2FA%2C+Image+Gardens+Rd', '2015-02-10 21:53:50'),
(3465, 7, '37.422005', '17.084095', 'Unable+to+Track+position', '2015-02-10 22:03:58'),
(3466, 104, '17.447222', '78.385385', '1-98%2F8%2F9%2FA%2C+Image+Gardens+Rd', '2015-02-10 22:05:57'),
(3467, 7, '37.422005', '17.084095', 'Unable+to+Track+position', '2015-02-10 22:06:56'),
(3468, 104, '17.447283', '78.385315', '20%2621', '2015-02-10 22:13:44'),
(3469, 7, '37.422005', '17.084095', 'Unable+to+Track+position', '2015-02-10 22:17:57'),
(3470, 104, '17.447336', '78.385376', 'Unable+to+Track+position', '2015-02-10 22:23:45'),
(3471, 7, '37.422005', '17.084095', 'Unable+to+Track+position', '2015-02-10 22:27:57'),
(3472, 7, '37.422005', '17.084095', 'Unable+to+Track+position', '2015-02-10 22:42:43'),
(3473, 104, '17.447334', '78.38533', '20%2621', '2015-02-10 22:43:46'),
(3474, 74, '17.447271', '78.385452', '1-98%2F8%2F9%2FA%2C+Image+Gardens+Rd', '2015-02-10 22:44:26'),
(3475, 7, '37.422005', '17.084095', 'Unable+to+Track+position', '2015-02-10 22:53:43'),
(3476, 74, '17.446531', '78.385083', '20%2621', '2015-02-10 22:54:28'),
(3477, 7, '37.422005', '17.084095', 'Unable+to+Track+position', '2015-02-10 22:56:57'),
(3478, 74, '17.446242', '78.386046', '1-98%2F8%2F9%2FA%2C+Image+Gardens+Rd', '2015-02-10 23:04:29'),
(3479, 74, '17.446531', '78.385083', 'Distributor Location', '2015-02-10 23:06:35'),
(3480, 7, '37.422005', '17.084095', 'Unable+to+Track+position', '2015-02-10 23:08:57'),
(3481, 104, '17.447331', '78.385425', '23%2C+Image+Gardens+Rd', '2015-02-10 23:09:43'),
(3482, 104, '17.447301', '78.385409', 'Unable+to+Track+position', '2015-02-10 23:13:49'),
(3483, 8, '17.447082', '78.385471', '1-98%2F8%2F9%2FA%2C+Image+Gardens+Rd', '2015-02-10 23:14:05'),
(3484, 74, '17.445768', '78.387249', 'Unable+to+Track+position', '2015-02-10 23:14:30'),
(3485, 8, '17.447125', '78.3855', '1-98%2F8%2F9%2FA%2C+Image+Gardens+Rd', '2015-02-10 23:15:31'),
(3486, 7, '37.422005', '17.084095', 'Unable+to+Track+position', '2015-02-10 23:20:57'),
(3487, 104, '17.447336', '78.385378', '20%2621', '2015-02-10 23:23:45'),
(3488, 104, '17.448064', '78.383519', '20%2621', '2015-02-10 23:30:13'),
(3489, 104, '17.44731', '78.385342', '20%2621', '2015-02-10 23:30:59'),
(3490, 7, '37.422005', '17.084095', 'Unable+to+Track+position', '2015-02-10 23:32:58'),
(3491, 104, '17.448064', '78.383519', '20%2621', '2015-02-10 23:37:09'),
(3492, 104, '17.448064', '78.383519', '20%2621', '2015-02-10 23:40:14'),
(3493, 7, '37.422005', '17.084095', 'Unable+to+Track+position', '2015-02-10 23:43:59'),
(3494, 8, '17.447135', '78.385498', '1-98%2F8%2F9%2FA%2C+Image+Gardens+Rd', '2015-02-10 23:45:44'),
(3495, 7, '37.422005', '17.084095', 'Unable+to+Track+position', '2015-02-10 23:47:05'),
(3496, 104, '17.448064', '78.383519', '20%2621', '2015-02-10 23:50:15'),
(3497, 8, '17.447107', '78.385464', 'Unable+to+Track+position', '2015-02-10 23:54:10'),
(3498, 104, '17.448064', '78.383519', 'Distributor Location', '2015-02-10 23:56:42'),
(3499, 7, '37.422005', '17.084095', 'Unable+to+Track+position', '2015-02-10 23:59:25'),
(3500, 104, '17.445768', '78.387249', 'G-1%2C+Arunodaya+Colony', '2015-02-11 00:00:18'),
(3501, 8, '17.447151', '78.385489', '1-98%2F8%2F9%2FA%2C+Image+Gardens+Rd', '2015-02-11 00:04:05'),
(3502, 104, '17.444982', '78.385971', 'Distributor Location', '2015-02-11 00:06:39'),
(3503, 104, '17.444982', '78.385971', '90%2F1c%2C+Hitech+City+Rd', '2015-02-11 00:10:15'),
(3504, 7, '37.422005', '17.084095', 'Unable+to+Track+position', '2015-02-11 00:11:46'),
(3505, 8, '17.447122', '78.385492', '1-98%2F8%2F9%2FA%2C+Image+Gardens+Rd', '2015-02-11 00:14:05'),
(3506, 104, '17.444982', '78.385971', 'Distributor Location', '2015-02-11 00:15:52'),
(3507, 104, '17.444982', '78.385971', '90%2F1c%2C+Hitech+City+Rd', '2015-02-11 00:20:15'),
(3508, 104, '17.444982', '78.385971', 'Distributor Location', '2015-02-11 00:21:26'),
(3509, 7, '37.422005', '17.084095', 'Unable+to+Track+position', '2015-02-11 00:23:47'),
(3510, 8, '17.447007', '78.385433', '1-98%2F8%2F9%2FA%2C+Image+Gardens+Rd', '2015-02-11 00:24:04'),
(3511, 104, '17.444982', '78.385971', 'Distributor Location', '2015-02-11 00:24:55'),
(3512, 104, '17.443638', '78.391948', 'Distributor Location', '2015-02-11 00:28:12'),
(3513, 7, '37.422005', '17.084095', 'Unable+to+Track+position', '2015-02-11 00:28:21'),
(3514, 104, '17.443638', '78.391948', '1-98%2F90%2F24%2F2%2F3%2C+Ayyappa+Society+Main+Rd', '2015-02-11 00:30:15'),
(3515, 104, '17.443638', '78.391948', 'Distributor Location', '2015-02-11 00:31:31'),
(3516, 8, '17.447087', '78.385472', '1-98%2F8%2F9%2FA%2C+Image+Gardens+Rd', '2015-02-11 00:34:04'),
(3517, 7, '37.422005', '17.084095', 'Unable+to+Track+position', '2015-02-11 00:39:42'),
(3518, 104, '17.446531', '78.385083', '20%2621', '2015-02-11 00:40:16'),
(3519, 8, '17.447133', '78.385515', '1-98%2F8%2F9%2FA%2C+Image+Gardens+Rd', '2015-02-11 00:44:04'),
(3520, 104, '17.446944', '78.387534', 'VIP+Hills%2C+Silicon+Valley%2C+Madhapur', '2015-02-11 00:50:16'),
(3521, 8, '17.447116', '78.385495', '1-98%2F8%2F9%2FA%2C+Image+Gardens+Rd', '2015-02-11 00:54:05'),
(3522, 8, '17.44615', '78.386166', '1-98%2F8%2F9%2FA%2C+Image+Gardens+Rd', '2015-02-11 00:59:53'),
(3523, 8, '17.446531', '78.385083', '20%2621', '2015-02-11 01:09:56'),
(3524, 8, '17.446531', '78.385083', '20%2621', '2015-02-11 01:19:55'),
(3525, 8, '17.446531', '78.385083', 'Unable+to+Track+position', '2015-02-11 01:30:06'),
(3526, 8, '17.445768', '78.387249', 'G-1%2C+Arunodaya+Colony', '2015-02-11 01:39:56'),
(3527, 8, '17.445768', '78.387249', 'G-1%2C+Arunodaya+Colony', '2015-02-11 01:49:55'),
(3528, 8, '17.445768', '78.387249', 'Distributor Location', '2015-02-11 01:57:12'),
(3529, 8, '17.445768', '78.387249', 'G-1%2C+Arunodaya+Colony', '2015-02-11 01:59:54'),
(3530, 8, '17.446531', '78.385083', '20%2621', '2015-02-11 02:09:56'),
(3531, 8, '17.446531', '78.385083', '20%2621', '2015-02-11 02:19:57'),
(3532, 8, '17.446531', '78.385083', '20%2621', '2015-02-11 02:29:55'),
(3533, 104, '17.447138', '78.385481', '1-98%2F8%2F9%2FA%2C+Image+Gardens+Rd', '2015-02-11 02:44:58'),
(3534, 104, '17.445768', '78.387249', 'G-1%2C+Arunodaya+Colony', '2015-02-11 02:55:00'),
(3535, 104, '17.445768', '78.387249', 'G-1%2C+Arunodaya+Colony', '2015-02-11 03:05:00'),
(3536, 104, '17.445768', '78.387249', 'G-1%2C+Arunodaya+Colony', '2015-02-11 03:14:59'),
(3537, 8, '17.445768', '78.387249', 'G-1%2C+Arunodaya+Colony', '2015-02-11 03:20:54'),
(3538, 8, '17.445768', '78.387249', 'Distributor Location', '2015-02-11 03:23:44'),
(3539, 104, '17.445861', '78.387128', '90%2F1c%2C+Hitech+City+Rd', '2015-02-11 03:31:09'),
(3540, 104, '17.446611', '78.38712', 'Distributor Location', '2015-02-11 03:35:42'),
(3541, 104, '17.44615', '78.386166', '1-98%2F8%2F9%2FA%2C+Image+Gardens+Rd', '2015-02-11 03:41:08'),
(3542, 104, '17.44615', '78.386166', 'Distributor Location', '2015-02-11 03:41:42'),
(3543, 104, '17.44615', '78.386166', 'Distributor Location', '2015-02-11 03:45:10'),
(3544, 104, '17.44615', '78.386166', 'Distributor Location', '2015-02-11 03:48:48'),
(3545, 8, '17.447165', '78.385481', '1-98%2F8%2F9%2FA%2C+Image+Gardens+Rd', '2015-02-11 04:01:51'),
(3546, 8, '17.447152', '78.385502', '1-98%2F8%2F9%2FA%2C+Image+Gardens+Rd', '2015-02-11 04:11:51'),
(3547, 8, '17.44715', '78.385512', 'Unable+to+Track+position', '2015-02-11 04:22:01'),
(3548, 8, '17.447178', '78.385462', '1-98%2F8%2F9%2FA%2C+Image+Gardens+Rd', '2015-02-11 04:22:11'),
(3549, 8, '17.447174', '78.385477', '1-98%2F8%2F9%2FA%2C+Image+Gardens+Rd', '2015-02-11 04:24:23'),
(3550, 8, '17.447216', '78.38546', '1-98%2F8%2F9%2FA%2C+Image+Gardens+Rd', '2015-02-11 04:32:02'),
(3551, 8, '17.447169', '78.385504', 'Unable+to+Track+position', '2015-02-11 04:43:06'),
(3552, 8, '17.447183', '78.385496', '1-98%2F8%2F9%2FA%2C+Image+Gardens+Rd', '2015-02-11 04:52:17'),
(3553, 8, '17.447131', '78.385543', '1-98%2F8%2F9%2FA%2C+Image+Gardens+Rd', '2015-02-11 04:56:33'),
(3554, 8, '17.445768', '78.387249', 'Distributor Location', '2015-02-11 21:22:45'),
(3555, 8, '17.447145', '78.385499', 'Unable+to+Track+position', '2015-02-12 00:23:48'),
(3556, 8, '17.447145', '78.385499', 'Unable+to+Track+position', '2015-02-12 00:26:25'),
(3557, 8, '17.447145', '78.385499', 'Unable+to+Track+position', '2015-02-12 00:33:48'),
(3558, 8, '17.447145', '78.385499', 'Unable+to+Track+position', '2015-02-12 03:05:05'),
(3559, 8, '17.447145', '78.385499', 'Distributor Location', '2015-02-12 03:06:18'),
(3560, 7, '17.446087', '78.385119', '20%2621', '2015-02-12 03:10:15'),
(3561, 7, '17.446087', '78.385119', 'Distributor Location', '2015-02-12 03:12:20'),
(3562, 8, '17.447145', '78.385499', 'Unable+to+Track+position', '2015-02-12 03:15:05'),
(3563, 7, '17.446087', '78.385119', '20%2621', '2015-02-12 03:20:06'),
(3564, 8, '17.447145', '78.385499', 'Unable+to+Track+position', '2015-02-12 03:25:05'),
(3565, 7, '17.446087', '78.385119', 'Distributor Location', '2015-02-12 03:28:33'),
(3566, 7, '17.446087', '78.385119', 'Distributor Location', '2015-02-12 03:29:49'),
(3567, 7, '17.446087', '78.385119', '20%2621', '2015-02-12 03:30:03'),
(3568, 7, '17.446087', '78.385119', 'Distributor Location', '2015-02-12 03:30:33'),
(3569, 7, '17.446087', '78.385119', 'Distributor Location', '2015-02-12 03:31:56'),
(3570, 7, '17.446087', '78.385119', 'Distributor Location', '2015-02-12 03:32:42'),
(3571, 7, '17.446087', '78.385119', 'Distributor Location', '2015-02-12 03:33:21'),
(3572, 8, '17.447145', '78.385499', 'Unable+to+Track+position', '2015-02-12 03:35:05'),
(3573, 31, '17.446087', '78.385119', '20%2621', '2015-02-12 03:38:09'),
(3574, 31, '17.446087', '78.385119', 'Distributor Location', '2015-02-12 03:40:18'),
(3575, 31, '17.446087', '78.385119', 'Distributor Location', '2015-02-12 03:42:34'),
(3576, 8, '17.447145', '78.385499', 'Unable+to+Track+position', '2015-02-12 03:45:05'),
(3577, 15, '17.446087', '78.385119', '20%2621', '2015-02-12 03:45:57'),
(3578, 15, '17.446087', '78.385119', 'Distributor Location', '2015-02-12 03:46:57'),
(3579, 15, '17.446087', '78.385119', 'Distributor Location', '2015-02-12 03:47:36'),
(3580, 15, '17.446087', '78.385119', 'Distributor Location', '2015-02-12 03:48:18'),
(3581, 15, '17.446087', '78.385119', 'Distributor Location', '2015-02-12 03:49:01'),
(3582, 15, '17.446087', '78.385119', 'Distributor Location', '2015-02-12 03:49:51'),
(3583, 38, '17.446087', '78.385119', 'Unable+to+Track+position', '2015-02-12 03:52:51'),
(3584, 8, '17.447145', '78.385499', 'Unable+to+Track+position', '2015-02-12 03:55:05'),
(3585, 38, '17.446087', '78.385119', '20%2621', '2015-02-12 04:02:47'),
(3586, 8, '17.447145', '78.385499', 'Unable+to+Track+position', '2015-02-12 04:05:05'),
(3587, 38, '17.446087', '78.385119', '20%2621', '2015-02-12 04:12:47'),
(3588, 8, '17.447145', '78.385499', 'Unable+to+Track+position', '2015-02-12 04:15:05'),
(3589, 38, '17.44572', '78.386805', 'Unable+to+Track+position', '2015-02-12 04:22:52'),
(3590, 8, '17.447145', '78.385499', 'Unable+to+Track+position', '2015-02-12 04:25:05'),
(3591, 38, '17.44572', '78.386805', 'Unable+to+Track+position', '2015-02-12 04:32:52'),
(3592, 8, '17.447145', '78.385499', 'Unable+to+Track+position', '2015-02-12 04:35:05'),
(3593, 38, '17.44572', '78.386805', '90%2F1c%2C+Hitech+City+Rd', '2015-02-12 04:42:47'),
(3594, 8, '17.447145', '78.385499', 'Unable+to+Track+position', '2015-02-12 04:45:05'),
(3595, 38, '17.447174', '78.385536', '1-98%2F8%2F9%2FA%2C+Image+Gardens+Rd', '2015-02-12 04:52:48'),
(3596, 8, '17.447145', '78.385499', 'Unable+to+Track+position', '2015-02-12 04:55:05'),
(3597, 38, '17.447129', '78.385529', 'Unable+to+Track+position', '2015-02-12 05:02:52'),
(3598, 8, '17.447145', '78.385499', 'Unable+to+Track+position', '2015-02-12 05:05:05'),
(3599, 38, '17.447099', '78.38553', '1-98%2F8%2F9%2FA%2C+Image+Gardens+Rd', '2015-02-12 05:12:48');
INSERT INTO `runner_visitted_location_details` (`runner_visitted_location_id`, `user_id`, `lattitude`, `longitude`, `location`, `date_time`) VALUES
(3600, 8, '17.447145', '78.385499', 'Unable+to+Track+position', '2015-02-12 05:15:05'),
(3601, 38, '17.447125', '78.385529', '1-98%2F8%2F9%2FA%2C+Image+Gardens+Rd', '2015-02-12 05:22:49'),
(3602, 8, '17.447145', '78.385499', 'Unable+to+Track+position', '2015-02-12 05:25:05'),
(3603, 38, '17.447093', '78.385522', '1-98%2F8%2F9%2FA%2C+Image+Gardens+Rd', '2015-02-12 05:32:48'),
(3604, 8, '17.447145', '78.385499', 'Unable+to+Track+position', '2015-02-12 05:35:05'),
(3605, 38, '17.447123', '78.385528', '1-98%2F8%2F9%2FA%2C+Image+Gardens+Rd', '2015-02-12 05:42:48'),
(3606, 8, '17.447145', '78.385499', 'Unable+to+Track+position', '2015-02-12 05:45:05'),
(3607, 38, '17.447153', '78.385537', '1-98%2F8%2F9%2FA%2C+Image+Gardens+Rd', '2015-02-12 05:52:47'),
(3608, 8, '17.447145', '78.385499', 'Unable+to+Track+position', '2015-02-12 05:55:05'),
(3609, 38, '17.44712', '78.385532', 'Unable+to+Track+position', '2015-02-12 06:02:52'),
(3610, 8, '17.447145', '78.385499', 'Unable+to+Track+position', '2015-02-12 06:05:05'),
(3611, 38, '17.447155', '78.385487', 'Unable+to+Track+position', '2015-02-12 06:12:52'),
(3612, 8, '17.447145', '78.385499', 'Unable+to+Track+position', '2015-02-12 06:15:07'),
(3613, 38, '17.447116', '78.385535', 'Unable+to+Track+position', '2015-02-12 06:22:52'),
(3614, 8, '17.447145', '78.385499', 'Unable+to+Track+position', '2015-02-12 06:25:04'),
(3615, 38, '17.44714', '78.385495', 'Unable+to+Track+position', '2015-02-12 06:32:52'),
(3616, 8, '17.447145', '78.385499', 'Unable+to+Track+position', '2015-02-12 06:35:04'),
(3617, 38, '17.447142', '78.385544', '1-98%2F8%2F9%2FA%2C+Image+Gardens+Rd', '2015-02-12 06:42:48'),
(3618, 8, '17.447145', '78.385499', 'Unable+to+Track+position', '2015-02-12 06:45:04'),
(3619, 38, '17.447152', '78.385528', '1-98%2F8%2F9%2FA%2C+Image+Gardens+Rd', '2015-02-12 06:52:48'),
(3620, 8, '17.447145', '78.385499', 'Unable+to+Track+position', '2015-02-12 06:55:04'),
(3621, 38, '17.447133', '78.385512', '1-98%2F8%2F9%2FA%2C+Image+Gardens+Rd', '2015-02-12 07:02:48'),
(3622, 8, '17.447145', '78.385499', 'Unable+to+Track+position', '2015-02-12 07:05:04'),
(3623, 38, '17.447183', '78.385537', '1-98%2F8%2F9%2FA%2C+Image+Gardens+Rd', '2015-02-12 07:12:47'),
(3624, 8, '17.447145', '78.385499', 'Unable+to+Track+position', '2015-02-12 07:15:04'),
(3625, 38, '17.447187', '78.385476', 'Unable+to+Track+position', '2015-02-12 07:22:52'),
(3626, 8, '17.447145', '78.385499', 'Unable+to+Track+position', '2015-02-12 07:25:04'),
(3627, 38, '17.447149', '78.385536', '1-98%2F8%2F9%2FA%2C+Image+Gardens+Rd', '2015-02-12 07:32:47'),
(3628, 8, '17.447145', '78.385499', 'Unable+to+Track+position', '2015-02-12 07:35:04'),
(3629, 38, '17.447186', '78.38549', '1-98%2F8%2F9%2FA%2C+Image+Gardens+Rd', '2015-02-12 07:42:47'),
(3630, 8, '17.447145', '78.385499', 'Unable+to+Track+position', '2015-02-12 07:45:04'),
(3631, 38, '17.447155', '78.385536', '1-98%2F8%2F9%2FA%2C+Image+Gardens+Rd', '2015-02-12 07:52:48'),
(3632, 8, '17.447145', '78.385499', 'Unable+to+Track+position', '2015-02-12 07:55:04'),
(3633, 38, '17.447137', '78.385537', 'Unable+to+Track+position', '2015-02-12 08:02:52'),
(3634, 8, '17.447145', '78.385499', 'Unable+to+Track+position', '2015-02-12 08:05:04'),
(3635, 38, '17.447191', '78.385495', 'Unable+to+Track+position', '2015-02-12 08:12:46'),
(3636, 8, '17.447145', '78.385499', 'Unable+to+Track+position', '2015-02-12 08:15:04'),
(3637, 38, '17.447191', '78.385495', 'Unable+to+Track+position', '2015-02-12 08:22:47'),
(3638, 8, '17.447145', '78.385499', 'Unable+to+Track+position', '2015-02-12 08:25:04'),
(3639, 38, '17.447191', '78.385495', 'Unable+to+Track+position', '2015-02-12 08:32:47'),
(3640, 8, '17.447145', '78.385499', 'Unable+to+Track+position', '2015-02-12 08:35:04'),
(3641, 38, '17.447191', '78.385495', 'Unable+to+Track+position', '2015-02-12 08:42:47'),
(3642, 8, '17.447145', '78.385499', 'Unable+to+Track+position', '2015-02-12 08:45:04'),
(3643, 38, '17.447191', '78.385495', 'Unable+to+Track+position', '2015-02-12 08:52:47'),
(3644, 8, '17.447145', '78.385499', 'Unable+to+Track+position', '2015-02-12 08:55:04'),
(3645, 38, '17.447191', '78.385495', 'Unable+to+Track+position', '2015-02-12 09:02:47'),
(3646, 8, '17.447145', '78.385499', 'Unable+to+Track+position', '2015-02-12 09:05:04'),
(3647, 38, '17.447191', '78.385495', 'Unable+to+Track+position', '2015-02-12 09:12:47'),
(3648, 8, '17.447145', '78.385499', 'Unable+to+Track+position', '2015-02-12 09:15:04'),
(3649, 38, '17.447191', '78.385495', 'Unable+to+Track+position', '2015-02-12 09:22:47'),
(3650, 8, '17.447145', '78.385499', 'Unable+to+Track+position', '2015-02-12 09:25:04'),
(3651, 38, '17.447191', '78.385495', 'Unable+to+Track+position', '2015-02-12 09:32:47'),
(3652, 8, '17.447145', '78.385499', 'Unable+to+Track+position', '2015-02-12 09:35:04'),
(3653, 38, '17.447191', '78.385495', 'Unable+to+Track+position', '2015-02-12 09:42:47'),
(3654, 8, '17.447145', '78.385499', 'Unable+to+Track+position', '2015-02-12 09:45:04'),
(3655, 38, '17.447191', '78.385495', 'Unable+to+Track+position', '2015-02-12 09:52:47'),
(3656, 8, '17.447145', '78.385499', 'Unable+to+Track+position', '2015-02-12 09:55:04'),
(3657, 38, '17.447191', '78.385495', 'Unable+to+Track+position', '2015-02-12 10:02:47'),
(3658, 8, '17.447145', '78.385499', 'Unable+to+Track+position', '2015-02-12 10:05:04'),
(3659, 38, '17.447191', '78.385495', 'Unable+to+Track+position', '2015-02-12 10:12:47'),
(3660, 8, '17.447145', '78.385499', 'Unable+to+Track+position', '2015-02-12 10:15:04'),
(3661, 38, '17.447191', '78.385495', 'Unable+to+Track+position', '2015-02-12 10:22:47'),
(3662, 8, '17.447145', '78.385499', 'Unable+to+Track+position', '2015-02-12 10:25:04'),
(3663, 38, '17.447191', '78.385495', 'Unable+to+Track+position', '2015-02-12 10:32:47'),
(3664, 8, '17.447145', '78.385499', 'Unable+to+Track+position', '2015-02-12 10:35:05'),
(3665, 38, '17.447191', '78.385495', 'Unable+to+Track+position', '2015-02-12 10:42:47'),
(3666, 8, '17.447145', '78.385499', 'Unable+to+Track+position', '2015-02-12 10:45:04'),
(3667, 38, '17.447191', '78.385495', 'Unable+to+Track+position', '2015-02-12 10:52:47'),
(3668, 8, '17.447145', '78.385499', 'Unable+to+Track+position', '2015-02-12 10:55:04'),
(3669, 38, '17.447191', '78.385495', 'Unable+to+Track+position', '2015-02-12 11:02:47'),
(3670, 8, '17.447145', '78.385499', 'Unable+to+Track+position', '2015-02-12 11:05:04'),
(3671, 38, '17.447191', '78.385495', 'Unable+to+Track+position', '2015-02-12 11:12:46'),
(3672, 8, '17.447145', '78.385499', 'Unable+to+Track+position', '2015-02-12 11:15:04'),
(3673, 38, '17.447191', '78.385495', 'Unable+to+Track+position', '2015-02-12 11:22:46'),
(3674, 8, '17.447145', '78.385499', 'Unable+to+Track+position', '2015-02-12 11:25:04'),
(3675, 38, '17.447191', '78.385495', 'Unable+to+Track+position', '2015-02-12 11:32:46'),
(3676, 8, '17.447145', '78.385499', 'Unable+to+Track+position', '2015-02-12 11:35:04'),
(3677, 38, '17.447191', '78.385495', 'Unable+to+Track+position', '2015-02-12 11:42:46'),
(3678, 8, '17.447145', '78.385499', 'Unable+to+Track+position', '2015-02-12 11:45:04'),
(3679, 38, '17.447191', '78.385495', 'Unable+to+Track+position', '2015-02-12 11:52:46'),
(3680, 8, '17.447145', '78.385499', 'Unable+to+Track+position', '2015-02-12 11:55:04'),
(3681, 38, '17.447191', '78.385495', 'Unable+to+Track+position', '2015-02-12 12:02:47'),
(3682, 8, '17.447145', '78.385499', 'Unable+to+Track+position', '2015-02-12 12:05:04'),
(3683, 38, '17.447191', '78.385495', 'Unable+to+Track+position', '2015-02-12 12:12:47'),
(3684, 8, '17.447145', '78.385499', 'Unable+to+Track+position', '2015-02-12 12:15:04'),
(3685, 38, '17.447191', '78.385495', 'Unable+to+Track+position', '2015-02-12 12:22:47'),
(3686, 8, '17.447145', '78.385499', 'Unable+to+Track+position', '2015-02-12 12:25:05'),
(3687, 38, '17.447191', '78.385495', 'Unable+to+Track+position', '2015-02-12 12:32:47'),
(3688, 8, '17.447145', '78.385499', 'Unable+to+Track+position', '2015-02-12 12:35:05'),
(3689, 38, '17.447191', '78.385495', 'Unable+to+Track+position', '2015-02-12 12:42:47'),
(3690, 8, '17.447145', '78.385499', 'Unable+to+Track+position', '2015-02-12 12:45:05'),
(3691, 38, '17.447191', '78.385495', 'Unable+to+Track+position', '2015-02-12 12:52:47'),
(3692, 8, '17.447145', '78.385499', 'Unable+to+Track+position', '2015-02-12 12:55:05'),
(3693, 38, '17.447191', '78.385495', 'Unable+to+Track+position', '2015-02-12 13:02:47'),
(3694, 8, '17.447145', '78.385499', 'Unable+to+Track+position', '2015-02-12 13:05:05'),
(3695, 38, '17.447191', '78.385495', 'Unable+to+Track+position', '2015-02-12 13:12:47'),
(3696, 8, '17.447145', '78.385499', 'Unable+to+Track+position', '2015-02-12 13:15:04'),
(3697, 38, '17.447191', '78.385495', 'Unable+to+Track+position', '2015-02-12 13:22:47'),
(3698, 8, '17.447145', '78.385499', 'Unable+to+Track+position', '2015-02-12 13:25:05'),
(3699, 38, '17.447191', '78.385495', 'Unable+to+Track+position', '2015-02-12 13:32:47'),
(3700, 8, '17.447145', '78.385499', 'Unable+to+Track+position', '2015-02-12 13:35:04'),
(3701, 38, '17.447191', '78.385495', 'Unable+to+Track+position', '2015-02-12 13:42:47'),
(3702, 8, '17.447145', '78.385499', 'Unable+to+Track+position', '2015-02-12 13:45:05'),
(3703, 38, '17.447191', '78.385495', 'Unable+to+Track+position', '2015-02-12 13:52:48'),
(3704, 8, '17.447145', '78.385499', 'Unable+to+Track+position', '2015-02-12 13:55:05'),
(3705, 38, '17.447191', '78.385495', 'Unable+to+Track+position', '2015-02-12 14:02:47'),
(3706, 8, '17.447145', '78.385499', 'Unable+to+Track+position', '2015-02-12 14:05:04'),
(3707, 38, '17.447191', '78.385495', 'Unable+to+Track+position', '2015-02-12 14:12:47'),
(3708, 8, '17.447145', '78.385499', 'Unable+to+Track+position', '2015-02-12 14:15:04'),
(3709, 38, '17.447191', '78.385495', 'Unable+to+Track+position', '2015-02-12 14:22:46'),
(3710, 8, '17.447145', '78.385499', 'Unable+to+Track+position', '2015-02-12 14:25:04'),
(3711, 38, '17.447191', '78.385495', 'Unable+to+Track+position', '2015-02-12 14:32:46'),
(3712, 8, '17.447145', '78.385499', 'Unable+to+Track+position', '2015-02-12 14:35:04'),
(3713, 38, '17.447191', '78.385495', 'Unable+to+Track+position', '2015-02-12 14:42:46'),
(3714, 8, '17.447145', '78.385499', 'Unable+to+Track+position', '2015-02-12 14:45:04'),
(3715, 38, '17.447191', '78.385495', 'Unable+to+Track+position', '2015-02-12 14:52:46'),
(3716, 8, '17.447145', '78.385499', 'Unable+to+Track+position', '2015-02-12 14:55:04'),
(3717, 38, '17.447191', '78.385495', 'Unable+to+Track+position', '2015-02-12 15:02:46'),
(3718, 8, '17.447145', '78.385499', 'Unable+to+Track+position', '2015-02-12 15:05:04'),
(3719, 38, '17.447191', '78.385495', 'Unable+to+Track+position', '2015-02-12 15:12:46'),
(3720, 8, '17.447145', '78.385499', 'Unable+to+Track+position', '2015-02-12 15:15:04'),
(3721, 38, '17.447191', '78.385495', 'Unable+to+Track+position', '2015-02-12 15:22:46'),
(3722, 8, '17.447145', '78.385499', 'Unable+to+Track+position', '2015-02-12 15:25:04'),
(3723, 38, '17.447191', '78.385495', 'Unable+to+Track+position', '2015-02-12 15:32:46'),
(3724, 8, '17.447145', '78.385499', 'Unable+to+Track+position', '2015-02-12 15:35:04'),
(3725, 38, '17.447191', '78.385495', 'Unable+to+Track+position', '2015-02-12 15:42:46'),
(3726, 8, '17.447145', '78.385499', 'Unable+to+Track+position', '2015-02-12 15:45:04'),
(3727, 38, '17.447191', '78.385495', 'Unable+to+Track+position', '2015-02-12 15:52:46'),
(3728, 8, '17.447145', '78.385499', 'Unable+to+Track+position', '2015-02-12 15:55:05'),
(3729, 38, '17.447191', '78.385495', 'Unable+to+Track+position', '2015-02-12 16:02:47'),
(3730, 8, '17.447145', '78.385499', 'Unable+to+Track+position', '2015-02-12 16:05:05'),
(3731, 38, '17.447191', '78.385495', 'Unable+to+Track+position', '2015-02-12 16:12:46'),
(3732, 8, '17.447145', '78.385499', 'Unable+to+Track+position', '2015-02-12 16:15:04'),
(3733, 38, '17.447191', '78.385495', 'Unable+to+Track+position', '2015-02-12 16:22:47'),
(3734, 8, '17.447145', '78.385499', 'Unable+to+Track+position', '2015-02-12 16:25:04'),
(3735, 38, '17.447191', '78.385495', 'Unable+to+Track+position', '2015-02-12 16:32:47'),
(3736, 8, '17.447145', '78.385499', 'Unable+to+Track+position', '2015-02-12 16:35:04'),
(3737, 38, '17.447191', '78.385495', 'Unable+to+Track+position', '2015-02-12 16:42:47'),
(3738, 8, '17.447145', '78.385499', 'Unable+to+Track+position', '2015-02-12 16:45:04'),
(3739, 38, '17.447191', '78.385495', 'Unable+to+Track+position', '2015-02-12 16:52:47'),
(3740, 8, '17.447145', '78.385499', 'Unable+to+Track+position', '2015-02-12 16:55:04'),
(3741, 38, '17.447191', '78.385495', 'Unable+to+Track+position', '2015-02-12 17:02:47'),
(3742, 8, '17.447145', '78.385499', 'Unable+to+Track+position', '2015-02-12 17:05:04'),
(3743, 38, '17.447191', '78.385495', 'Unable+to+Track+position', '2015-02-12 17:12:47'),
(3744, 8, '17.447145', '78.385499', 'Unable+to+Track+position', '2015-02-12 17:15:04'),
(3745, 38, '17.447191', '78.385495', 'Unable+to+Track+position', '2015-02-12 17:22:46'),
(3746, 8, '17.447145', '78.385499', 'Unable+to+Track+position', '2015-02-12 17:25:04'),
(3747, 38, '17.447191', '78.385495', 'Unable+to+Track+position', '2015-02-12 17:32:46'),
(3748, 8, '17.447145', '78.385499', 'Unable+to+Track+position', '2015-02-12 17:35:04'),
(3749, 38, '17.447191', '78.385495', 'Unable+to+Track+position', '2015-02-12 17:42:46'),
(3750, 8, '17.447145', '78.385499', 'Unable+to+Track+position', '2015-02-12 17:45:04'),
(3751, 38, '17.447191', '78.385495', 'Unable+to+Track+position', '2015-02-12 17:52:48'),
(3752, 8, '17.447145', '78.385499', 'Unable+to+Track+position', '2015-02-12 17:55:04'),
(3753, 38, '17.447191', '78.385495', 'Unable+to+Track+position', '2015-02-12 18:02:47'),
(3754, 8, '17.447145', '78.385499', 'Unable+to+Track+position', '2015-02-12 18:05:04'),
(3755, 31, '17.447145', '78.385499', 'Unable+to+Track+position', '2015-02-12 18:09:51'),
(3756, 31, '17.447145', '78.385499', 'Unable+to+Track+position', '2015-02-12 18:10:28'),
(3757, 38, '17.447191', '78.385495', 'Unable+to+Track+position', '2015-02-12 18:12:46'),
(3758, 31, '17.447145', '78.385499', 'Unable+to+Track+position', '2015-02-12 18:18:33'),
(3759, 31, '17.447145', '78.385499', 'Unable+to+Track+position', '2015-02-12 18:21:43'),
(3760, 38, '17.447191', '78.385495', 'Unable+to+Track+position', '2015-02-12 18:22:46'),
(3761, 8, '17.447145', '78.385499', 'Unable+to+Track+position', '2015-02-12 18:26:14'),
(3762, 8, '17.447145', '78.385499', 'Unable+to+Track+position', '2015-02-12 18:31:35'),
(3763, 8, '17.447145', '78.385499', 'Distributor Location', '2015-02-12 18:32:26'),
(3764, 8, '17.447145', '78.385499', 'Distributor Location', '2015-02-12 18:33:16'),
(3765, 8, '17.447145', '78.385499', 'Distributor Location', '2015-02-12 18:35:18'),
(3766, 8, '17.447145', '78.385499', 'Unable+to+Track+position', '2015-02-12 18:41:35'),
(3767, 8, '17.447145', '78.385499', 'Unable+to+Track+position', '2015-02-12 18:51:35'),
(3768, 8, '17.447145', '78.385499', 'Distributor Location', '2015-02-12 19:19:47'),
(3769, 8, '17.447145', '78.385499', 'Distributor Location', '2015-02-12 19:20:41'),
(3770, 8, '17.447145', '78.385499', 'Distributor Location', '2015-02-12 19:21:35'),
(3771, 8, '17.447145', '78.385499', 'Unable+to+Track+position', '2015-02-12 19:21:35'),
(3772, 7, '17.447145', '78.385499', 'Unable+to+Track+position', '2015-02-12 19:27:28'),
(3773, 7, '17.447145', '78.385499', 'Distributor Location', '2015-02-12 19:28:06'),
(3774, 7, '17.447145', '78.385499', 'Distributor Location', '2015-02-12 19:30:35'),
(3775, 7, '17.447145', '78.385499', 'Distributor Location', '2015-02-12 19:31:12'),
(3776, 7, '17.447145', '78.385499', 'Distributor Location', '2015-02-12 19:31:49'),
(3777, 7, '17.447145', '78.385499', 'Distributor Location', '2015-02-12 19:32:25'),
(3778, 7, '17.447145', '78.385499', 'Distributor Location', '2015-02-12 19:33:00'),
(3779, 7, '17.447145', '78.385499', 'Distributor Location', '2015-02-12 19:33:36'),
(3780, 8, '17.447144', '78.385536', '1-98%2F8%2F9%2FA%2C+Image+Gardens+Rd', '2015-02-17 22:47:08'),
(3781, 8, '17.447077', '78.385506', 'Distributor Location', '2015-02-17 22:50:01'),
(3782, 8, '17.447123', '78.385514', '1-98%2F8%2F9%2FA%2C+Image+Gardens+Rd', '2015-02-17 22:57:08'),
(3783, 8, '17.447162', '78.385514', 'Distributor Location', '2015-02-17 23:00:24'),
(3784, 8, '17.447116', '78.385485', '1-98%2F8%2F9%2FA%2C+Image+Gardens+Rd', '2015-02-17 23:07:08'),
(3785, 8, '17.447112', '78.385546', '1-98%2F8%2F9%2FA%2C+Image+Gardens+Rd', '2015-02-17 23:17:08'),
(3786, 8, '17.447217', '78.385472', '1-98%2F8%2F9%2FA%2C+Image+Gardens+Rd', '2015-02-17 23:27:08'),
(3787, 8, '17.447197', '78.385478', '1-98%2F8%2F9%2FA%2C+Image+Gardens+Rd', '2015-02-17 23:37:08'),
(3788, 8, '17.447137', '78.385575', 'Distributor Location', '2015-02-17 23:38:56'),
(3789, 8, '17.447165', '78.385498', '1-98%2F8%2F9%2FA%2C+Image+Gardens+Rd', '2015-02-17 23:46:08'),
(3790, 8, '17.447114', '78.385507', '1-98%2F8%2F9%2FA%2C+Image+Gardens+Rd', '2015-02-17 23:47:07'),
(3791, 8, '17.447115', '78.385546', 'Distributor Location', '2015-02-17 23:47:50'),
(3792, 8, '17.447155', '78.385574', '1-98%2F8%2F9%2FA%2C+Image+Gardens+Rd', '2015-02-17 23:57:08'),
(3793, 8, '17.447114', '78.385502', '1-98%2F8%2F9%2FA%2C+Image+Gardens+Rd', '2015-02-18 00:07:09'),
(3794, 8, '17.447077', '78.385517', 'Distributor Location', '2015-02-18 00:08:48'),
(3795, 7, '17.447146', '78.385552', '1-98%2F8%2F9%2FA%2C+Image+Gardens+Rd', '2015-02-18 00:10:11'),
(3796, 7, '17.447168', '78.385542', '1-98%2F8%2F9%2FA%2C+Image+Gardens+Rd', '2015-02-18 00:20:12'),
(3797, 7, '17.447159', '78.385573', '1-98%2F8%2F9%2FA%2C+Image+Gardens+Rd', '2015-02-18 00:30:12'),
(3798, 7, '17.447165', '78.385557', '1-98%2F8%2F9%2FA%2C+Image+Gardens+Rd', '2015-02-18 00:40:11'),
(3799, 7, '17.447178', '78.385548', '1-98%2F8%2F9%2FA%2C+Image+Gardens+Rd', '2015-02-18 00:50:11'),
(3800, 7, '17.447197', '78.385549', '1-98%2F8%2F9%2FA%2C+Image+Gardens+Rd', '2015-02-18 01:00:11'),
(3801, 7, '17.447173', '78.385588', '1-98%2F8%2F9%2FA%2C+Image+Gardens+Rd', '2015-02-18 01:01:34');

-- --------------------------------------------------------

--
-- Table structure for table `runner_visit_details`
--

CREATE TABLE IF NOT EXISTS `runner_visit_details` (
`runner_visit_id` bigint(20) NOT NULL,
  `visit_no` char(1) NOT NULL DEFAULT '' COMMENT '1-First,2-Second,...',
  `bp_user_assignment_id` bigint(20) NOT NULL,
  `visit_time_stamp` timestamp NOT NULL DEFAULT CURRENT_TIMESTAMP ON UPDATE CURRENT_TIMESTAMP,
  `status` char(1) NOT NULL
) ENGINE=InnoDB  DEFAULT CHARSET=utf8 AUTO_INCREMENT=1126 ;

--
-- Dumping data for table `runner_visit_details`
--

INSERT INTO `runner_visit_details` (`runner_visit_id`, `visit_no`, `bp_user_assignment_id`, `visit_time_stamp`, `status`) VALUES
(1, '1', 1, '2014-10-07 06:31:39', '1'),
(2, '1', 10, '2014-10-07 08:09:38', '1'),
(3, '2', 11, '2014-10-07 08:17:35', '1'),
(4, '1', 22, '2014-10-08 04:07:51', '1'),
(5, '1', 24, '2014-10-08 04:07:55', '1'),
(6, '1', 21, '2014-10-08 04:08:01', '1'),
(7, '1', 1, '2014-10-09 04:04:33', '1'),
(8, '1', 1, '2014-10-09 04:11:06', '1'),
(9, '1', 1, '2014-10-09 04:21:16', '1'),
(10, '1', 1, '2014-10-09 04:34:41', '1'),
(11, '1', 1, '2014-10-09 04:52:15', '1'),
(12, '1', 10, '2014-10-10 04:59:19', '1'),
(13, '1', 10, '2014-10-10 05:01:54', '1'),
(14, '1', 10, '2014-10-10 05:06:00', '1'),
(15, '1', 10, '2014-10-10 05:09:18', '1'),
(16, '1', 10, '2014-10-10 05:10:37', '1'),
(17, '1', 10, '2014-10-10 05:13:28', '1'),
(18, '1', 10, '2014-10-10 05:15:42', '1'),
(19, '1', 10, '2014-10-10 05:18:49', '1'),
(20, '1', 10, '2014-10-10 05:20:05', '1'),
(21, '1', 10, '2014-10-10 05:22:18', '1'),
(22, '1', 10, '2014-10-10 05:23:36', '1'),
(23, '1', 10, '2014-10-10 05:25:58', '1'),
(24, '1', 10, '2014-10-10 05:27:28', '1'),
(25, '1', 10, '2014-10-10 05:31:57', '1'),
(26, '1', 10, '2014-10-10 05:34:11', '1'),
(27, '1', 10, '2014-10-10 07:33:40', '1'),
(28, '1', 10, '2014-10-10 08:04:43', '1'),
(29, '1', 32, '2014-10-14 03:56:32', '1'),
(30, '1', 1, '2014-10-14 04:01:49', '1'),
(31, '1', 2, '2014-10-14 04:10:52', '1'),
(32, '1', 1, '2014-10-15 07:25:49', '1'),
(33, '1', 1, '2014-10-17 07:37:57', '1'),
(34, '1', 1, '2014-10-31 00:17:04', '1'),
(35, '1', 1, '2014-10-31 00:17:19', '1'),
(36, '1', 1, '2014-10-31 00:17:22', '1'),
(37, '1', 1, '2014-10-31 00:17:54', '1'),
(38, '1', 2, '2014-10-31 04:49:36', '1'),
(39, '1', 3, '2014-10-31 04:50:42', '1'),
(40, '1', 4, '2014-10-31 05:59:11', '1'),
(41, '1', 3, '2014-11-02 23:24:07', '1'),
(42, '1', 1, '2014-11-02 23:24:11', '1'),
(43, '1', 45, '2014-11-04 03:45:04', '1'),
(44, '1', 45, '2014-11-04 03:48:59', '1'),
(45, '1', 45, '2014-11-04 03:49:34', '1'),
(46, '1', 1, '2014-11-07 06:11:23', '1'),
(47, '1', 1, '2014-11-07 06:26:33', '1'),
(48, '2', 6, '2014-11-10 02:52:38', '1'),
(49, '2', 6, '2014-11-10 02:53:05', '1'),
(50, '2', 6, '2014-11-10 02:56:18', '1'),
(51, '2', 6, '2014-11-10 02:58:58', '1'),
(52, '2', 6, '2014-11-10 04:21:30', '1'),
(53, '2', 6, '2014-11-10 04:27:20', '1'),
(54, '2', 6, '2014-11-10 05:18:04', '1'),
(55, '2', 6, '2014-11-10 05:34:45', '1'),
(56, '2', 6, '2014-11-10 05:50:24', '1'),
(57, '2', 6, '2014-11-10 06:25:16', '1'),
(58, '2', 6, '2014-11-10 06:43:36', '1'),
(59, '1', 1, '2014-11-10 22:25:39', '1'),
(60, '1', 2, '2014-11-10 22:28:07', '1'),
(61, '1', 3, '2014-11-11 00:43:05', '1'),
(62, '1', 3, '2014-11-11 01:12:36', '1'),
(63, '2', 6, '2014-11-11 01:22:15', '1'),
(64, '2', 6, '2014-11-11 01:25:57', '1'),
(65, '2', 6, '2014-11-11 01:43:00', '1'),
(66, '1', 3, '2014-11-11 02:36:38', '1'),
(67, '1', 3, '2014-11-11 02:39:45', '1'),
(68, '1', 3, '2014-11-11 02:40:57', '1'),
(69, '2', 6, '2014-11-11 02:45:54', '1'),
(70, '2', 6, '2014-11-11 03:53:29', '1'),
(71, '2', 6, '2014-11-11 03:55:08', '1'),
(72, '2', 6, '2014-11-11 03:55:08', '1'),
(73, '2', 6, '2014-11-11 03:55:09', '1'),
(74, '2', 6, '2014-11-11 03:55:09', '1'),
(75, '2', 6, '2014-11-11 03:55:09', '1'),
(76, '2', 6, '2014-11-11 03:55:09', '1'),
(77, '2', 6, '2014-11-11 03:55:09', '1'),
(78, '2', 6, '2014-11-11 03:55:09', '1'),
(79, '2', 6, '2014-11-11 03:55:09', '1'),
(80, '2', 6, '2014-11-11 03:55:09', '1'),
(81, '2', 6, '2014-11-11 03:55:09', '1'),
(82, '2', 6, '2014-11-11 03:55:09', '1'),
(83, '2', 6, '2014-11-11 03:55:09', '1'),
(84, '2', 6, '2014-11-11 03:55:09', '1'),
(85, '2', 6, '2014-11-11 03:55:09', '1'),
(86, '2', 6, '2014-11-11 03:55:09', '1'),
(87, '2', 6, '2014-11-11 03:55:09', '1'),
(88, '2', 6, '2014-11-11 03:55:09', '1'),
(89, '2', 6, '2014-11-11 03:55:09', '1'),
(90, '2', 6, '2014-11-11 03:55:09', '1'),
(91, '2', 6, '2014-11-11 03:55:09', '1'),
(92, '2', 6, '2014-11-11 03:55:09', '1'),
(93, '2', 6, '2014-11-11 03:55:09', '1'),
(94, '2', 6, '2014-11-11 03:55:09', '1'),
(95, '2', 6, '2014-11-11 03:55:09', '1'),
(96, '2', 6, '2014-11-11 03:55:09', '1'),
(97, '2', 6, '2014-11-11 03:55:09', '1'),
(98, '2', 6, '2014-11-11 03:55:09', '1'),
(99, '2', 6, '2014-11-11 03:55:09', '1'),
(100, '2', 6, '2014-11-11 03:55:09', '1'),
(101, '2', 6, '2014-11-11 03:55:09', '1'),
(102, '2', 6, '2014-11-11 03:55:09', '1'),
(103, '2', 6, '2014-11-11 03:55:09', '1'),
(104, '2', 6, '2014-11-11 03:55:09', '1'),
(105, '2', 6, '2014-11-11 03:55:09', '1'),
(106, '2', 6, '2014-11-11 03:55:09', '1'),
(107, '2', 6, '2014-11-11 03:55:09', '1'),
(108, '2', 6, '2014-11-11 03:55:09', '1'),
(109, '2', 6, '2014-11-11 03:55:09', '1'),
(110, '2', 6, '2014-11-11 03:55:09', '1'),
(111, '2', 6, '2014-11-11 03:55:09', '1'),
(112, '2', 6, '2014-11-11 03:55:09', '1'),
(113, '2', 6, '2014-11-11 03:55:09', '1'),
(114, '2', 6, '2014-11-11 03:55:09', '1'),
(115, '2', 6, '2014-11-11 03:55:09', '1'),
(116, '2', 6, '2014-11-11 03:55:09', '1'),
(117, '2', 6, '2014-11-11 03:55:09', '1'),
(118, '2', 6, '2014-11-11 03:55:09', '1'),
(119, '2', 6, '2014-11-11 03:55:09', '1'),
(120, '2', 6, '2014-11-11 03:55:09', '1'),
(121, '2', 6, '2014-11-11 03:56:25', '1'),
(122, '2', 6, '2014-11-11 03:56:25', '1'),
(123, '2', 6, '2014-11-11 03:56:25', '1'),
(124, '2', 6, '2014-11-11 03:56:25', '1'),
(125, '2', 6, '2014-11-11 03:56:25', '1'),
(126, '2', 6, '2014-11-11 03:56:25', '1'),
(127, '2', 6, '2014-11-11 03:56:25', '1'),
(128, '2', 6, '2014-11-11 03:56:25', '1'),
(129, '2', 6, '2014-11-11 03:56:25', '1'),
(130, '2', 6, '2014-11-11 03:56:25', '1'),
(131, '2', 6, '2014-11-11 03:56:25', '1'),
(132, '2', 6, '2014-11-11 03:56:25', '1'),
(133, '2', 6, '2014-11-11 03:56:25', '1'),
(134, '2', 6, '2014-11-11 03:56:25', '1'),
(135, '2', 6, '2014-11-11 03:56:25', '1'),
(136, '2', 6, '2014-11-11 03:56:25', '1'),
(137, '2', 6, '2014-11-11 03:56:25', '1'),
(138, '2', 6, '2014-11-11 03:56:25', '1'),
(139, '2', 6, '2014-11-11 03:56:25', '1'),
(140, '2', 6, '2014-11-11 03:56:25', '1'),
(141, '2', 6, '2014-11-11 03:56:25', '1'),
(142, '2', 6, '2014-11-11 03:56:25', '1'),
(143, '2', 6, '2014-11-11 03:56:25', '1'),
(144, '2', 6, '2014-11-11 03:56:25', '1'),
(145, '2', 6, '2014-11-11 03:56:25', '1'),
(146, '2', 6, '2014-11-11 03:56:25', '1'),
(147, '2', 6, '2014-11-11 03:56:25', '1'),
(148, '2', 6, '2014-11-11 03:56:25', '1'),
(149, '2', 6, '2014-11-11 03:56:25', '1'),
(150, '2', 6, '2014-11-11 03:56:25', '1'),
(151, '2', 6, '2014-11-11 03:56:26', '1'),
(152, '2', 6, '2014-11-11 03:56:26', '1'),
(153, '2', 6, '2014-11-11 03:56:26', '1'),
(154, '2', 6, '2014-11-11 03:56:26', '1'),
(155, '2', 6, '2014-11-11 03:56:26', '1'),
(156, '2', 6, '2014-11-11 03:56:26', '1'),
(157, '2', 6, '2014-11-11 03:56:26', '1'),
(158, '2', 6, '2014-11-11 03:56:26', '1'),
(159, '2', 6, '2014-11-11 03:56:26', '1'),
(160, '2', 6, '2014-11-11 03:56:26', '1'),
(161, '2', 6, '2014-11-11 03:56:26', '1'),
(162, '2', 6, '2014-11-11 03:56:26', '1'),
(163, '2', 6, '2014-11-11 03:56:26', '1'),
(164, '2', 6, '2014-11-11 03:56:26', '1'),
(165, '2', 6, '2014-11-11 03:56:26', '1'),
(166, '2', 6, '2014-11-11 03:56:26', '1'),
(167, '2', 6, '2014-11-11 03:56:26', '1'),
(168, '2', 6, '2014-11-11 03:56:26', '1'),
(169, '2', 6, '2014-11-11 03:56:26', '1'),
(170, '2', 6, '2014-11-11 03:56:26', '1'),
(171, '1', 32, '2014-11-11 04:54:46', '1'),
(172, '1', 32, '2014-11-11 04:57:56', '1'),
(173, '1', 32, '2014-11-11 05:01:01', '1'),
(174, '1', 32, '2014-11-11 05:04:27', '1'),
(175, '1', 32, '2014-11-11 05:09:27', '1'),
(176, '1', 32, '2014-11-11 05:10:11', '1'),
(177, '1', 32, '2014-11-11 05:11:03', '1'),
(178, '1', 32, '2014-11-11 05:11:34', '1'),
(179, '2', 33, '2014-11-11 06:43:18', '1'),
(180, '2', 6, '2014-11-11 22:58:01', '1'),
(181, '3', 7, '2014-11-11 23:35:52', '1'),
(182, '2', 8, '2014-11-11 23:37:22', '1'),
(183, '2', 8, '2014-11-11 23:37:23', '1'),
(184, '2', 8, '2014-11-11 23:37:24', '1'),
(185, '2', 8, '2014-11-11 23:37:30', '1'),
(186, '2', 9, '2014-11-11 23:37:33', '1'),
(187, '2', 8, '2014-11-11 23:37:42', '1'),
(188, '2', 9, '2014-11-11 23:37:48', '1'),
(189, '2', 8, '2014-11-11 23:38:18', '1'),
(190, '2', 8, '2014-11-11 23:45:31', '1'),
(191, '2', 8, '2014-11-11 23:48:20', '1'),
(192, '2', 8, '2014-11-11 23:48:30', '1'),
(193, '2', 8, '2014-11-11 23:48:30', '1'),
(194, '2', 8, '2014-11-11 23:48:31', '1'),
(195, '2', 8, '2014-11-11 23:48:40', '1'),
(196, '2', 8, '2014-11-11 23:48:41', '1'),
(197, '2', 8, '2014-11-11 23:48:41', '1'),
(198, '2', 8, '2014-11-11 23:49:02', '1'),
(199, '2', 8, '2014-11-11 23:49:02', '1'),
(200, '2', 8, '2014-11-11 23:49:06', '1'),
(201, '2', 8, '2014-11-11 23:49:07', '1'),
(202, '2', 9, '2014-11-11 23:53:16', '1'),
(203, '2', 9, '2014-11-11 23:53:17', '1'),
(204, '2', 9, '2014-11-11 23:53:17', '1'),
(205, '2', 9, '2014-11-11 23:53:17', '1'),
(206, '2', 9, '2014-11-11 23:53:38', '1'),
(207, '2', 9, '2014-11-11 23:53:38', '1'),
(208, '2', 9, '2014-11-11 23:53:38', '1'),
(209, '4', 41, '2014-11-12 02:25:12', '1'),
(210, '1', 42, '2014-11-12 03:02:32', '1'),
(211, '2', 43, '2014-11-12 03:03:53', '1'),
(212, '2', 43, '2014-11-12 03:03:56', '1'),
(213, '2', 43, '2014-11-12 03:03:56', '1'),
(214, '2', 43, '2014-11-12 03:03:57', '1'),
(215, '2', 43, '2014-11-12 03:03:57', '1'),
(216, '2', 43, '2014-11-12 03:03:57', '1'),
(217, '2', 43, '2014-11-12 03:04:10', '1'),
(218, '2', 43, '2014-11-12 03:06:45', '1'),
(219, '4', 41, '2014-11-12 03:08:55', '1'),
(220, '3', 12, '2014-11-12 03:19:07', '1'),
(221, '2', 11, '2014-11-12 03:21:38', '1'),
(222, '1', 23, '2014-11-12 03:53:12', '1'),
(223, '1', 1, '2014-11-12 03:55:32', '1'),
(224, '1', 21, '2014-11-12 04:20:48', '1'),
(225, '1', 21, '2014-11-12 04:21:35', '1'),
(226, '1', 21, '2014-11-12 04:21:35', '1'),
(227, '1', 21, '2014-11-12 04:21:35', '1'),
(228, '1', 21, '2014-11-12 04:22:42', '1'),
(229, '1', 21, '2014-11-12 04:22:42', '1'),
(230, '1', 21, '2014-11-12 04:22:42', '1'),
(231, '2', 43, '2014-11-12 04:25:16', '1'),
(232, '1', 21, '2014-11-12 04:30:58', '1'),
(233, '1', 21, '2014-11-12 04:30:58', '1'),
(234, '1', 21, '2014-11-12 04:30:58', '1'),
(235, '2', 11, '2014-11-12 04:30:59', '1'),
(236, '2', 11, '2014-11-12 04:30:59', '1'),
(237, '2', 11, '2014-11-12 04:30:59', '1'),
(238, '1', 21, '2014-11-12 04:32:07', '1'),
(239, '1', 21, '2014-11-12 04:32:07', '1'),
(240, '1', 21, '2014-11-12 04:32:07', '1'),
(241, '2', 11, '2014-11-12 04:32:07', '1'),
(242, '2', 11, '2014-11-12 04:32:07', '1'),
(243, '2', 11, '2014-11-12 04:32:07', '1'),
(244, '1', 1, '2014-11-12 04:39:39', '1'),
(245, '1', 2, '2014-11-12 04:40:46', '1'),
(246, '1', 3, '2014-11-12 04:41:31', '1'),
(247, '1', 21, '2014-11-12 05:07:43', '1'),
(248, '2', 11, '2014-11-12 05:07:44', '1'),
(249, '1', 21, '2014-11-12 05:08:51', '1'),
(250, '2', 11, '2014-11-12 05:08:51', '1'),
(251, '1', 4, '2014-11-12 06:09:17', '1'),
(252, '2', 33, '2014-11-12 06:48:39', '1'),
(253, '2', 50, '2014-11-12 07:28:00', '1'),
(254, '1', 45, '2014-11-12 22:50:35', '1'),
(255, '1', 45, '2014-11-12 22:50:35', '1'),
(256, '1', 47, '2014-11-12 22:50:48', '1'),
(257, '1', 47, '2014-11-12 22:50:49', '1'),
(258, '1', 45, '2014-11-12 22:51:14', '1'),
(259, '1', 45, '2014-11-12 22:51:14', '1'),
(260, '1', 45, '2014-11-12 22:51:14', '1'),
(261, '1', 45, '2014-11-12 22:51:14', '1'),
(262, '1', 45, '2014-11-12 22:51:14', '1'),
(263, '1', 45, '2014-11-12 22:51:14', '1'),
(264, '3', 49, '2014-11-12 22:51:26', '1'),
(265, '1', 22, '2014-11-12 22:54:29', '1'),
(266, '1', 21, '2014-11-12 23:41:12', '1'),
(267, '1', 21, '2014-11-12 23:44:26', '1'),
(268, '1', 21, '2014-11-12 23:56:53', '1'),
(269, '1', 21, '2014-11-12 23:58:18', '1'),
(270, '1', 21, '2014-11-13 00:01:58', '1'),
(271, '1', 21, '2014-11-13 00:11:27', '1'),
(272, '1', 45, '2014-11-13 00:25:16', '1'),
(273, '1', 45, '2014-11-13 00:27:58', '1'),
(274, '1', 21, '2014-11-13 00:46:38', '1'),
(275, '1', 21, '2014-11-13 01:08:06', '1'),
(276, '1', 21, '2014-11-13 01:34:24', '1'),
(277, '1', 21, '2014-11-13 02:24:34', '1'),
(278, '1', 21, '2014-11-13 02:25:38', '1'),
(279, '1', 1, '2014-11-13 02:39:37', '1'),
(280, '1', 21, '2014-11-13 02:42:15', '1'),
(281, '1', 21, '2014-11-13 02:42:54', '1'),
(282, '1', 21, '2014-11-13 02:43:55', '1'),
(283, '1', 21, '2014-11-13 02:49:18', '1'),
(284, '1', 21, '2014-11-13 02:50:20', '1'),
(285, '1', 2, '2014-11-13 03:04:17', '1'),
(286, '1', 21, '2014-11-13 03:05:00', '1'),
(287, '1', 21, '2014-11-13 03:06:03', '1'),
(288, '3', 7, '2014-11-13 03:23:07', '1'),
(289, '2', 8, '2014-11-13 03:23:10', '1'),
(290, '2', 9, '2014-11-13 03:23:12', '1'),
(291, '5', 51, '2014-11-13 03:23:14', '1'),
(292, '2', 8, '2014-11-13 03:23:18', '1'),
(293, '3', 7, '2014-11-13 03:23:33', '1'),
(294, '2', 8, '2014-11-13 03:23:38', '1'),
(295, '2', 9, '2014-11-13 03:23:42', '1'),
(296, '5', 51, '2014-11-13 03:23:45', '1'),
(297, '5', 51, '2014-11-13 03:23:53', '1'),
(298, '2', 9, '2014-11-13 03:24:06', '1'),
(299, '5', 51, '2014-11-13 03:24:09', '1'),
(300, '3', 7, '2014-11-13 03:24:17', '1'),
(301, '2', 9, '2014-11-13 03:24:20', '1'),
(302, '5', 51, '2014-11-13 03:24:23', '1'),
(303, '3', 7, '2014-11-13 03:28:16', '1'),
(304, '2', 8, '2014-11-13 03:29:20', '1'),
(305, '1', 2, '2014-11-13 03:34:43', '1'),
(306, '1', 3, '2014-11-13 03:43:35', '1'),
(307, '2', 9, '2014-11-13 04:00:46', '1'),
(308, '1', 2, '2014-11-13 04:06:12', '1'),
(309, '2', 9, '2014-11-13 04:10:11', '1'),
(310, '1', 30, '2014-11-13 04:10:11', '1'),
(311, '2', 31, '2014-11-13 04:10:14', '1'),
(312, '1', 30, '2014-11-13 04:10:28', '1'),
(313, '2', 31, '2014-11-13 04:27:37', '1'),
(314, '1', 45, '2014-11-13 04:30:47', '1'),
(315, '2', 50, '2014-11-13 06:28:26', '1'),
(316, '2', 50, '2014-11-13 06:37:32', '1'),
(317, '3', 7, '2014-11-13 06:54:14', '1'),
(318, '2', 8, '2014-11-13 06:54:17', '1'),
(319, '3', 7, '2014-11-13 07:51:15', '1'),
(320, '2', 8, '2014-11-13 07:51:18', '1'),
(321, '3', 7, '2014-11-13 07:58:00', '1'),
(322, '2', 8, '2014-11-13 07:58:06', '1'),
(323, '3', 7, '2014-11-13 08:07:42', '1'),
(324, '2', 8, '2014-11-13 08:07:45', '1'),
(325, '7', 71, '2014-11-13 23:50:41', '1'),
(326, '2', 6, '2014-11-13 23:53:06', '1'),
(327, '3', 7, '2014-11-13 23:53:56', '1'),
(328, '2', 9, '2014-11-13 23:53:59', '1'),
(329, '2', 50, '2014-11-13 23:58:16', '1'),
(330, '5', 69, '2014-11-13 23:59:03', '1'),
(331, '3', 67, '2014-11-13 23:59:35', '1'),
(332, '2', 50, '2014-11-14 00:02:25', '1'),
(333, '5', 69, '2014-11-14 00:02:27', '1'),
(334, '3', 67, '2014-11-14 00:02:29', '1'),
(335, '3', 7, '2014-11-14 00:02:41', '1'),
(336, '2', 8, '2014-11-14 00:03:52', '1'),
(337, '2', 8, '2014-11-14 00:03:53', '1'),
(338, '2', 8, '2014-11-14 00:03:53', '1'),
(339, '2', 8, '2014-11-14 00:06:13', '1'),
(340, '2', 8, '2014-11-14 00:06:14', '1'),
(341, '2', 8, '2014-11-14 00:06:15', '1'),
(342, '2', 8, '2014-11-14 00:06:16', '1'),
(343, '2', 8, '2014-11-14 00:06:17', '1'),
(344, '2', 8, '2014-11-14 00:06:20', '1'),
(345, '2', 8, '2014-11-14 00:06:24', '1'),
(346, '2', 50, '2014-11-14 00:07:51', '1'),
(347, '2', 50, '2014-11-14 00:08:38', '1'),
(348, '5', 69, '2014-11-14 00:08:43', '1'),
(349, '5', 69, '2014-11-14 00:09:24', '1'),
(350, '3', 67, '2014-11-14 00:10:28', '1'),
(351, '3', 67, '2014-11-14 00:10:39', '1'),
(352, '2', 8, '2014-11-14 00:11:12', '1'),
(353, '2', 8, '2014-11-14 00:11:13', '1'),
(354, '2', 8, '2014-11-14 00:11:27', '1'),
(355, '2', 9, '2014-11-14 00:11:31', '1'),
(356, '2', 8, '2014-11-14 00:11:48', '1'),
(357, '2', 8, '2014-11-14 00:11:58', '1'),
(358, '2', 8, '2014-11-14 00:12:04', '1'),
(359, '2', 50, '2014-11-14 00:22:03', '1'),
(360, '5', 69, '2014-11-14 00:22:06', '1'),
(361, '3', 67, '2014-11-14 00:22:08', '1'),
(362, '2', 50, '2014-11-14 00:25:50', '1'),
(363, '5', 69, '2014-11-14 00:26:39', '1'),
(364, '3', 67, '2014-11-14 00:27:15', '1'),
(365, '2', 9, '2014-11-14 00:34:26', '1'),
(366, '1', 65, '2014-11-14 00:55:55', '1'),
(367, '2', 66, '2014-11-14 01:06:12', '1'),
(368, '4', 68, '2014-11-14 01:06:53', '1'),
(369, '1', 59, '2014-11-14 01:16:13', '1'),
(370, '6', 70, '2014-11-14 02:23:59', '1'),
(371, '2', 50, '2014-11-14 02:25:15', '1'),
(372, '5', 69, '2014-11-14 02:25:18', '1'),
(373, '3', 67, '2014-11-14 02:25:20', '1'),
(374, '2', 50, '2014-11-14 02:26:44', '1'),
(375, '5', 69, '2014-11-14 02:26:50', '1'),
(376, '3', 67, '2014-11-14 02:26:52', '1'),
(377, '2', 50, '2014-11-14 02:34:03', '1'),
(378, '5', 69, '2014-11-14 02:34:49', '1'),
(379, '3', 67, '2014-11-14 02:35:25', '1'),
(380, '2', 50, '2014-11-14 02:42:34', '1'),
(381, '5', 69, '2014-11-14 02:43:23', '1'),
(382, '3', 67, '2014-11-14 02:44:38', '1'),
(383, '2', 50, '2014-11-14 02:58:05', '1'),
(384, '5', 69, '2014-11-14 02:58:09', '1'),
(385, '3', 67, '2014-11-14 02:58:11', '1'),
(386, '5', 51, '2014-11-14 02:59:41', '1'),
(387, '5', 51, '2014-11-14 02:59:46', '1'),
(388, '5', 51, '2014-11-14 02:59:47', '1'),
(389, '5', 51, '2014-11-14 02:59:52', '1'),
(390, '2', 48, '2014-11-14 04:40:29', '1'),
(391, '3', 49, '2014-11-14 04:49:57', '1'),
(392, '2', 50, '2014-11-14 05:20:25', '1'),
(393, '5', 69, '2014-11-14 05:20:29', '1'),
(394, '3', 67, '2014-11-14 05:20:31', '1'),
(395, '1', 1, '2014-11-16 22:57:00', '1'),
(396, '1', 45, '2014-11-16 23:00:32', '1'),
(397, '1', 47, '2014-11-16 23:02:09', '1'),
(398, '6', 106, '2014-11-17 04:01:33', '1'),
(399, '6', 106, '2014-11-17 04:10:39', '1'),
(400, '1', 2, '2014-11-17 04:17:01', '1'),
(401, '3', 78, '2014-11-17 04:19:13', '1'),
(402, '2', 104, '2014-11-17 04:24:52', '1'),
(403, '9', 136, '2014-11-17 04:33:20', '1'),
(404, '3', 73, '2014-11-17 04:40:06', '1'),
(405, '2', 104, '2014-11-17 04:43:51', '1'),
(406, '1', 128, '2014-11-17 04:44:53', '1'),
(407, '1', 127, '2014-11-17 04:50:43', '1'),
(408, '4', 105, '2014-11-17 04:51:48', '1'),
(409, '2', 91, '2014-11-17 04:52:51', '1'),
(410, '1', 82, '2014-11-17 04:58:52', '1'),
(411, '2', 132, '2014-11-17 04:59:14', '1'),
(412, '3', 84, '2014-11-17 05:00:05', '1'),
(413, '3', 129, '2014-11-17 05:06:05', '1'),
(414, '1', 95, '2014-11-17 05:07:34', '1'),
(415, '4', 92, '2014-11-17 05:09:07', '1'),
(416, '5', 85, '2014-11-17 05:14:00', '1'),
(417, '1', 72, '2014-11-17 05:20:40', '1'),
(418, '2', 100, '2014-11-17 05:26:57', '1'),
(419, '1', 72, '2014-11-17 05:27:51', '1'),
(420, '5', 130, '2014-11-17 05:33:05', '1'),
(421, '2', 87, '2014-11-17 05:38:01', '1'),
(422, '6', 93, '2014-11-17 05:38:04', '1'),
(423, '7', 75, '2014-11-17 05:39:54', '1'),
(424, '5', 79, '2014-11-17 05:43:18', '1'),
(425, '5', 74, '2014-11-17 05:44:39', '1'),
(426, '5', 74, '2014-11-17 05:44:55', '1'),
(427, '9', 76, '2014-11-17 05:50:07', '1'),
(428, '7', 80, '2014-11-17 05:55:44', '1'),
(429, '8', 94, '2014-11-17 05:57:34', '1'),
(430, '7', 86, '2014-11-17 06:03:27', '1'),
(431, '7', 109, '2014-11-17 06:04:59', '1'),
(432, '9', 81, '2014-11-17 06:09:37', '1'),
(433, '9', 83, '2014-11-17 06:15:02', '1'),
(434, '1', 3, '2014-11-17 06:44:27', '1'),
(435, '1', 3, '2014-11-17 07:10:06', '1'),
(436, '1', 82, '2014-11-17 22:46:11', '1'),
(437, '3', 78, '2014-11-17 22:46:21', '1'),
(438, '1', 82, '2014-11-17 22:46:56', '1'),
(439, '1', 82, '2014-11-17 22:53:41', '1'),
(440, '3', 78, '2014-11-17 23:01:48', '1'),
(441, '2', 91, '2014-11-17 23:06:17', '1'),
(442, '1', 128, '2014-11-17 23:26:54', '1'),
(443, '9', 136, '2014-11-17 23:27:19', '1'),
(444, '1', 145, '2014-11-17 23:42:12', '1'),
(445, '1', 144, '2014-11-17 23:53:14', '1'),
(446, '1', 146, '2014-11-18 00:04:34', '1'),
(447, '1', 150, '2014-11-18 02:42:18', '1'),
(448, '1', 163, '2014-11-18 02:42:48', '1'),
(449, '1', 150, '2014-11-18 02:44:32', '1'),
(450, '2', 164, '2014-11-18 02:48:40', '1'),
(451, '1', 151, '2014-11-18 02:56:42', '1'),
(452, '3', 179, '2014-11-18 02:58:47', '1'),
(453, '2', 165, '2014-11-18 02:59:28', '1'),
(454, '2', 165, '2014-11-18 02:59:44', '1'),
(455, '1', 152, '2014-11-18 03:03:52', '1'),
(456, '2', 166, '2014-11-18 03:05:09', '1'),
(457, '1', 153, '2014-11-18 03:11:37', '1'),
(458, '2', 167, '2014-11-18 03:12:46', '1'),
(459, '1', 154, '2014-11-18 03:16:00', '1'),
(460, '1', 154, '2014-11-18 03:16:13', '1'),
(461, '2', 168, '2014-11-18 03:18:14', '1'),
(462, '1', 155, '2014-11-18 03:25:41', '1'),
(463, '2', 169, '2014-11-18 03:27:14', '1'),
(464, '1', 204, '2014-11-18 03:30:55', '1'),
(465, '1', 156, '2014-11-18 03:31:36', '1'),
(466, '2', 170, '2014-11-18 03:33:00', '1'),
(467, '2', 205, '2014-11-18 03:33:33', '1'),
(468, '2', 170, '2014-11-18 03:33:44', '1'),
(469, '1', 157, '2014-11-18 03:38:49', '1'),
(470, '1', 157, '2014-11-18 03:39:10', '1'),
(471, '1', 193, '2014-11-18 03:41:04', '1'),
(472, '2', 171, '2014-11-18 03:41:24', '1'),
(473, '2', 206, '2014-11-18 03:42:30', '1'),
(474, '1', 158, '2014-11-18 03:44:53', '1'),
(475, '2', 172, '2014-11-18 03:47:03', '1'),
(476, '1', 194, '2014-11-18 03:47:29', '1'),
(477, '2', 207, '2014-11-18 03:49:01', '1'),
(478, '1', 195, '2014-11-18 03:52:49', '1'),
(479, '2', 208, '2014-11-18 03:54:04', '1'),
(480, '1', 159, '2014-11-18 03:54:20', '1'),
(481, '2', 173, '2014-11-18 03:57:35', '1'),
(482, '1', 160, '2014-11-18 04:02:35', '1'),
(483, '1', 196, '2014-11-18 04:02:45', '1'),
(484, '2', 174, '2014-11-18 04:04:00', '1'),
(485, '2', 209, '2014-11-18 04:05:26', '1'),
(486, '1', 161, '2014-11-18 04:07:04', '1'),
(487, '1', 161, '2014-11-18 04:07:20', '1'),
(488, '2', 175, '2014-11-18 04:09:41', '1'),
(489, '1', 197, '2014-11-18 04:11:15', '1'),
(490, '2', 210, '2014-11-18 04:12:58', '1'),
(491, '1', 162, '2014-11-18 04:14:10', '1'),
(492, '2', 176, '2014-11-18 04:16:40', '1'),
(493, '1', 198, '2014-11-18 04:19:17', '1'),
(494, '2', 211, '2014-11-18 04:21:04', '1'),
(495, '1', 163, '2014-11-18 04:21:07', '1'),
(496, '2', 177, '2014-11-18 04:23:00', '1'),
(497, '1', 199, '2014-11-18 04:23:44', '1'),
(498, '1', 199, '2014-11-18 04:24:32', '1'),
(499, '2', 212, '2014-11-18 04:27:55', '1'),
(500, '1', 200, '2014-11-18 04:34:19', '1'),
(501, '2', 213, '2014-11-18 04:36:24', '1'),
(502, '1', 201, '2014-11-18 04:39:54', '1'),
(503, '1', 1, '2014-11-18 04:40:29', '1'),
(504, '2', 214, '2014-11-18 04:41:07', '1'),
(505, '1', 202, '2014-11-18 04:44:42', '1'),
(506, '2', 215, '2014-11-18 04:47:13', '1'),
(507, '1', 1, '2014-11-18 04:50:42', '1'),
(508, '1', 203, '2014-11-18 04:51:08', '1'),
(509, '1', 1, '2014-11-18 04:52:06', '1'),
(510, '2', 216, '2014-11-18 04:53:59', '1'),
(511, '2', 216, '2014-11-18 04:59:30', '1'),
(512, '2', 217, '2014-11-18 05:04:03', '1'),
(513, '1', 192, '2014-11-18 05:06:22', '1'),
(514, '2', 5, '2014-11-18 07:03:53', '1'),
(515, '1', 1, '2014-11-18 07:05:15', '1'),
(516, '1', 2, '2014-11-18 07:05:20', '1'),
(517, '1', 3, '2014-11-18 07:05:24', '1'),
(518, '1', 4, '2014-11-18 07:05:45', '1'),
(519, '1', 1, '2014-11-18 07:06:10', '1'),
(520, '3', 219, '2014-11-18 07:17:37', '1'),
(521, '3', 218, '2014-11-18 07:18:11', '1'),
(522, '1', 1, '2014-11-18 22:43:03', '1'),
(523, '2', 5, '2014-11-18 23:32:35', '1'),
(524, '1', 150, '2014-11-18 23:42:03', '1'),
(525, '1', 151, '2014-11-18 23:51:41', '1'),
(526, '1', 152, '2014-11-18 23:58:03', '1'),
(527, '1', 153, '2014-11-19 00:04:09', '1'),
(528, '1', 154, '2014-11-19 00:07:41', '1'),
(529, '1', 154, '2014-11-19 00:08:02', '1'),
(530, '1', 155, '2014-11-19 00:13:47', '1'),
(531, '1', 156, '2014-11-19 00:18:00', '1'),
(532, '1', 157, '2014-11-19 00:28:44', '1'),
(533, '1', 158, '2014-11-19 00:33:14', '1'),
(534, '1', 159, '2014-11-19 00:48:55', '1'),
(535, '1', 160, '2014-11-19 00:52:49', '1'),
(536, '1', 161, '2014-11-19 00:55:31', '1'),
(537, '1', 162, '2014-11-19 00:57:59', '1'),
(538, '1', 163, '2014-11-19 00:59:45', '1'),
(539, '2', 164, '2014-11-19 01:34:38', '1'),
(540, '2', 164, '2014-11-19 02:01:50', '1'),
(541, '1', 192, '2014-11-19 02:27:01', '1'),
(542, '1', 193, '2014-11-19 02:31:17', '1'),
(543, '1', 194, '2014-11-19 02:35:48', '1'),
(544, '1', 195, '2014-11-19 02:39:11', '1'),
(545, '1', 196, '2014-11-19 02:46:49', '1'),
(546, '1', 197, '2014-11-19 02:53:52', '1'),
(547, '1', 198, '2014-11-19 03:09:44', '1'),
(548, '1', 199, '2014-11-19 03:15:00', '1'),
(549, '1', 200, '2014-11-19 03:18:42', '1'),
(550, '1', 201, '2014-11-19 03:24:04', '1'),
(551, '1', 202, '2014-11-19 03:36:59', '1'),
(552, '1', 203, '2014-11-19 03:42:54', '1'),
(553, '1', 204, '2014-11-19 03:47:59', '1'),
(554, '2', 164, '2014-11-19 04:52:49', '1'),
(555, '1', 2, '2014-11-19 04:54:00', '1'),
(556, '1', 47, '2014-11-19 05:09:17', '1'),
(557, '2', 48, '2014-11-19 05:09:22', '1'),
(558, '2', 165, '2014-11-19 05:10:19', '1'),
(559, '1', 47, '2014-11-19 05:10:24', '1'),
(560, '2', 48, '2014-11-19 05:11:33', '1'),
(561, '2', 166, '2014-11-19 05:15:45', '1'),
(562, '2', 48, '2014-11-19 05:17:55', '1'),
(563, '2', 167, '2014-11-19 05:21:50', '1'),
(564, '2', 167, '2014-11-19 05:21:53', '1'),
(565, '2', 167, '2014-11-19 05:22:18', '1'),
(566, '2', 167, '2014-11-19 05:22:26', '1'),
(567, '2', 167, '2014-11-19 05:22:38', '1'),
(568, '2', 167, '2014-11-19 05:22:40', '1'),
(569, '2', 167, '2014-11-19 05:22:44', '1'),
(570, '2', 167, '2014-11-19 05:22:47', '1'),
(571, '2', 167, '2014-11-19 05:23:00', '1'),
(572, '2', 167, '2014-11-19 05:23:35', '1'),
(573, '2', 167, '2014-11-19 05:23:47', '1'),
(574, '2', 167, '2014-11-19 05:24:05', '1'),
(575, '2', 167, '2014-11-19 05:24:07', '1'),
(576, '3', 49, '2014-11-19 05:28:50', '1'),
(577, '1', 45, '2014-11-19 05:34:57', '1'),
(578, '2', 168, '2014-11-19 05:37:12', '1'),
(579, '2', 168, '2014-11-19 05:37:38', '1'),
(580, '2', 168, '2014-11-19 05:37:39', '1'),
(581, '2', 168, '2014-11-19 05:37:44', '1'),
(582, '2', 168, '2014-11-19 05:37:53', '1'),
(583, '2', 168, '2014-11-19 05:37:54', '1'),
(584, '2', 169, '2014-11-19 05:46:53', '1'),
(585, '2', 170, '2014-11-19 05:51:16', '1'),
(586, '2', 171, '2014-11-19 05:55:34', '1'),
(587, '2', 172, '2014-11-19 05:58:40', '1'),
(588, '1', 3, '2014-11-19 06:12:49', '1'),
(589, '1', 4, '2014-11-19 06:14:31', '1'),
(590, '2', 5, '2014-11-19 06:16:10', '1'),
(591, '2', 6, '2014-11-19 06:44:58', '1'),
(592, '3', 7, '2014-11-19 06:49:45', '1'),
(593, '2', 8, '2014-11-19 07:03:14', '1'),
(594, '2', 9, '2014-11-19 07:04:52', '1'),
(595, '5', 51, '2014-11-19 07:06:37', '1'),
(596, '5', 51, '2014-11-19 07:09:54', '1'),
(597, '1', 1, '2014-11-19 21:51:45', '1'),
(598, '1', 2, '2014-11-19 22:05:43', '1'),
(599, '1', 2, '2014-11-19 22:06:36', '1'),
(600, '1', 3, '2014-11-19 22:12:51', '1'),
(601, '1', 4, '2014-11-19 23:01:11', '1'),
(602, '1', 4, '2014-11-19 23:03:17', '1'),
(603, '1', 4, '2014-11-19 23:09:30', '1'),
(604, '1', 4, '2014-11-19 23:15:36', '1'),
(605, '2', 5, '2014-11-20 00:23:10', '1'),
(606, '1', 32, '2014-11-20 00:27:47', '1'),
(607, '2', 33, '2014-11-20 00:30:10', '1'),
(608, '2', 33, '2014-11-20 00:39:29', '1'),
(609, '2', 33, '2014-11-20 00:40:34', '1'),
(610, '2', 33, '2014-11-20 00:42:29', '1'),
(611, '2', 33, '2014-11-20 00:45:27', '1'),
(612, '2', 33, '2014-11-20 00:47:05', '1'),
(613, '1', 192, '2014-11-20 01:13:17', '1'),
(614, '1', 204, '2014-11-20 01:21:32', '1'),
(615, '1', 204, '2014-11-20 01:28:40', '1'),
(616, '1', 192, '2014-11-20 01:28:52', '1'),
(617, '1', 193, '2014-11-20 01:31:47', '1'),
(618, '1', 194, '2014-11-20 01:35:36', '1'),
(619, '1', 195, '2014-11-20 01:38:24', '1'),
(620, '1', 196, '2014-11-20 01:41:04', '1'),
(621, '1', 197, '2014-11-20 01:48:03', '1'),
(622, '1', 196, '2014-11-20 01:50:25', '1'),
(623, '1', 198, '2014-11-20 01:58:13', '1'),
(624, '1', 199, '2014-11-20 02:03:00', '1'),
(625, '1', 200, '2014-11-20 02:07:16', '1'),
(626, '1', 201, '2014-11-20 02:10:26', '1'),
(627, '1', 202, '2014-11-20 02:14:36', '1'),
(628, '1', 203, '2014-11-20 02:18:20', '1'),
(629, '1', 204, '2014-11-20 02:21:28', '1'),
(630, '1', 45, '2014-11-20 02:32:56', '1'),
(631, '1', 150, '2014-11-20 02:45:37', '1'),
(632, '1', 151, '2014-11-20 02:48:48', '1'),
(633, '2', 6, '2014-11-20 04:24:02', '1'),
(634, '2', 6, '2014-11-20 04:30:40', '1'),
(635, '2', 6, '2014-11-20 04:40:44', '1'),
(636, '2', 6, '2014-11-20 04:42:27', '1'),
(637, '2', 6, '2014-11-20 04:47:17', '1'),
(638, '2', 6, '2014-11-20 04:49:30', '1'),
(639, '2', 6, '2014-11-20 04:52:28', '1'),
(640, '2', 6, '2014-11-20 05:00:32', '1'),
(641, '3', 7, '2014-11-20 05:02:08', '1'),
(642, '3', 7, '2014-11-20 05:03:14', '1'),
(643, '3', 7, '2014-11-20 05:06:31', '1'),
(644, '3', 7, '2014-11-20 05:10:59', '1'),
(645, '2', 8, '2014-11-20 05:12:18', '1'),
(646, '2', 8, '2014-11-20 05:46:31', '1'),
(647, '2', 9, '2014-11-20 05:47:39', '1'),
(648, '5', 51, '2014-11-20 05:49:11', '1'),
(649, '1', 47, '2014-11-20 06:58:07', '1'),
(650, '2', 48, '2014-11-20 06:59:02', '1'),
(651, '2', 48, '2014-11-20 07:03:09', '1'),
(652, '3', 49, '2014-11-20 07:03:51', '1'),
(653, '3', 49, '2014-11-20 07:04:05', '1'),
(654, '3', 49, '2014-11-20 07:04:19', '1'),
(655, '3', 49, '2014-11-20 07:04:30', '1'),
(656, '3', 49, '2014-11-20 07:04:35', '1'),
(657, '3', 49, '2014-11-20 07:04:46', '1'),
(658, '3', 49, '2014-11-20 07:08:22', '1'),
(659, '3', 49, '2014-11-20 07:08:37', '1'),
(660, '3', 49, '2014-11-20 07:08:52', '1'),
(661, '3', 49, '2014-11-20 07:09:10', '1'),
(662, '3', 49, '2014-11-20 07:09:28', '1'),
(663, '3', 49, '2014-11-20 07:09:37', '1'),
(664, '3', 49, '2014-11-20 07:09:50', '1'),
(665, '3', 49, '2014-11-20 07:09:56', '1'),
(666, '3', 49, '2014-11-20 07:11:33', '1'),
(667, '2', 5, '2014-11-20 22:50:15', '1'),
(668, '2', 5, '2014-11-20 22:50:16', '1'),
(669, '2', 5, '2014-11-20 22:50:17', '1'),
(670, '2', 5, '2014-11-20 22:50:18', '1'),
(671, '2', 5, '2014-11-20 22:50:19', '1'),
(672, '2', 5, '2014-11-20 22:50:19', '1'),
(673, '1', 1, '2014-11-20 22:52:41', '1'),
(674, '1', 1, '2014-11-20 22:52:43', '1'),
(675, '1', 1, '2014-11-20 22:52:45', '1'),
(676, '1', 1, '2014-11-20 22:52:45', '1'),
(677, '1', 1, '2014-11-20 22:52:46', '1'),
(678, '1', 1, '2014-11-20 22:52:47', '1'),
(679, '1', 192, '2014-11-20 23:06:09', '1'),
(680, '1', 1, '2014-11-20 23:07:16', '1'),
(681, '1', 1, '2014-11-20 23:07:17', '1'),
(682, '1', 1, '2014-11-20 23:07:18', '1'),
(683, '1', 1, '2014-11-20 23:07:32', '1'),
(684, '1', 1, '2014-11-20 23:07:51', '1'),
(685, '1', 1, '2014-11-20 23:08:08', '1'),
(686, '1', 193, '2014-11-20 23:09:27', '1'),
(687, '1', 193, '2014-11-20 23:09:34', '1'),
(688, '1', 1, '2014-11-20 23:10:59', '1'),
(689, '1', 194, '2014-11-20 23:14:47', '1'),
(690, '1', 195, '2014-11-20 23:18:23', '1'),
(691, '1', 196, '2014-11-20 23:21:46', '1'),
(692, '1', 197, '2014-11-20 23:27:33', '1'),
(693, '1', 197, '2014-11-20 23:30:17', '1'),
(694, '1', 1, '2014-11-20 23:32:47', '1'),
(695, '1', 1, '2014-11-20 23:32:48', '1'),
(696, '1', 1, '2014-11-20 23:32:49', '1'),
(697, '1', 1, '2014-11-20 23:32:50', '1'),
(698, '1', 1, '2014-11-20 23:32:51', '1'),
(699, '1', 1, '2014-11-20 23:34:22', '1'),
(700, '1', 1, '2014-11-20 23:34:31', '1'),
(701, '1', 1, '2014-11-20 23:34:45', '1'),
(702, '1', 2, '2014-11-20 23:34:50', '1'),
(703, '1', 198, '2014-11-20 23:36:23', '1'),
(704, '1', 1, '2014-11-20 23:36:36', '1'),
(705, '1', 199, '2014-11-20 23:42:04', '1'),
(706, '1', 200, '2014-11-20 23:47:18', '1'),
(707, '1', 201, '2014-11-20 23:51:04', '1'),
(708, '1', 1, '2014-11-20 23:57:13', '1'),
(709, '1', 202, '2014-11-20 23:57:34', '1'),
(710, '1', 1, '2014-11-20 23:58:12', '1'),
(711, '1', 1, '2014-11-21 00:02:15', '1'),
(712, '1', 203, '2014-11-21 00:02:15', '1'),
(713, '1', 150, '2014-11-21 00:03:16', '1'),
(714, '1', 150, '2014-11-21 00:05:45', '1'),
(715, '1', 1, '2014-11-21 00:06:21', '1'),
(716, '1', 204, '2014-11-21 00:06:43', '1'),
(717, '1', 1, '2014-11-21 00:11:44', '1'),
(718, '1', 23, '2014-11-21 00:39:18', '1'),
(719, '1', 21, '2014-11-21 00:58:26', '1'),
(720, '1', 21, '2014-11-21 01:06:50', '1'),
(721, '1', 45, '2014-11-21 03:13:45', '1'),
(722, '3', 49, '2014-11-21 03:14:21', '1'),
(723, '3', 49, '2014-11-21 03:15:28', '1'),
(724, '1', 21, '2014-11-21 03:34:34', '1'),
(725, '1', 21, '2014-11-21 03:34:38', '1'),
(726, '1', 21, '2014-11-21 03:36:17', '1'),
(727, '1', 21, '2014-11-21 03:36:54', '1'),
(728, '1', 21, '2014-11-21 03:39:20', '1'),
(729, '1', 21, '2014-11-21 03:48:26', '1'),
(730, '1', 21, '2014-11-21 03:51:43', '1'),
(731, '1', 21, '2014-11-21 03:51:50', '1'),
(732, '1', 21, '2014-11-21 04:05:24', '1'),
(733, '1', 150, '2014-11-21 04:43:41', '1'),
(734, '1', 151, '2014-11-21 04:46:20', '1'),
(735, '1', 152, '2014-11-21 04:50:45', '1'),
(736, '1', 153, '2014-11-21 04:57:30', '1'),
(737, '1', 1, '2014-11-21 05:01:45', '1'),
(738, '1', 154, '2014-11-21 05:06:26', '1'),
(739, '1', 155, '2014-11-21 05:09:46', '1'),
(740, '1', 155, '2014-11-21 05:10:56', '1'),
(741, '1', 155, '2014-11-21 05:12:11', '1'),
(742, '1', 156, '2014-11-21 05:16:24', '1'),
(743, '1', 156, '2014-11-21 05:21:22', '1'),
(744, '1', 157, '2014-11-21 05:34:33', '1'),
(745, '1', 158, '2014-11-21 05:35:49', '1'),
(746, '1', 158, '2014-11-21 05:37:30', '1'),
(747, '1', 159, '2014-11-21 05:44:27', '1'),
(748, '1', 159, '2014-11-21 05:47:46', '1'),
(749, '1', 160, '2014-11-21 05:49:53', '1'),
(750, '1', 1, '2014-11-21 05:50:27', '1'),
(751, '1', 160, '2014-11-21 05:52:54', '1'),
(752, '1', 1, '2014-11-21 05:54:43', '1'),
(753, '1', 161, '2014-11-21 05:55:55', '1'),
(754, '1', 162, '2014-11-21 05:58:39', '1'),
(755, '1', 163, '2014-11-21 06:00:23', '1'),
(756, '1', 1, '2014-11-21 06:03:50', '1'),
(757, '1', 1, '2014-11-21 06:26:21', '1'),
(758, '1', 1, '2014-11-21 06:27:55', '1'),
(759, '2', 164, '2014-11-21 06:40:05', '1'),
(760, '2', 164, '2014-11-21 06:44:42', '1'),
(761, '2', 164, '2014-11-21 06:47:15', '1'),
(762, '1', 1, '2014-11-24 23:43:03', '1'),
(763, '1', 2, '2014-11-24 23:44:09', '1'),
(764, '1', 3, '2014-11-24 23:47:05', '1'),
(765, '1', 4, '2014-11-24 23:51:51', '1'),
(766, '1', 4, '2014-11-24 23:53:14', '1'),
(767, '1', 4, '2014-11-24 23:58:01', '1'),
(768, '2', 5, '2014-11-24 23:59:17', '1'),
(769, '1', 32, '2014-11-25 00:01:24', '1'),
(770, '2', 33, '2014-11-25 00:05:35', '1'),
(771, '3', 7, '2014-11-25 02:59:31', '1'),
(772, '3', 7, '2014-11-25 02:59:33', '1'),
(773, '3', 7, '2014-11-25 02:59:34', '1'),
(774, '3', 7, '2014-11-25 02:59:35', '1'),
(775, '3', 7, '2014-11-25 02:59:36', '1'),
(776, '2', 6, '2014-11-25 03:00:12', '1'),
(777, '2', 6, '2014-11-25 03:00:22', '1'),
(778, '2', 168, '2014-11-25 05:23:10', '1'),
(779, '1', 204, '2014-11-25 05:31:46', '1'),
(780, '1', 192, '2014-11-25 05:31:58', '1'),
(781, '1', 150, '2014-11-25 05:32:32', '1'),
(782, '1', 193, '2014-11-25 05:42:06', '1'),
(783, '1', 194, '2014-11-25 05:46:14', '1'),
(784, '1', 195, '2014-11-25 05:48:49', '1'),
(785, '1', 196, '2014-11-25 05:50:27', '1'),
(786, '1', 197, '2014-11-25 05:54:02', '1'),
(787, '1', 198, '2014-11-25 05:59:31', '1'),
(788, '1', 199, '2014-11-25 06:01:55', '1'),
(789, '1', 200, '2014-11-25 06:05:09', '1'),
(790, '1', 200, '2014-11-25 06:05:39', '1'),
(791, '1', 201, '2014-11-25 06:09:37', '1'),
(792, '1', 202, '2014-11-25 06:13:50', '1'),
(793, '1', 203, '2014-11-25 06:16:37', '1'),
(794, '1', 204, '2014-11-25 06:19:01', '1'),
(795, '1', 163, '2014-11-25 06:33:15', '1'),
(796, '1', 162, '2014-11-25 06:35:44', '1'),
(797, '1', 151, '2014-11-25 06:39:09', '1'),
(798, '1', 160, '2014-11-25 06:42:37', '1'),
(799, '1', 161, '2014-11-25 06:46:05', '1'),
(800, '1', 154, '2014-11-25 06:47:15', '1'),
(801, '2', 164, '2014-11-25 06:48:10', '1'),
(802, '2', 205, '2014-11-25 07:05:35', '1'),
(803, '2', 205, '2014-11-25 07:05:43', '1'),
(804, '2', 205, '2014-11-25 07:05:54', '1'),
(805, '1', 192, '2014-11-25 23:23:23', '1'),
(806, '1', 150, '2014-11-26 00:13:13', '1'),
(807, '1', 193, '2014-11-26 00:16:27', '1'),
(808, '1', 194, '2014-11-26 00:22:20', '1'),
(809, '1', 195, '2014-11-26 00:25:46', '1'),
(810, '1', 196, '2014-11-26 00:28:26', '1'),
(811, '1', 197, '2014-11-26 00:31:21', '1'),
(812, '1', 198, '2014-11-26 00:34:53', '1'),
(813, '1', 1, '2014-11-26 00:39:50', '1'),
(814, '1', 199, '2014-11-26 00:41:24', '1'),
(815, '1', 200, '2014-11-26 00:45:34', '1'),
(816, '1', 201, '2014-11-26 00:49:32', '1'),
(817, '1', 201, '2014-11-26 00:51:26', '1'),
(818, '1', 201, '2014-11-26 00:59:33', '1'),
(819, '1', 202, '2014-11-26 01:05:07', '1'),
(820, '1', 203, '2014-11-26 01:16:15', '1'),
(821, '1', 1, '2014-11-26 01:22:52', '1'),
(822, '1', 204, '2014-11-26 01:24:20', '1'),
(823, '1', 1, '2014-11-26 01:25:36', '1'),
(824, '1', 204, '2014-11-26 01:26:21', '1'),
(825, '1', 2, '2014-11-26 01:27:42', '1'),
(826, '1', 2, '2014-11-26 02:54:28', '1'),
(827, '1', 2, '2014-11-26 02:56:26', '1'),
(828, '1', 2, '2014-11-26 02:58:46', '1'),
(829, '1', 2, '2014-11-26 03:01:39', '1'),
(830, '1', 2, '2014-11-26 03:04:41', '1'),
(831, '1', 2, '2014-11-26 03:13:42', '1'),
(832, '1', 2, '2014-11-26 03:21:24', '1'),
(833, '1', 2, '2014-11-26 03:35:52', '1'),
(834, '1', 2, '2014-11-26 04:25:15', '1'),
(835, '1', 2, '2014-11-26 04:27:42', '1'),
(836, '1', 3, '2014-11-26 04:31:14', '1'),
(837, '1', 4, '2014-11-26 04:35:17', '1'),
(838, '2', 5, '2014-11-26 04:39:46', '1'),
(839, '2', 5, '2014-11-26 04:42:29', '1'),
(840, '2', 5, '2014-11-26 06:00:03', '1'),
(841, '1', 32, '2014-11-26 06:14:14', '1'),
(842, '2', 33, '2014-11-26 06:30:34', '1'),
(843, '1', 1, '2014-11-26 22:34:58', '1'),
(844, '1', 2, '2014-11-26 22:37:28', '1'),
(845, '1', 3, '2014-11-26 22:49:02', '1'),
(846, '1', 4, '2014-11-26 22:53:34', '1'),
(847, '2', 5, '2014-11-26 23:45:30', '1'),
(848, '1', 32, '2014-11-26 23:51:04', '1'),
(849, '2', 33, '2014-11-26 23:57:13', '1'),
(850, '1', 32, '2014-12-13 04:17:46', '1'),
(851, '2', 33, '2014-12-13 04:19:04', '1'),
(852, '1', 1, '2014-12-13 04:22:04', '1'),
(853, '1', 2, '2014-12-13 04:23:00', '1'),
(854, '1', 3, '2014-12-13 04:33:17', '1'),
(855, '1', 4, '2014-12-13 04:34:39', '1'),
(856, '2', 5, '2014-12-13 04:35:41', '1'),
(857, '1', 1, '2014-12-13 19:31:59', '1'),
(858, '1', 2, '2014-12-13 19:38:25', '1'),
(859, '1', 3, '2014-12-13 19:42:31', '1'),
(860, '1', 4, '2014-12-13 19:46:44', '1'),
(861, '2', 5, '2014-12-13 19:52:20', '1'),
(862, '1', 32, '2014-12-13 19:55:39', '1'),
(863, '1', 32, '2014-12-13 19:56:53', '1'),
(864, '2', 33, '2014-12-13 19:58:26', '1'),
(865, '1', 145, '2014-12-13 20:06:40', '1'),
(866, '1', 144, '2014-12-13 20:07:45', '1'),
(867, '1', 146, '2014-12-13 20:09:26', '1'),
(868, '2', 147, '2014-12-13 20:11:26', '1'),
(869, '2', 148, '2014-12-13 20:19:10', '1'),
(870, '2', 149, '2014-12-13 20:21:14', '1'),
(871, '2', 6, '2014-12-13 20:24:08', '1'),
(872, '3', 7, '2014-12-13 20:28:40', '1'),
(873, '2', 8, '2014-12-13 21:36:28', '1'),
(874, '2', 9, '2014-12-13 21:39:54', '1'),
(875, '2', 9, '2014-12-13 21:40:26', '1'),
(876, '5', 51, '2014-12-13 21:42:39', '1'),
(877, '1', 23, '2014-12-13 21:45:51', '1'),
(878, '1', 24, '2014-12-13 21:47:10', '1'),
(879, '1', 21, '2014-12-13 21:51:12', '1'),
(880, '1', 22, '2014-12-13 21:54:28', '1'),
(881, '2', 40, '2014-12-13 21:55:55', '1'),
(882, '4', 46, '2014-12-13 21:58:48', '1'),
(883, '1', 10, '2014-12-13 22:00:59', '1'),
(884, '2', 11, '2014-12-13 22:03:57', '1'),
(885, '3', 12, '2014-12-13 22:05:04', '1'),
(886, '6', 38, '2014-12-13 22:10:56', '1'),
(887, '4', 37, '2014-12-13 22:12:30', '1'),
(888, '2', 50, '2014-12-13 22:22:11', '1'),
(889, '5', 69, '2014-12-13 22:22:24', '1'),
(890, '2', 50, '2014-12-13 22:22:28', '1'),
(891, '3', 67, '2014-12-13 22:23:02', '1'),
(892, '1', 65, '2014-12-13 22:23:06', '1'),
(893, '2', 66, '2014-12-13 22:23:10', '1'),
(894, '2', 66, '2014-12-13 22:23:14', '1'),
(895, '4', 68, '2014-12-13 22:23:18', '1'),
(896, '1', 59, '2014-12-13 22:23:22', '1'),
(897, '6', 64, '2014-12-13 22:23:28', '1'),
(898, '5', 69, '2014-12-13 23:30:23', '1'),
(899, '3', 67, '2014-12-13 23:31:20', '1'),
(900, '4', 41, '2014-12-14 02:03:42', '1'),
(901, '4', 41, '2014-12-14 02:07:08', '1'),
(902, '4', 41, '2014-12-14 02:09:27', '1'),
(903, '4', 41, '2014-12-14 02:10:17', '1'),
(904, '4', 41, '2014-12-14 02:13:20', '1'),
(905, '1', 32, '2014-12-22 00:47:44', '1'),
(906, '2', 33, '2014-12-22 00:51:04', '1'),
(907, '1', 150, '2014-12-22 03:56:33', '1'),
(908, '1', 154, '2014-12-22 03:56:50', '1'),
(909, '1', 150, '2014-12-22 03:57:30', '1'),
(910, '1', 150, '2014-12-22 03:57:48', '1'),
(911, '1', 192, '2014-12-22 03:59:53', '1'),
(912, '1', 151, '2014-12-22 04:02:38', '1'),
(913, '1', 193, '2014-12-22 04:03:14', '1'),
(914, '1', 194, '2014-12-22 04:07:03', '1'),
(915, '1', 152, '2014-12-22 04:07:22', '1'),
(916, '1', 195, '2014-12-22 04:10:02', '1'),
(917, '1', 196, '2014-12-22 04:12:02', '1'),
(918, '1', 153, '2014-12-22 04:12:09', '1'),
(919, '1', 154, '2014-12-22 04:15:10', '1'),
(920, '1', 163, '2014-12-22 04:27:15', '1'),
(921, '1', 32, '2014-12-23 18:57:56', '1'),
(922, '2', 5, '2015-01-05 23:45:55', '1'),
(923, '1', 1, '2015-01-05 23:54:25', '1'),
(924, '1', 2, '2015-01-05 23:55:36', '1'),
(925, '1', 1, '2015-01-05 23:59:57', '1'),
(926, '1', 1, '2015-01-06 00:03:23', '1'),
(927, '1', 1, '2015-01-06 00:05:07', '1'),
(928, '1', 1, '2015-01-06 00:06:50', '1'),
(929, '1', 1, '2015-01-06 00:09:14', '1'),
(930, '1', 1, '2015-01-06 00:14:11', '1'),
(931, '1', 1, '2015-01-06 00:19:05', '1'),
(932, '1', 1, '2015-01-06 00:22:31', '1'),
(933, '1', 1, '2015-01-06 00:25:47', '1'),
(934, '1', 1, '2015-01-06 00:29:21', '1'),
(935, '1', 1, '2015-01-06 00:33:23', '1'),
(936, '2', 237, '2015-01-06 00:48:23', '1'),
(937, '1', 4, '2015-01-06 02:09:41', '1'),
(938, '1', 4, '2015-01-06 03:22:07', '1'),
(939, '1', 1, '2015-01-06 19:11:13', '1'),
(940, '1', 1, '2015-01-06 19:12:13', '1'),
(941, '1', 1, '2015-01-06 20:04:38', '1'),
(942, '1', 1, '2015-01-06 20:06:19', '1'),
(943, '1', 236, '2015-01-07 00:05:27', '1'),
(944, '1', 1, '2015-01-07 00:06:29', '1'),
(945, '1', 1, '2015-01-07 00:06:59', '1'),
(946, '1', 236, '2015-01-07 23:48:15', '1'),
(947, '1', 236, '2015-01-07 23:49:12', '1'),
(948, '1', 1, '2015-01-07 23:51:42', '1'),
(949, '1', 2, '2015-01-08 03:00:44', '1'),
(950, '1', 2, '2015-01-08 18:07:21', '1'),
(951, '1', 32, '2015-01-08 18:51:51', '1'),
(952, '1', 32, '2015-01-08 18:55:31', '1'),
(953, '2', 6, '2015-01-08 19:03:36', '1'),
(954, '1', 4, '2015-01-11 20:55:56', '1'),
(955, '1', 236, '2015-01-11 23:32:18', '1'),
(956, '1', 4, '2015-01-11 23:39:47', '1'),
(957, '1', 1, '2015-01-11 23:41:50', '1'),
(958, '1', 4, '2015-01-12 00:26:43', '1'),
(959, '2', 237, '2015-01-12 00:35:05', '1'),
(960, '1', 2, '2015-01-12 01:50:08', '1'),
(961, '1', 2, '2015-01-12 02:10:08', '1'),
(962, '1', 2, '2015-01-12 02:30:32', '1'),
(963, '1', 2, '2015-01-12 02:48:31', '1'),
(964, '1', 1, '2015-01-12 03:14:52', '1'),
(965, '1', 1, '2015-01-12 03:16:00', '1'),
(966, '1', 2, '2015-01-12 03:26:08', '1'),
(967, '1', 2, '2015-01-12 03:32:49', '1'),
(968, '1', 21, '2015-01-12 17:45:19', '1'),
(969, '1', 23, '2015-01-12 18:48:07', '1'),
(970, '1', 22, '2015-01-12 18:54:03', '1'),
(971, '1', 21, '2015-01-12 19:00:00', '1'),
(972, '1', 21, '2015-01-12 19:01:55', '1'),
(973, '1', 22, '2015-01-12 19:03:03', '1'),
(974, '1', 23, '2015-01-12 19:04:00', '1'),
(975, '1', 24, '2015-01-12 19:04:41', '1'),
(976, '1', 24, '2015-01-12 19:06:09', '1'),
(977, '1', 24, '2015-01-12 19:08:23', '1'),
(978, '2', 6, '2015-01-12 20:50:28', '1'),
(979, '2', 9, '2015-01-12 20:50:44', '1'),
(980, '2', 8, '2015-01-12 20:52:42', '1'),
(981, '2', 6, '2015-01-12 21:25:49', '1'),
(982, '2', 8, '2015-01-12 21:26:03', '1'),
(983, '2', 6, '2015-01-12 22:26:12', '1'),
(984, '1', 47, '2015-01-13 00:57:58', '1'),
(985, '1', 2, '2015-01-13 01:54:57', '1'),
(986, '1', 23, '2015-01-13 19:43:17', '1'),
(987, '1', 23, '2015-01-13 19:45:44', '1'),
(988, '1', 24, '2015-01-13 19:46:34', '1'),
(989, '1', 23, '2015-01-13 19:49:00', '1'),
(990, '2', 40, '2015-01-13 19:49:56', '1'),
(991, '1', 21, '2015-01-13 19:50:43', '1'),
(992, '1', 22, '2015-01-13 19:51:39', '1'),
(993, '1', 236, '2015-02-09 20:28:14', '1'),
(994, '1', 236, '2015-02-09 20:34:02', '1'),
(995, '1', 236, '2015-02-09 20:56:55', '1'),
(996, '2', 6, '2015-02-09 22:46:15', '1'),
(997, '2', 6, '2015-02-09 22:53:32', '1'),
(998, '2', 6, '2015-02-09 22:55:03', '1'),
(999, '2', 6, '2015-02-09 23:00:35', '1'),
(1000, '2', 6, '2015-02-09 23:10:02', '1'),
(1001, '2', 6, '2015-02-09 23:16:51', '1'),
(1002, '2', 6, '2015-02-09 23:23:58', '1'),
(1003, '2', 6, '2015-02-09 23:45:57', '1'),
(1004, '2', 6, '2015-02-10 00:05:42', '1'),
(1005, '2', 6, '2015-02-10 00:17:35', '1'),
(1006, '3', 7, '2015-02-10 00:25:02', '1'),
(1007, '2', 6, '2015-02-10 00:25:07', '1'),
(1008, '2', 6, '2015-02-10 00:26:34', '1'),
(1009, '2', 6, '2015-02-10 01:50:51', '1'),
(1010, '2', 6, '2015-02-10 01:54:57', '1'),
(1011, '2', 6, '2015-02-10 01:55:07', '1'),
(1012, '2', 6, '2015-02-10 01:58:48', '1'),
(1013, '2', 6, '2015-02-10 02:02:18', '1'),
(1014, '2', 6, '2015-02-10 02:19:08', '1'),
(1015, '2', 6, '2015-02-10 02:20:30', '1'),
(1016, '2', 6, '2015-02-10 02:24:47', '1'),
(1017, '2', 6, '2015-02-10 02:28:07', '1'),
(1018, '2', 6, '2015-02-10 02:32:25', '1'),
(1019, '2', 6, '2015-02-10 02:35:43', '1'),
(1020, '2', 6, '2015-02-10 02:40:26', '1'),
(1021, '3', 7, '2015-02-10 02:43:34', '1'),
(1022, '3', 7, '2015-02-10 03:09:55', '1'),
(1023, '3', 7, '2015-02-10 04:06:17', '1'),
(1024, '3', 7, '2015-02-10 04:09:25', '1'),
(1025, '2', 8, '2015-02-10 04:18:29', '1'),
(1026, '1', 236, '2015-02-10 19:58:09', '1'),
(1027, '1', 236, '2015-02-10 20:22:40', '1'),
(1028, '1', 150, '2015-02-10 20:24:41', '1'),
(1029, '1', 150, '2015-02-10 20:25:09', '1'),
(1030, '1', 150, '2015-02-10 20:30:42', '1'),
(1031, '1', 150, '2015-02-10 20:42:01', '1'),
(1032, '1', 150, '2015-02-10 22:10:15', '1'),
(1033, '1', 150, '2015-02-10 22:38:55', '1'),
(1034, '1', 150, '2015-02-10 22:43:52', '1'),
(1035, '2', 50, '2015-02-10 22:46:19', '1'),
(1036, '2', 6, '2015-02-10 23:14:18', '1'),
(1037, '2', 6, '2015-02-10 23:16:39', '1'),
(1038, '2', 6, '2015-02-10 23:25:15', '1'),
(1039, '2', 6, '2015-02-10 23:27:44', '1'),
(1040, '2', 6, '2015-02-10 23:28:21', '1'),
(1041, '1', 150, '2015-02-10 23:30:35', '1'),
(1042, '1', 150, '2015-02-10 23:31:13', '1'),
(1043, '1', 150, '2015-02-10 23:37:39', '1'),
(1044, '2', 6, '2015-02-10 23:38:07', '1'),
(1045, '2', 6, '2015-02-10 23:41:20', '1'),
(1046, '2', 6, '2015-02-10 23:46:16', '1'),
(1047, '1', 150, '2015-02-10 23:53:17', '1'),
(1048, '2', 6, '2015-02-10 23:53:39', '1'),
(1049, '1', 151, '2015-02-11 00:05:32', '1'),
(1050, '1', 152, '2015-02-11 00:12:07', '1'),
(1051, '1', 153, '2015-02-11 00:18:31', '1'),
(1052, '1', 154, '2015-02-11 00:23:47', '1'),
(1053, '1', 155, '2015-02-11 00:26:51', '1'),
(1054, '1', 156, '2015-02-11 00:29:34', '1'),
(1055, '2', 166, '2015-02-11 00:45:18', '1'),
(1056, '2', 166, '2015-02-11 00:45:30', '1'),
(1057, '2', 167, '2015-02-11 00:45:50', '1'),
(1058, '2', 164, '2015-02-11 00:46:01', '1'),
(1059, '2', 6, '2015-02-11 00:59:54', '1'),
(1060, '2', 6, '2015-02-11 01:07:05', '1'),
(1061, '2', 6, '2015-02-11 01:22:09', '1'),
(1062, '2', 6, '2015-02-11 01:27:35', '1'),
(1063, '2', 6, '2015-02-11 01:37:20', '1'),
(1064, '2', 6, '2015-02-11 01:51:55', '1'),
(1065, '3', 7, '2015-02-11 01:58:19', '1'),
(1066, '2', 8, '2015-02-11 02:13:39', '1'),
(1067, '3', 7, '2015-02-11 02:13:45', '1'),
(1068, '3', 7, '2015-02-11 02:24:23', '1'),
(1069, '2', 164, '2015-02-11 02:44:56', '1'),
(1070, '2', 166, '2015-02-11 02:45:04', '1'),
(1071, '2', 166, '2015-02-11 02:45:14', '1'),
(1072, '2', 167, '2015-02-11 02:45:19', '1'),
(1073, '2', 164, '2015-02-11 02:45:24', '1'),
(1074, '3', 7, '2015-02-11 03:20:45', '1'),
(1075, '2', 164, '2015-02-11 03:31:13', '1'),
(1076, '2', 165, '2015-02-11 03:38:47', '1'),
(1077, '2', 166, '2015-02-11 03:43:58', '1'),
(1078, '2', 167, '2015-02-11 03:47:13', '1'),
(1079, '2', 168, '2015-02-11 03:49:07', '1'),
(1080, '2', 8, '2015-02-11 03:51:56', '1'),
(1081, '2', 8, '2015-02-11 04:14:18', '1'),
(1082, '2', 168, '2015-02-11 04:22:24', '1'),
(1083, '2', 8, '2015-02-11 04:24:08', '1'),
(1084, '2', 168, '2015-02-11 04:29:41', '1'),
(1085, '2', 168, '2015-02-11 04:33:39', '1'),
(1086, '2', 168, '2015-02-11 04:49:39', '1'),
(1087, '2', 6, '2015-02-11 21:09:05', '1'),
(1088, '2', 6, '2015-02-11 21:18:39', '1'),
(1089, '3', 7, '2015-02-12 00:24:22', '1'),
(1090, '3', 7, '2015-02-12 00:32:11', '1'),
(1091, '3', 7, '2015-02-12 03:05:01', '1'),
(1092, '1', 236, '2015-02-12 03:10:29', '1'),
(1093, '2', 237, '2015-02-12 03:27:37', '1'),
(1094, '1', 1, '2015-02-12 03:29:16', '1'),
(1095, '1', 2, '2015-02-12 03:29:55', '1'),
(1096, '1', 3, '2015-02-12 03:31:18', '1'),
(1097, '1', 4, '2015-02-12 03:31:59', '1'),
(1098, '2', 5, '2015-02-12 03:32:45', '1'),
(1099, '1', 32, '2015-02-12 03:39:39', '1'),
(1100, '2', 33, '2015-02-12 03:41:27', '1'),
(1101, '1', 23, '2015-02-12 03:46:16', '1'),
(1102, '1', 24, '2015-02-12 03:47:00', '1'),
(1103, '1', 21, '2015-02-12 03:47:38', '1'),
(1104, '1', 22, '2015-02-12 03:48:21', '1'),
(1105, '2', 40, '2015-02-12 03:49:08', '1'),
(1106, '2', 8, '2015-02-12 18:07:06', '1'),
(1107, '2', 6, '2015-02-12 18:31:49', '1'),
(1108, '2', 6, '2015-02-12 18:32:40', '1'),
(1109, '3', 7, '2015-02-12 18:34:38', '1'),
(1110, '2', 8, '2015-02-12 19:19:04', '1'),
(1111, '2', 9, '2015-02-12 19:20:01', '1'),
(1112, '5', 51, '2015-02-12 19:20:55', '1'),
(1113, '1', 236, '2015-02-12 19:27:33', '1'),
(1114, '2', 237, '2015-02-12 19:29:59', '1'),
(1115, '1', 1, '2015-02-12 19:30:38', '1'),
(1116, '1', 2, '2015-02-12 19:31:15', '1'),
(1117, '1', 3, '2015-02-12 19:31:51', '1'),
(1118, '1', 4, '2015-02-12 19:32:29', '1'),
(1119, '2', 5, '2015-02-12 19:33:04', '1'),
(1120, '2', 6, '2015-02-17 22:48:08', '1'),
(1121, '3', 7, '2015-02-17 22:58:38', '1'),
(1122, '2', 8, '2015-02-17 23:35:20', '1'),
(1123, '2', 9, '2015-02-17 23:46:23', '1'),
(1124, '5', 51, '2015-02-18 00:07:13', '1'),
(1125, '1', 236, '2015-02-18 01:01:45', '1');

-- --------------------------------------------------------

--
-- Table structure for table `sms_category_details`
--

CREATE TABLE IF NOT EXISTS `sms_category_details` (
`sms_category_id` bigint(20) NOT NULL,
  `sms_category_name` varchar(100) NOT NULL,
  `status` char(1) NOT NULL
) ENGINE=InnoDB  DEFAULT CHARSET=utf8 AUTO_INCREMENT=11 ;

--
-- Dumping data for table `sms_category_details`
--

INSERT INTO `sms_category_details` (`sms_category_id`, `sms_category_name`, `status`) VALUES
(1, 'Reminders:Delays', '1'),
(2, 'Reminders:Status', '1'),
(3, 'Reminders:Updates', '1'),
(4, 'Reminders:BeatPlanChanges', '1'),
(5, 'Reminders:Emergency Reminders', '1'),
(6, 'Birthdays', '1'),
(7, 'Anniversaries', '1'),
(8, 'Incentives', '1'),
(9, 'Custom Message', '1'),
(10, 'Conveyence', '1');

-- --------------------------------------------------------

--
-- Table structure for table `sms_template_details`
--

CREATE TABLE IF NOT EXISTS `sms_template_details` (
`sms_template_id` bigint(20) NOT NULL,
  `sms_template` varchar(160) NOT NULL,
  `sms_category_id` bigint(20) NOT NULL,
  `status` char(1) NOT NULL,
  `user_id` bigint(20) NOT NULL,
  `date_time` timestamp NOT NULL DEFAULT CURRENT_TIMESTAMP ON UPDATE CURRENT_TIMESTAMP
) ENGINE=InnoDB  DEFAULT CHARSET=utf8 AUTO_INCREMENT=11 ;

--
-- Dumping data for table `sms_template_details`
--

INSERT INTO `sms_template_details` (`sms_template_id`, `sms_template`, `sms_category_id`, `status`, `user_id`, `date_time`) VALUES
(1, 'You are Getting Late', 1, '0', 1, '2014-02-15 20:56:18'),
(2, 'You  are inactive from sometime.', 2, '1', 1, '2014-12-25 21:28:02'),
(3, 'Successfully Completed the action', 3, '1', 1, '2014-02-15 21:11:14'),
(4, 'Beat Plan Updated Successfully', 4, '1', 1, '2014-02-15 21:11:14'),
(5, 'It''s an Emergency', 5, '1', 1, '2014-02-15 21:11:15'),
(6, 'Happy Birthday', 6, '1', 1, '2014-02-15 21:11:16'),
(7, 'Happy Anniversary', 7, '1', 1, '2014-11-03 23:04:38'),
(8, 'Incentives Done', 8, '1', 1, '2014-02-15 21:11:18'),
(9, 'Custom Message', 9, '1', 1, '2014-02-15 21:11:17'),
(10, 'Conveyence', 10, '1', 1, '2014-02-15 21:11:20');

-- --------------------------------------------------------

--
-- Table structure for table `uploaded_caf_details`
--

CREATE TABLE IF NOT EXISTS `uploaded_caf_details` (
  `upload_caf_details_id` bigint(20) NOT NULL,
  `mobile_no` varchar(10) NOT NULL,
  `order_number` varchar(50) NOT NULL,
  `sub_agent_code` varchar(50) DEFAULT NULL,
  `caf_type` varchar(10) DEFAULT NULL COMMENT 'DSA,DMA,NEB,MI,EBU',
  `connection_status` varchar(20) DEFAULT NULL COMMENT 'New Connection, Port In',
  `caf_status` char(1) NOT NULL DEFAULT '' COMMENT '0-New,1-Accepted, 2-Rejected, 3-Customer not interested,4-Incomplete documentation',
  `status` char(1) NOT NULL COMMENT '0-Inactive,1-Active',
  `distributor_id` bigint(20) NOT NULL,
  `date_time` timestamp NOT NULL DEFAULT CURRENT_TIMESTAMP ON UPDATE CURRENT_TIMESTAMP
) ENGINE=InnoDB DEFAULT CHARSET=utf8;

-- --------------------------------------------------------

--
-- Table structure for table `user_auth_code_details`
--

CREATE TABLE IF NOT EXISTS `user_auth_code_details` (
`user_auth_code_id` bigint(20) NOT NULL,
  `user_id` bigint(20) NOT NULL,
  `auth_code` varchar(15) NOT NULL DEFAULT '',
  `login_timestamp` timestamp NOT NULL DEFAULT CURRENT_TIMESTAMP,
  `logout_timestamp` timestamp NULL DEFAULT NULL,
  `status` char(1) NOT NULL DEFAULT '1'
) ENGINE=InnoDB  DEFAULT CHARSET=utf8 AUTO_INCREMENT=405 ;

--
-- Dumping data for table `user_auth_code_details`
--

INSERT INTO `user_auth_code_details` (`user_auth_code_id`, `user_id`, `auth_code`, `login_timestamp`, `logout_timestamp`, `status`) VALUES
(1, 1, 'tRv8oVd0cGq9', '2014-11-04 03:21:22', '2014-11-04 03:23:39', '0'),
(2, 58, '7999969brEcI', '2014-11-04 03:38:42', NULL, '1'),
(3, 57, 'kJm6xUx6eKo0', '2014-11-04 03:40:43', NULL, '1'),
(4, 1, 'bWu9gNs6yVp9', '2014-11-05 12:54:46', NULL, '1'),
(5, 13, '50777EscL9tN', '2014-11-05 01:21:19', NULL, '1'),
(6, 8, '97777NbtlIRT', '2014-11-05 05:46:39', NULL, '1'),
(7, 15, '07777SmMVdJr', '2014-11-05 07:54:25', '2014-11-05 07:54:25', '0'),
(8, 15, '07777pYCiqMR', '2014-11-06 03:00:21', '2014-11-06 03:00:21', '0'),
(9, 8, '97777fWcDtTt', '2014-11-06 05:24:01', NULL, '1'),
(10, 1, 'cPv6eSf8cPl8', '2014-11-06 13:41:37', NULL, '1'),
(11, 6, 'sPd7fNh7jHa5', '2014-11-06 07:27:50', NULL, '1'),
(12, 7, '777774IDW91T', '2014-11-07 06:26:03', '2014-11-07 06:29:06', '0'),
(13, 6, 'nCc9rHo0xWo3', '2014-11-07 06:26:26', '2014-11-07 06:51:31', '0'),
(14, 1, 'kKs0zSn8yRm7', '2014-11-07 07:04:07', NULL, '1'),
(15, 13, '50777DaZyHbo', '2014-11-08 02:14:02', '2014-11-08 02:14:19', '0'),
(16, 1, 'tNh8eYl3iHv2', '2014-11-10 06:11:36', NULL, '1'),
(17, 7, '777770Fa4oXG', '2014-11-10 00:20:17', '2014-11-10 00:20:17', '0'),
(18, 8, '97777Wrke0h8', '2014-11-10 06:43:33', '2014-11-10 06:47:44', '0'),
(19, 13, '50777Koy6pOE', '2014-11-10 06:14:15', NULL, '1'),
(20, 7, '77777v2H1jql', '2014-11-11 08:15:20', '2014-11-11 08:15:25', '0'),
(21, 1, 'kRf6kXd3sPf7', '2014-11-11 09:58:41', NULL, '1'),
(22, 8, '97777P3O3T3m', '2014-11-11 03:56:05', '2014-11-11 03:56:05', '0'),
(23, 6, 'bUr9bVy8jLp5', '2014-11-11 07:46:38', '2014-11-11 08:23:57', '0'),
(24, 31, '47777pebvHo0', '2014-11-11 05:09:21', '2014-11-11 07:00:57', '0'),
(25, 7, '77777TkG56wh', '2014-11-12 07:10:13', NULL, '1'),
(26, 1, 'tHv1kHj5dDq0', '2014-11-12 17:38:10', NULL, '1'),
(27, 8, '97777Ql9Jst1', '2014-11-11 23:48:15', '2014-11-12 00:09:50', '0'),
(28, 6, 'dZa0dHe4hEk1', '2014-11-12 07:11:52', '2014-11-12 07:13:50', '0'),
(29, 15, '077773B9IXNs', '2014-11-12 05:08:46', NULL, '1'),
(30, 15, '07777CNyjvcM', '2014-11-11 23:05:37', '2014-11-11 23:05:37', '0'),
(31, 2, 'hKt3wPm9pRg7', '2014-11-12 02:13:34', '2014-11-12 03:11:09', '0'),
(32, 37, '86666M77fSGI', '2014-11-12 05:08:46', NULL, '1'),
(33, 12, '40777QKtgny3', '2014-11-12 07:19:59', '2014-11-12 07:20:25', '0'),
(34, 58, '79999t4uUG8Q', '2014-11-12 02:37:22', NULL, '1'),
(35, 21, '60999KGR5B7E', '2014-11-12 04:25:09', '2014-11-12 05:14:59', '0'),
(36, 3, 'pMs9jBh8cDc8', '2014-11-12 03:11:35', '2014-11-12 03:33:13', '0'),
(37, 13, '50777h7BJNJc', '2014-11-12 05:08:46', NULL, '1'),
(38, 4, 'dFo5iCh4gQn8', '2014-11-12 03:33:30', '2014-11-12 03:52:48', '0'),
(39, 5, 'dHt0vJe2vNo1', '2014-11-12 05:17:55', '2014-11-12 06:52:22', '0'),
(40, 68, '75827DFDHhHV', '2014-11-12 04:24:06', '2014-11-12 04:24:23', '0'),
(41, 31, '477774mdKGfM', '2014-11-12 06:40:58', '2014-11-12 06:48:50', '0'),
(42, 14, 'aHw6cDo3oVa8', '2014-11-12 07:20:35', '2014-11-12 07:20:39', '0'),
(43, 74, '00999kYgxQ1d', '2014-11-12 07:34:46', NULL, '1'),
(44, 7, '77777LRASYVC', '2014-11-13 04:00:32', NULL, '1'),
(45, 1, 'vYs4tJs0tWf1', '2014-11-13 15:45:43', '2014-11-13 16:19:10', '0'),
(46, 58, '799990xH2ruD', '2014-11-13 04:30:43', '2014-11-13 04:31:04', '0'),
(47, 15, '07777gdWq8jU', '2014-11-13 03:05:59', NULL, '1'),
(48, 30, 'zHy9oUu9rIa1', '2014-11-12 23:09:51', '2014-11-12 23:10:21', '0'),
(49, 6, 'vJd3dSn9sEe5', '2014-11-13 08:07:27', NULL, '1'),
(50, 37, '86666Z8k9hZ0', '2014-11-12 23:46:00', NULL, '1'),
(51, 13, '50777nIa0Td5', '2014-11-12 23:46:01', NULL, '1'),
(52, 12, '40777CGZj4oX', '2014-11-13 00:15:21', NULL, '1'),
(53, 57, '59999FKJZMOT', '2014-11-13 04:28:19', '2014-11-13 04:29:16', '0'),
(54, 3, 'cVs4aSm4zLb5', '2014-11-13 02:20:50', '2014-11-13 02:27:32', '0'),
(55, 5, 'bQa2jEm2fDo5', '2014-11-13 02:52:14', NULL, '1'),
(56, 8, '97777jE9h509', '2014-11-13 07:57:59', '2014-11-13 08:07:48', '0'),
(57, 27, '76666UYQwPRT', '2014-11-13 04:10:07', '2014-11-13 04:27:42', '0'),
(58, 31, '47777KUOjWT4', '2014-11-13 03:56:38', NULL, '1'),
(59, 74, '00999aEA8EtH', '2014-11-13 06:24:38', NULL, '1'),
(60, 6, 'zIx5wFv6zTm3', '2014-11-14 06:58:10', '2014-11-14 06:59:13', '0'),
(61, 1, 'fJy4rMr9jOx0', '2014-11-14 10:42:13', '2014-11-14 11:19:12', '0'),
(62, 40, 'bQz9bJc7dXl3', '2014-11-14 06:45:24', '2014-11-14 06:46:49', '0'),
(63, 41, 'yNp6qEu7nWg3', '2014-11-14 06:47:01', '2014-11-14 06:47:07', '0'),
(64, 50, 'wHt6nEr6zXl2', '2014-11-14 06:43:24', '2014-11-14 06:43:30', '0'),
(65, 58, '79999y5niDZ7', '2014-11-14 04:49:51', '2014-11-14 05:01:18', '0'),
(66, 7, '777778MGrtDX', '2014-11-14 00:28:40', NULL, '1'),
(67, 89, '166664TaNsvO', '2014-11-14 02:58:41', '2014-11-14 02:58:48', '0'),
(68, 8, '977770DKX0fA', '2014-11-14 02:59:29', '2014-11-14 03:00:37', '0'),
(69, 74, '00999Rqq5KSB', '2014-11-14 05:20:21', '2014-11-14 05:20:33', '0'),
(70, 31, '477778qmkvQ9', '2014-11-14 04:13:40', '2014-11-14 04:31:02', '0'),
(71, 90, '055554IV1gv2', '2014-11-14 02:27:42', '2014-11-14 02:28:22', '0'),
(72, 91, '15555NGVxmfQ', '2014-11-14 02:35:06', '2014-11-14 02:36:47', '0'),
(73, 92, '255551FLG1W7', '2014-11-14 02:42:18', '2014-11-14 02:55:00', '0'),
(74, 12, 'aHf5aHu6fGp2', '2014-11-14 04:37:15', '2014-11-14 04:38:34', '0'),
(75, 93, '35555q2CLvIs', '2014-11-14 02:57:14', '2014-11-14 02:57:38', '0'),
(76, 94, '455551i58SJt', '2014-11-14 04:37:48', '2014-11-14 04:38:12', '0'),
(77, 57, 'hKv0wAg1iYt9', '2014-11-14 04:51:35', '2014-11-14 04:53:16', '0'),
(78, 7, '77777IdZWLZM', '2014-11-17 04:16:46', NULL, '1'),
(79, 1, 'bHg8dRh0hJz5', '2014-11-17 07:11:08', '2014-11-17 07:13:34', '0'),
(80, 58, '79999eBZiVyf', '2014-11-16 22:59:00', '2014-11-16 23:02:59', '0'),
(81, 6, 'xXv3tKw5wXn8', '2014-11-17 06:42:21', '2014-11-17 06:42:30', '0'),
(82, 12, 'xZu0nWf5bMp4', '2014-11-17 11:43:25', '2014-11-17 11:49:26', '0'),
(83, 96, '223697w8PZHk', '2014-11-17 03:42:31', '2014-11-17 06:27:41', '0'),
(84, 95, '02369BrKrZ2d', '2014-11-17 04:18:18', '2014-11-17 06:27:19', '0'),
(85, 1, 'gHz2gCe9zKd5', '2014-11-18 18:19:54', NULL, '1'),
(86, 12, 'iQn9xRg5jOf6', '2014-11-18 01:55:30', NULL, '1'),
(87, 95, '02369rIfADyB', '2014-11-17 22:44:43', '2014-11-18 01:04:47', '0'),
(88, 96, '22369YqRMR4j', '2014-11-17 22:59:38', '2014-11-18 00:30:22', '0'),
(89, 99, 'pFv4hYz6lMc2', '2014-11-18 01:01:36', '2014-11-18 01:04:39', '0'),
(90, 100, 'yPb9wCo0cOw8', '2014-11-18 01:04:48', '2014-11-18 01:16:20', '0'),
(91, 101, 'tKy1iCq5uCh3', '2014-11-18 01:06:33', '2014-11-18 01:07:49', '0'),
(92, 102, 'nLj8eKo7dId9', '2014-11-18 01:10:12', '2014-11-18 01:16:22', '0'),
(93, 6, 'sYb4jSi2nBk3', '2014-11-18 01:16:28', '2014-11-18 01:16:44', '0'),
(94, 103, 'sFm2qWg0wXv2', '2014-11-18 06:58:07', '2014-11-18 07:11:20', '0'),
(95, 104, '09999GLV6lWd', '2014-11-18 02:37:48', NULL, '1'),
(96, 105, '547898EPE0up', '2014-11-18 07:16:18', '2014-11-18 07:38:16', '0'),
(97, 7, '77777kEoPypd', '2014-11-18 07:03:42', NULL, '1'),
(98, 1, 'qCk2mFw9hKb1', '2014-11-19 07:32:50', NULL, '1'),
(99, 7, '777773VAyr2i', '2014-11-19 04:53:49', '2014-11-19 06:25:12', '0'),
(100, 103, 'lAx2cCh5vNg6', '2014-11-19 06:45:10', '2014-11-19 07:32:47', '0'),
(101, 6, 'oCh0tIe0iXd2', '2014-11-18 22:52:26', NULL, '1'),
(102, 104, '09999l72Mo7S', '2014-11-19 05:03:18', NULL, '1'),
(103, 105, '54789d1RvrtF', '2014-11-19 02:23:43', '2014-11-19 03:51:50', '0'),
(104, 31, '477776mYnapg', '2014-11-19 02:07:20', NULL, '1'),
(105, 58, '79999ZBRO8Hu', '2014-11-19 05:08:51', '2014-11-19 05:45:59', '0'),
(106, 40, 'zNu1wFx8nAg3', '2014-11-19 06:40:49', NULL, '1'),
(107, 8, '977771okWx9O', '2014-11-19 06:42:27', '2014-11-19 07:12:26', '0'),
(108, 29, 'zZb5aEz4vRf2', '2014-11-19 06:48:46', NULL, '1'),
(109, 28, 'iPw7mOa6gUj3', '2014-11-19 13:03:37', '2014-11-19 13:26:06', '0'),
(110, 7, '77777I3UjCXm', '2014-11-19 21:48:35', '2014-11-20 00:25:45', '0'),
(111, 31, '477778GgYcUl', '2014-11-20 00:26:12', '2014-11-20 01:02:15', '0'),
(112, 104, '099993YwdfZC', '2014-11-20 06:17:15', NULL, '1'),
(113, 1, 'vNd6hFb3qGo2', '2014-11-20 01:05:38', '2014-11-20 01:08:07', '0'),
(114, 105, '54789StanBKl', '2014-11-20 01:07:13', '2014-11-20 02:31:18', '0'),
(115, 103, 'cEm8aXp8rKq2', '2014-11-20 04:17:59', '2014-11-20 04:18:41', '0'),
(116, 58, '79999N5WAV0v', '2014-11-20 07:02:59', NULL, '1'),
(117, 8, '97777lCylIUy', '2014-11-20 04:22:35', '2014-11-20 06:53:22', '0'),
(118, 6, 'iBb9xAx5mYe0', '2014-11-20 07:17:05', '2014-11-20 07:18:02', '0'),
(119, 58, '79999lAHjxVj', '2014-11-21 03:40:49', NULL, '1'),
(120, 7, '7777739Hxvfy', '2014-11-21 04:10:48', NULL, '1'),
(121, 103, 'oXe3lJp1dDh1', '2014-11-21 00:18:55', '2014-11-21 00:27:23', '0'),
(122, 1, 'cQo1dTs5hXs9', '2014-11-21 13:00:40', NULL, '1'),
(123, 105, '54789hNXXwDu', '2014-11-20 22:57:05', '2014-11-21 00:26:08', '0'),
(124, 30, '27777ertIiL4', '2014-11-21 03:16:09', '2014-11-21 04:09:57', '0'),
(125, 104, '09999RIgXA7i', '2014-11-21 04:43:33', NULL, '1'),
(126, 11, 'mXa7aYm4jOf4', '2014-11-21 00:33:57', '2014-11-21 00:34:45', '0'),
(127, 15, '07777ckNhbOP', '2014-11-21 03:34:29', NULL, '1'),
(128, 95, '02369caZvVse', '2014-11-21 00:40:05', '2014-11-21 02:46:29', '0'),
(129, 12, '40777rTB487F', '2014-11-21 03:40:06', '2014-11-21 03:40:26', '0'),
(130, 1, 'bNi0zAh5kQy9', '2014-11-21 20:10:48', '2014-11-21 20:36:38', '0'),
(131, 1, 'kGu2kZb2nIa0', '2014-11-23 15:26:59', '2014-11-23 16:10:19', '0'),
(132, 7, '77777IDfD7sk', '2014-11-22 23:31:55', '2014-11-22 23:43:32', '0'),
(133, 7, '77777rbM4WVS', '2014-11-23 23:12:17', NULL, '1'),
(134, 31, '47777MeY71LQ', '2014-11-23 23:51:26', NULL, '1'),
(135, 8, '97777Wxj03yI', '2014-11-23 23:55:10', NULL, '1'),
(136, 91, '15555LtyiB7B', '2014-11-23 23:56:54', NULL, '1'),
(137, 92, '25555YTcqRPn', '2014-11-24 00:11:00', NULL, '1'),
(138, 1, 'rOg1pNe6mZa0', '2014-11-24 02:53:09', NULL, '1'),
(139, 44, '39115wHqycgm', '2014-11-24 02:50:13', NULL, '1'),
(140, 96, '22369paHhgNi', '2014-11-24 06:22:53', NULL, '1'),
(141, 7, '77777fYoScUY', '2014-11-24 23:35:45', '2014-11-25 00:00:27', '0'),
(142, 1, 'zXg0xSj1qHn3', '2014-11-25 06:47:57', NULL, '1'),
(143, 30, '27777njKeICZ', '2014-11-24 23:22:41', '2014-11-24 23:35:17', '0'),
(144, 31, '47777Jq1tB8b', '2014-11-25 00:01:06', '2014-11-25 02:57:05', '0'),
(145, 8, '97777fGUKf3W', '2014-11-25 02:58:32', NULL, '1'),
(146, 104, '09999vEyn8e1', '2014-11-25 05:22:34', NULL, '1'),
(147, 103, 'pRe2vZq0dXj3', '2014-11-25 08:52:11', NULL, '1'),
(148, 105, '54789A5a4OTg', '2014-11-25 05:26:47', NULL, '1'),
(149, 91, '15555yEHeGNP', '2014-11-25 05:33:34', NULL, '1'),
(150, 6, 'wTz7cPk5nEb8', '2014-11-25 06:11:05', '2014-11-25 06:22:08', '0'),
(151, 105, '54789e6nVMcQ', '2014-11-25 22:44:04', NULL, '1'),
(152, 103, 'lPh9zDt9dQz5', '2014-11-26 06:31:06', '2014-11-26 06:37:36', '0'),
(153, 104, '09999ROSSnCI', '2014-11-26 00:06:28', NULL, '1'),
(154, 7, '77777DJYCUm2', '2014-11-26 00:39:24', '2014-11-26 06:09:08', '0'),
(155, 1, 'oSw1kGp2xMj9', '2014-11-26 06:30:55', '2014-11-26 06:31:00', '0'),
(156, 12, '40777MkCmY0y', '2014-11-26 03:01:49', NULL, '1'),
(157, 31, '47777xfNnMSS', '2014-11-26 06:09:41', NULL, '1'),
(158, 1, 'gGq1vHy7eQg4', '2014-11-27 05:00:45', NULL, '1'),
(159, 7, '77777TkuuF3X', '2014-11-27 04:55:53', '2014-11-27 05:00:16', '0'),
(160, 31, '47777wpNHQUi', '2014-11-26 23:48:24', '2014-11-27 03:20:42', '0'),
(161, 30, '27777NTeA5y8', '2014-11-27 05:01:53', NULL, '1'),
(162, 6, '57777AVOR5pu', '2014-11-27 05:07:49', NULL, '1'),
(163, 1, 'qOt3vIq2kNb5', '2014-11-27 22:54:22', NULL, '1'),
(164, 6, 'yZe8eXs1nWx4', '2014-11-27 22:52:38', '2014-11-27 22:53:16', '0'),
(165, 30, 'nXd6aQy2qXs0', '2014-11-27 22:47:37', '2014-11-27 22:47:48', '0'),
(166, 12, 'bCc5eSg7eUv9', '2014-11-27 22:47:52', '2014-11-27 22:48:46', '0'),
(167, 57, 'hBj1hYy0nCz9', '2014-11-27 22:54:08', '2014-11-27 22:54:18', '0'),
(168, 103, 'pKa7tGs1hLi4', '2014-11-28 03:52:11', '2014-11-28 03:52:17', '0'),
(169, 7, '777776OgZFyq', '2014-11-28 04:15:39', '2014-11-28 04:26:51', '0'),
(170, 7, '77777yhrnX7c', '2014-12-05 01:29:53', NULL, '1'),
(171, 31, '47777nIL8Jn2', '2014-12-13 04:17:29', NULL, '1'),
(172, 7, '77777GpWWWww', '2014-12-13 04:21:49', NULL, '1'),
(173, 1, 'gPo8cSy2jGo4', '2014-12-13 17:47:17', '2014-12-13 17:47:28', '0'),
(174, 7, '77777YelOOTi', '2014-12-14 17:50:36', NULL, '1'),
(175, 31, '47777VpQCmNV', '2014-12-13 19:55:21', '2014-12-13 20:02:22', '0'),
(176, 1, 'rPn4sUu4cHm5', '2014-12-14 02:57:17', NULL, '1'),
(177, 44, '391153w5onav', '2014-12-13 20:03:27', '2014-12-13 20:03:46', '0'),
(178, 96, '22369Pb42wwY', '2014-12-13 20:04:45', '2014-12-13 20:22:04', '0'),
(179, 8, '97777OyeF4t0', '2014-12-13 20:22:59', '2014-12-13 21:44:17', '0'),
(180, 15, '07777Zh6cESk', '2014-12-13 21:45:12', '2014-12-13 21:56:52', '0'),
(181, 13, '50777rx5KbON', '2014-12-13 21:58:34', '2014-12-13 22:06:38', '0'),
(182, 38, '17777Oib2RUI', '2014-12-13 22:10:32', '2014-12-13 22:17:15', '0'),
(183, 91, '15555hlfMM23', '2014-12-13 22:19:11', '2014-12-13 22:20:04', '0'),
(184, 60, '99658i52h8yB', '2014-12-13 22:20:51', '2014-12-13 22:21:12', '0'),
(185, 74, '00999VVLC8MG', '2014-12-13 22:21:58', NULL, '1'),
(186, 92, '25555VYCBkpf', '2014-12-14 01:48:30', '2014-12-14 02:01:45', '0'),
(187, 37, '86666Z6aYUpA', '2014-12-14 02:03:15', '2014-12-14 02:57:07', '0'),
(188, 90, '05555kOw3US2', '2014-12-14 02:58:01', NULL, '1'),
(189, 7, '77777MWucNSM', '2014-12-15 17:44:58', '2014-12-15 17:45:35', '0'),
(190, 7, '77777OyotKOV', '2014-12-16 02:48:49', '2014-12-16 17:58:38', '0'),
(191, 31, '47777Zv4Ya8q', '2014-12-16 17:59:03', NULL, '1'),
(192, 30, 'oGr9kLm6aRj4', '2014-12-16 18:35:49', '2014-12-16 18:36:29', '0'),
(193, 1, 'uLo5fQv6kKy3', '2014-12-17 17:51:50', '2014-12-17 18:13:37', '0'),
(194, 7, '77777tuM4vcp', '2014-12-16 23:46:02', '2014-12-17 01:39:10', '0'),
(195, 1, 'nCa5vEt6gRx9', '2014-12-18 22:38:50', NULL, '1'),
(196, 12, 'rRv5vTi2oWt0', '2014-12-18 21:16:31', '2014-12-18 21:18:28', '0'),
(197, 1, 'fKm6jBo0yGv4', '2014-12-22 05:04:14', NULL, '1'),
(198, 7, '77777vUPMWN7', '2014-12-21 20:26:40', NULL, '1'),
(199, 31, '47777TnjL80J', '2014-12-22 02:43:38', '2014-12-22 02:44:05', '0'),
(200, 91, '155555VO6Ytx', '2014-12-22 00:12:05', NULL, '1'),
(201, 103, 'aRh1pFe2qJf1', '2014-12-22 04:04:21', '2014-12-22 04:44:27', '0'),
(202, 6, 'jPl4aUx7sUi6', '2014-12-22 03:24:28', NULL, '1'),
(203, 105, '54789uf6yGZv', '2014-12-22 03:53:47', NULL, '1'),
(204, 104, '09999sTYnHdM', '2014-12-22 03:54:59', NULL, '1'),
(205, 1, 'uSd5pMf9aJr3', '2014-12-23 03:14:55', '2014-12-23 03:33:13', '0'),
(206, 6, 'zSo6rWs0gEa8', '2014-12-23 03:33:17', '2014-12-23 03:37:31', '0'),
(207, 1, 'uLg1bMk9yAy0', '2014-12-24 02:35:19', '2014-12-24 03:04:00', '0'),
(208, 31, '47777uGCiLiK', '2014-12-23 18:57:00', NULL, '1'),
(209, 6, 'qSd7uFc4pZm9', '2014-12-23 23:56:02', '2014-12-23 23:56:22', '0'),
(210, 103, 'gHo9hCs3uWz5', '2014-12-24 00:25:50', NULL, '1'),
(211, 12, 'gQc7zAq9nUz9', '2014-12-23 23:27:45', '2014-12-23 23:54:27', '0'),
(212, 30, 'zLl4xVb9tIu6', '2014-12-23 20:01:32', '2014-12-23 20:01:35', '0'),
(213, 112, 'uWp3hJj4xJn6', '2014-12-23 22:46:11', '2014-12-23 22:47:04', '0'),
(214, 115, 'wVy2oGa1pIn8', '2014-12-23 22:59:01', '2014-12-23 23:02:55', '0'),
(215, 113, 'iVe8rXw8lGb3', '2014-12-23 22:55:07', '2014-12-23 22:57:25', '0'),
(216, 35, 'mYe9oGb1hCz6', '2014-12-23 23:05:25', '2014-12-23 23:09:01', '0'),
(217, 114, 'rXc1zDb8rKt2', '2014-12-23 23:09:27', '2014-12-23 23:27:17', '0'),
(218, 116, 'nKu7cTc5sGy6', '2014-12-23 23:27:25', '2014-12-23 23:27:41', '0'),
(219, 1, 'hOz8pOw5dJj3', '2014-12-26 02:59:04', NULL, '1'),
(220, 6, 'mTx6iAb6qMw0', '2014-12-25 20:22:52', '2014-12-25 20:29:20', '0'),
(221, 15, '07777U3I1Zj1', '2014-12-25 19:15:22', NULL, '1'),
(222, 5, 'yVh5aFi8vFd7', '2014-12-25 20:52:14', '2014-12-25 21:02:41', '0'),
(223, 40, 'kNw1zKb8vHx2', '2014-12-25 20:31:01', '2014-12-25 20:51:52', '0'),
(224, 39, 'lAv0wYz8xJa1', '2014-12-25 21:02:48', '2014-12-25 21:03:30', '0'),
(225, 28, 'hRe0iWg6qSh7', '2014-12-25 21:03:40', '2014-12-25 21:30:31', '0'),
(226, 3, 'yYa9yUu4fOf8', '2014-12-25 21:30:36', '2014-12-25 21:32:33', '0'),
(227, 4, 'jQg7kWz0tCu0', '2014-12-25 21:32:38', NULL, '1'),
(228, 8, '97777sWGIpAt', '2014-12-25 23:43:14', NULL, '1'),
(229, 7, '77777gJRgmgT', '2014-12-25 23:55:22', NULL, '1'),
(230, 96, '22369qohsOUK', '2014-12-26 01:26:05', NULL, '1'),
(231, 91, '155558jRB4D1', '2014-12-26 02:15:10', NULL, '1'),
(232, 92, '25555RkLBjTx', '2014-12-26 03:01:06', NULL, '1'),
(233, 1, 'dNn9lCs5cPv4', '2014-12-28 23:47:52', NULL, '1'),
(234, 6, 'eUn0jEq4tDz1', '2014-12-28 23:37:35', '2014-12-28 23:37:53', '0'),
(235, 5, 'lRf7sKy7wKg0', '2014-12-28 23:42:02', '2014-12-28 23:42:10', '0'),
(236, 4, 'jRo5zYg0sAw8', '2014-12-28 23:41:53', '2014-12-28 23:41:59', '0'),
(237, 7, '77777OikUDB3', '2014-12-28 19:57:36', NULL, '1'),
(238, 3, 'bPv5fFw0zRi3', '2014-12-28 23:42:14', '2014-12-28 23:47:44', '0'),
(239, 2, 'qPp6hIf0fWv9', '2014-12-28 22:56:00', '2014-12-28 22:57:11', '0'),
(240, 1, 'cUv1hZu2gEl2', '2014-12-30 00:53:00', NULL, '1'),
(241, 103, 'hFf8zMj4xKg2', '2014-12-29 23:53:40', NULL, '1'),
(242, 6, 'sLu8dQa7pOv7', '2014-12-30 22:59:21', '2014-12-30 23:03:45', '0'),
(243, 103, 'jWs9aLm6mLn4', '2014-12-30 23:03:52', NULL, '1'),
(244, 103, 'xKd4bTs8xQw2', '2015-01-02 01:38:44', '2015-01-02 01:39:40', '0'),
(245, 7, '77777BAnj2Op', '2015-01-04 20:59:26', NULL, '1'),
(246, 7, '777776idGFEu', '2015-01-05 20:36:57', NULL, '1'),
(247, 1, 'jYp3lHk0xLh1', '2015-01-06 02:14:48', NULL, '1'),
(248, 7, '77777iXTLcZq', '2015-01-07 00:04:56', '2015-01-07 00:04:56', '0'),
(249, 1, 'kNj0nVi3oHc9', '2015-01-07 02:20:49', NULL, '1'),
(250, 92, '25555hkSjRI7', '2015-01-06 21:22:08', '2015-01-06 21:22:08', '0'),
(251, 58, '79999JgBDGRJ', '2015-01-06 22:10:41', NULL, '1'),
(252, 15, '07777F1jaIiE', '2015-01-06 22:18:45', '2015-01-06 22:18:45', '0'),
(253, 97, '55555sk4CwJZ', '2015-01-06 22:30:55', NULL, '1'),
(254, 74, '009998fEqXTf', '2015-01-06 22:34:05', NULL, '1'),
(255, 98, '65555sQ25rRZ', '2015-01-06 22:37:48', NULL, '1'),
(256, 38, '17777vqefRp1', '2015-01-06 22:42:00', NULL, '1'),
(257, 90, '055557JLfUSj', '2015-01-06 23:02:53', NULL, '1'),
(258, 93, '3555538CrDyA', '2015-01-06 23:21:46', NULL, '1'),
(259, 95, '023699lf9KcV', '2015-01-07 02:21:23', NULL, '1'),
(260, 96, '223694WrY2aV', '2015-01-06 23:46:13', NULL, '1'),
(261, 8, '97777lug1Len', '2015-01-06 23:58:34', '2015-01-06 23:58:34', '0'),
(262, 122, '77777VxsnQHD', '2015-01-07 00:08:29', NULL, '1'),
(263, 104, '09999cfxGe4Q', '2015-01-07 01:34:13', NULL, '1'),
(264, 1, 'gDg2fAj1nJx9', '2015-01-07 19:35:03', NULL, '1'),
(265, 58, '79999yrNBOaM', '2015-01-07 18:44:05', NULL, '1'),
(266, 78, '49115r6PUL7E', '2015-01-07 18:48:36', NULL, '1'),
(267, 44, '39115O2QLYr5', '2015-01-07 19:35:37', NULL, '1'),
(268, 127, '46553YbffjnD', '2015-01-07 19:38:07', NULL, '1'),
(269, 93, '355558icupXI', '2015-01-07 21:21:51', NULL, '1'),
(270, 7, '77777ZEHDTnN', '2015-01-07 23:47:53', NULL, '1'),
(271, 1, 'mIq8nSs9oMu3', '2015-01-09 03:07:50', NULL, '1'),
(272, 31, '47777uMuWZmD', '2015-01-08 18:48:00', NULL, '1'),
(273, 8, '97777qb8b3XR', '2015-01-08 19:03:14', NULL, '1'),
(274, 95, '023691dhTXPC', '2015-01-09 03:16:04', NULL, '1'),
(275, 92, '25555ESorRTg', '2015-01-09 04:04:03', NULL, '1'),
(276, 7, '77777Y69U5av', '2015-01-12 03:32:32', NULL, '1'),
(277, 31, '47777wEP0suq', '2015-01-11 21:21:41', NULL, '1'),
(278, 92, '25555n2scv0o', '2015-01-11 21:33:42', NULL, '1'),
(279, 1, 'rCx2pOa3kHl2', '2015-01-12 17:59:35', NULL, '1'),
(280, 8, '97777Mb7gNyp', '2015-01-11 22:06:50', NULL, '1'),
(281, 41, 'zGf8xMq3kQi6', '2015-01-12 00:49:18', '2015-01-12 00:51:12', '0'),
(282, 6, 'rAh2rQg8lYu3', '2015-01-12 00:51:18', NULL, '1'),
(283, 15, '07777iQoK5Ze', '2015-01-12 18:12:52', '2015-01-12 18:15:31', '0'),
(284, 15, '07777OxIghFB', '2015-01-12 18:41:28', '2015-01-12 19:20:00', '0'),
(285, 7, '77777M8lAkSn', '2015-01-13 01:54:06', NULL, '1'),
(286, 1, 'uYs5oIz3tJb8', '2015-01-13 00:59:35', NULL, '1'),
(287, 31, '47777CuZ2dmQ', '2015-01-12 19:21:41', '2015-01-12 19:27:13', '0'),
(288, 8, '977777uEVuK7', '2015-01-12 21:34:04', '2015-01-12 22:28:35', '0'),
(289, 6, 'iLa0yKo9zPy2', '2015-01-12 21:37:14', NULL, '1'),
(290, 21, '60999Et9r8fI', '2015-01-12 22:30:57', '2015-01-12 22:32:19', '0'),
(291, 122, '77777WME7f5T', '2015-01-12 22:34:11', '2015-01-12 22:42:43', '0'),
(292, 89, '16666vqvQj8H', '2015-01-12 22:43:51', '2015-01-12 22:44:01', '0'),
(293, 58, '79999y1trLbl', '2015-01-12 22:45:42', '2015-01-13 01:01:12', '0'),
(294, 1, 'yVo1wDc2qAg4', '2015-01-14 03:22:45', '2015-01-14 03:43:50', '0'),
(295, 31, '47777Qehxwgt', '2015-01-13 19:17:48', NULL, '1'),
(296, 15, '07777YopLRPQ', '2015-01-13 19:45:21', NULL, '1'),
(297, 7, '77777y1re5uj', '2015-01-13 21:59:35', NULL, '1'),
(298, 92, '25555QSjfAyI', '2015-01-13 23:34:10', NULL, '1'),
(299, 6, 'oBa7hSa3vRe8', '2015-01-14 03:43:52', NULL, '1'),
(300, 8, '97777feOdAMt', '2015-01-14 02:45:18', NULL, '1'),
(301, 89, '16666HPpdk6t', '2015-01-14 03:28:00', NULL, '1'),
(302, 1, 'hQf8xCh7gUn7', '2015-01-19 03:52:10', '2015-01-19 03:52:24', '0'),
(303, 6, 'uYo4sYd6tIh5', '2015-01-19 03:52:26', NULL, '1'),
(304, 92, '255554EK5Ymb', '2015-01-19 02:42:17', NULL, '1'),
(305, 12, 'lCr8qNo7qNu0', '2015-01-19 02:50:16', '2015-01-19 02:50:56', '0'),
(306, 98, '65555Y4PlL1Z', '2015-01-19 03:33:12', NULL, '1'),
(307, 7, '777775FcoHf4', '2015-01-19 04:05:47', NULL, '1'),
(308, 1, 'nBz2hOi4yRr5', '2015-01-20 03:03:55', NULL, '1'),
(309, 6, 'hYy1hEa0cZe2', '2015-01-20 02:29:36', NULL, '1'),
(310, 98, '65555reH1Akx', '2015-01-20 02:32:30', NULL, '1'),
(311, 1, 'fJz6aHf3rJv6', '2015-02-10 02:24:31', NULL, '1'),
(312, 103, 'fWi7hJm2aKf3', '2015-02-10 02:21:33', '2015-02-10 02:24:27', '0'),
(313, 7, '77777MjC5Al9', '2015-02-09 20:27:49', '2015-02-09 20:27:49', '0'),
(314, 6, 'eRy9fRk3qHu9', '2015-02-10 04:13:02', '2015-02-10 04:15:06', '0'),
(315, 8, '97777eOitI4k', '2015-02-09 22:57:56', NULL, '1'),
(316, 6, 'uGk6eMu2yEg9', '2015-02-11 18:15:00', '2015-02-11 18:15:58', '0'),
(317, 7, '77777OJWQStm', '2015-02-10 19:56:45', NULL, '1'),
(318, 104, '09999D1t9DcU', '2015-02-11 03:30:55', NULL, '1'),
(319, 1, 'cKk0zBf3zFe5', '2015-02-11 00:52:31', '2015-02-11 00:54:42', '0'),
(320, 103, 'jHa5kEi3kKe5', '2015-02-11 04:05:54', '2015-02-11 04:05:58', '0'),
(321, 74, '00999R4wtwq2', '2015-02-10 22:44:14', '2015-02-10 22:44:14', '0'),
(322, 8, '97777pISUky4', '2015-02-11 03:51:39', NULL, '1'),
(323, 103, 'zYh8aOs2aOk2', '2015-02-11 22:52:51', '2015-02-11 22:53:05', '0'),
(324, 8, '97777Es9Wr4Z', '2015-02-12 18:26:03', NULL, '1'),
(325, 7, '77777GCv97IS', '2015-02-12 03:09:50', '2015-02-12 03:36:23', '0'),
(326, 1, 'rOm7hIe1uOj9', '2015-02-12 17:57:11', NULL, '1'),
(327, 31, '47777EbLPGp9', '2015-02-12 18:21:24', '2015-02-12 18:25:16', '0'),
(328, 15, '077776SYiTjJ', '2015-02-12 03:45:44', '2015-02-12 03:51:34', '0'),
(329, 38, '17777S0Tfh0x', '2015-02-12 03:52:35', NULL, '1'),
(330, 30, 'dId3mLw3pIs5', '2015-02-12 18:11:19', '2015-02-12 18:12:16', '0'),
(331, 8, '977772l8ZUmo', '2015-02-12 18:31:24', '2015-02-12 19:22:25', '0'),
(332, 7, '777772aKL7As', '2015-02-12 19:27:17', '2015-02-12 19:33:44', '0'),
(333, 6, 'sZr9jSg7jKp5', '2015-02-18 13:31:17', '2015-02-18 13:31:35', '0'),
(334, 1, 'hVd8gHe7oJs8', '2015-02-17 22:46:12', '2015-02-17 22:46:18', '0'),
(335, 8, '9777780fCUok', '2015-02-17 22:46:55', '2015-02-18 00:08:53', '0'),
(336, 7, '77777l0KCh9N', '2015-02-18 00:09:56', NULL, '1'),
(337, 6, 'rZe3pEa1wRr8', '2015-02-19 11:32:59', NULL, '1'),
(338, 1, 'fCe8gXs0mLz7', '2015-02-23 05:14:36', '2015-02-23 05:15:27', '0'),
(339, 130, 'iNt9wEt7wDu2', '2015-02-23 11:39:34', '2015-02-23 11:40:03', '0'),
(340, 6, 'aEx3qAq4tWf4', '2015-02-23 10:10:05', '2015-02-23 10:11:11', '0'),
(341, 130, 'oYk7jDs2rWb4', '2015-02-24 13:05:07', '2015-02-24 13:16:03', '0'),
(342, 1, 'jSj1cAc3rZt3', '2015-02-25 05:16:42', '2015-02-25 05:22:42', '0'),
(343, 130, 'jHs4cIv9kRx1', '2015-02-25 10:01:22', NULL, '1'),
(344, 130, 'tHa6zDe2cVb0', '2015-02-26 10:06:21', NULL, '1'),
(345, 1, 'iPb3pJt7dTo4', '2015-02-26 06:43:55', '2015-02-26 07:03:49', '0'),
(346, 130, 'fSz0jAc8hPz1', '2015-02-27 06:20:32', NULL, '1'),
(347, 130, 'zRh6fUn8hPs3', '2015-03-02 13:07:03', '2015-03-02 13:07:08', '0'),
(348, 1, 'oSr5zTr8uHo3', '2015-03-02 13:15:40', '2015-03-02 13:15:55', '0'),
(349, 6, 'lXa6jNc9pQv5', '2015-03-02 06:05:59', '2015-03-02 06:07:32', '0'),
(350, 1, 'cAd2iPa5hCe0', '2015-03-03 04:59:30', '2015-03-03 04:59:38', '0'),
(351, 1, 'bZw2cDf1vFr9', '2015-03-26 13:43:08', '2015-03-26 13:44:49', '0'),
(352, 1, 'iLm4uLt4zNs8', '2015-04-16 13:43:25', '2015-04-16 13:43:29', '0'),
(353, 1, 'zOr0eGk7cXr1', '2015-04-17 13:23:27', NULL, '1'),
(354, 1, 'rLb6zKg2zVa1', '2015-04-20 13:27:36', '2015-04-20 13:27:39', '0'),
(355, 1, 'qKg5bFw8oGh8', '2015-04-21 09:45:47', NULL, '1'),
(356, 1, 'fOp2sNv3mMl0', '2015-04-22 06:26:02', '2015-04-22 06:26:10', '0'),
(357, 1, 'gRb1vBl1fHm8', '2015-05-05 12:44:06', '2015-05-05 12:47:23', '0'),
(358, 1, 'iFe1iJg5vXx3', '2015-05-06 10:47:48', '2015-05-06 10:49:02', '0'),
(359, 1, 'jDt1mJn2gFv4', '2015-05-18 07:49:39', '2015-05-18 07:51:27', '0'),
(360, 1, 'sWn5mSc6hGx5', '0000-00-00 00:00:00', NULL, '1'),
(361, 1, 'oFj1hSf0jQw0', '0000-00-00 00:00:00', NULL, '1'),
(362, 1, 'dUf4vXh6eTo4', '0000-00-00 00:00:00', NULL, '1'),
(363, 1, 'hPb4wDj8gAn8', '0000-00-00 00:00:00', NULL, '1'),
(364, 1, 'dMq4wCt2tCq5', '0000-00-00 00:00:00', NULL, '1'),
(365, 1, 'rPz3fTd6jZg7', '0000-00-00 00:00:00', NULL, '1'),
(366, 1, 'wNq1gYj7xQc3', '0000-00-00 00:00:00', NULL, '1'),
(367, 1, 'aPi2qXl3sAq4', '0000-00-00 00:00:00', NULL, '1'),
(368, 1, 'rAm8sKr2oJr4', '0000-00-00 00:00:00', NULL, '1'),
(369, 1, 'jJi8tZb4yEd2', '0000-00-00 00:00:00', NULL, '1'),
(370, 1, 'mFq1jCt0kTo1', '0000-00-00 00:00:00', NULL, '1'),
(371, 1, 'zZo7dYb3yAn2', '0000-00-00 00:00:00', NULL, '1'),
(372, 1, 'hLp5wLg3fFt6', '0000-00-00 00:00:00', NULL, '1'),
(373, 1, 'rYe4rYj3mAo2', '0000-00-00 00:00:00', NULL, '1'),
(374, 1, 'zHk7pNb2lCo8', '0000-00-00 00:00:00', NULL, '1'),
(375, 1, 'sQn3jBy8bQq2', '0000-00-00 00:00:00', NULL, '1'),
(376, 1, 'kTo5bOp7eVm1', '0000-00-00 00:00:00', NULL, '1'),
(377, 1, 'sJk1lOd6pWa1', '0000-00-00 00:00:00', NULL, '1'),
(378, 1, 'wQy5kMl1cDp6', '0000-00-00 00:00:00', NULL, '1'),
(379, 1, 'pRe2qFw7tOs5', '0000-00-00 00:00:00', NULL, '1'),
(380, 1, 'vKv8gOy0eSe0', '0000-00-00 00:00:00', NULL, '1'),
(381, 1, 'pKn3mOv9kMz5', '0000-00-00 00:00:00', NULL, '1'),
(382, 1, 'nBq5pWk7yGb9', '0000-00-00 00:00:00', NULL, '1'),
(383, 1, 'rKz0bYk9oFu2', '0000-00-00 00:00:00', NULL, '1'),
(384, 1, 'xYl3aCi9lNz6', '0000-00-00 00:00:00', NULL, '1'),
(385, 1, 'dPx6pHj1jJh2', '0000-00-00 00:00:00', NULL, '1'),
(386, 1, 'wMb5aJa9cYe8', '0000-00-00 00:00:00', NULL, '1'),
(387, 1, 'bPb7oZe9yJr2', '0000-00-00 00:00:00', NULL, '1'),
(388, 1, 'mUh1sPo2dFn6', '0000-00-00 00:00:00', NULL, '1'),
(389, 1, 'zQs1hNp3hCj6', '0000-00-00 00:00:00', NULL, '1'),
(390, 1, 'nWg9bNo9aKp2', '0000-00-00 00:00:00', NULL, '1'),
(391, 1, 'zRy9sTl3qJf6', '0000-00-00 00:00:00', NULL, '1'),
(392, 1, 'gQs5yCn5tWw7', '0000-00-00 00:00:00', NULL, '1'),
(393, 1, 'dKu1mEc4yIx1', '0000-00-00 00:00:00', NULL, '1'),
(394, 1, 'cBa5dYa6gXf8', '0000-00-00 00:00:00', NULL, '1'),
(395, 1, 'hWr9pFe1uAs2', '0000-00-00 00:00:00', NULL, '1'),
(396, 1, 'gUt7oVu7tSr9', '0000-00-00 00:00:00', NULL, '1'),
(397, 1, 'mTa7xQq5tFu9', '0000-00-00 00:00:00', NULL, '1'),
(398, 1, 'bLu2eNd3jKk7', '0000-00-00 00:00:00', NULL, '1'),
(399, 1, 'tKr1sJs4hSq9', '0000-00-00 00:00:00', NULL, '1'),
(400, 1, 'dAh1kJe5hXv4', '0000-00-00 00:00:00', NULL, '1'),
(401, 1, 'mId6eOh4kNt9', '0000-00-00 00:00:00', NULL, '1'),
(402, 1, 'gBu6qBk0iAy4', '0000-00-00 00:00:00', NULL, '1'),
(403, 1, 'qLv6vRc9dYo9', '0000-00-00 00:00:00', NULL, '1'),
(404, 1, 'xRs1nEv0hIt3', '0000-00-00 00:00:00', NULL, '1');

-- --------------------------------------------------------

--
-- Table structure for table `user_details`
--

CREATE TABLE IF NOT EXISTS `user_details` (
`user_id` bigint(20) NOT NULL,
  `user_code` varchar(15) NOT NULL,
  `user_name` varchar(32) NOT NULL,
  `password` varchar(150) NOT NULL,
  `last_name` varchar(100) NOT NULL,
  `name` varchar(150) NOT NULL,
  `gender` char(1) NOT NULL,
  `date_of_birth` date NOT NULL,
  `marital_status` char(1) DEFAULT '',
  `blood_group` varchar(15) DEFAULT NULL,
  `date_of_anniversary` date DEFAULT NULL,
  `address` varchar(256) NOT NULL DEFAULT '',
  `city` varchar(50) DEFAULT NULL,
  `state` varchar(50) DEFAULT NULL,
  `district` varchar(50) DEFAULT NULL,
  `country` varchar(50) DEFAULT NULL,
  `pin_code` varchar(10) DEFAULT NULL,
  `role_id` bigint(20) NOT NULL,
  `photo_path` varchar(256) DEFAULT NULL,
  `primary_contact_no` varchar(15) NOT NULL DEFAULT '',
  `primary_email` varchar(150) NOT NULL,
  `secondary_contact_no` varchar(15) DEFAULT NULL,
  `secondary_email` varchar(150) DEFAULT NULL,
  `status` char(1) NOT NULL,
  `date_time` timestamp NOT NULL DEFAULT CURRENT_TIMESTAMP ON UPDATE CURRENT_TIMESTAMP,
  `imei_no` varchar(16) DEFAULT NULL,
  `office_phone` varchar(15) DEFAULT NULL,
  `nearest_police_station` varchar(150) DEFAULT NULL
) ENGINE=InnoDB  DEFAULT CHARSET=utf8 AUTO_INCREMENT=147 ;

--
-- Dumping data for table `user_details`
--

INSERT INTO `user_details` (`user_id`, `user_code`, `user_name`, `password`, `last_name`, `name`, `gender`, `date_of_birth`, `marital_status`, `blood_group`, `date_of_anniversary`, `address`, `city`, `state`, `district`, `country`, `pin_code`, `role_id`, `photo_path`, `primary_contact_no`, `primary_email`, `secondary_contact_no`, `secondary_email`, `status`, `date_time`, `imei_no`, `office_phone`, `nearest_police_station`) VALUES
(1, 'ADMS#nKESH*&H%o', 'jpmanne', 'KyZpBlONViEIek8YiOwIow==', 'Administrator', 'Super', 'M', '1979-07-01', '1', '2', '2008-04-29', 'Krithika Layout', 'Hyderabad', 'Rangareddy', 'Hyderabad', '1', '500081', 1, '', '9000143256', 'jayaprakash.manne@gmail.com', '', '', '1', '2014-09-17 06:47:03', '654321654320', '9000143256', ''),
(2, 'CBMIONY%ph@oYBP', 'ratanpandey', 'KyZpBlONViEIek8YiOwIow==', 'Pandey', 'Ratan', 'M', '1981-02-06', '1', '1', NULL, 'House: 11-1A/3, Mangalore', 'Mangalore', 'Karnataka', 'Dakshina Kannada', NULL, '575001', 2, NULL, '7777777701', 'pavanastechie@gmail.com', '', '', '1', '2015-06-17 09:53:19', NULL, '7777777701', NULL),
(3, 'RBMKJ8l@P#VHA2E', 'bhupalreddy', 'bTq0Wd66RuZ0HmCXtmbriA==', 'Reddy', 'Bhupal', 'M', '1982-05-04', '2', '2', NULL, 'House no: 10-12B/1', 'Bangalore', 'Karnataka', 'Bangalore Urban', NULL, '560002', 3, NULL, '7777777702', 'bhupalreddy@tracer.com', '', '', '1', '2014-10-07 04:54:59', NULL, '7777777702', NULL),
(4, 'ZBM!pvEcA520xy!', 'shivaramsagi', 'bTq0Wd66RuZ0HmCXtmbriA==', 'Sagi', 'ShivaRam', 'M', '1984-12-06', '3', '3', NULL, 'House no: 13B-102', 'Karkhana', 'Telangana', 'Secundrabad', NULL, '500081', 4, NULL, '7777777703', 'shivaramsagi@tracer.com', '', '', '1', '2014-10-07 04:54:59', NULL, '7777777703', NULL),
(5, 'ASM!1Mt$Ian*y$!', 'rajshekharg', 'bTq0Wd66RuZ0HmCXtmbriA==', 'G', 'Rajshekhar', 'M', '1985-08-15', '4', '1', NULL, 'House no: 12A-156/2', 'Karkhana', 'Karnataka', 'Secundrabad', NULL, '500082', 5, NULL, '7777777704', 'rajshekarg@tracer.com', '', '', '1', '2014-12-25 20:51:43', NULL, '7777777704', NULL),
(6, 'TSM$l$X#7*t#if0', 'srikantht', 'bTq0Wd66RuZ0HmCXtmbriA==', 'T', 'Srikanth', 'M', '1987-08-21', '5', '5', NULL, 'Flat no: 103, Krithika Layout', 'Madhapur', 'Telangana', 'Hyderabad', '1', '500081', 6, 'srikantht_1412691674135.jpg', '7777777706', 'srikantht@tracer.com', '', '', '1', '2014-10-07 04:54:56', '7777777111111111', '7777777705', 'Madhapur'),
(7, 'TSEaVH%Ej%N@$i8', 'gyaneshwara', 'uh4MoDifvbSQ/tcu0S3mRg==', 'A', 'Gyaneshwar', 'M', '1993-09-04', '4', '5', NULL, 'Madhapur', 'Madhapur', 'Telangana', 'Hyderabad', NULL, '500082', 7, 'gyaneshwara_1412691841065.jpg', '7777777708', 'gyaneshwara@tracer.com', '', '', '1', '2014-10-10 04:30:55', '9777777777799999', '7777777707', 'Madhapur'),
(8, 'TSENV3@3I%2B@vq', 'shafimd', 'uh4MoDifvbSQ/tcu0S3mRg==', 'Md', 'Shafi', 'M', '1993-08-21', '4', '4', NULL, 'Madhapur', 'Madhapur', 'Telangana', 'Hyderabad', NULL, '', 7, 'shafimd_1412692017873.jpg', '7777777710', 'shafimd@tracer.com', '', '', '1', '2014-10-10 04:30:58', '3215000000000000', '7777777709', 'Madhapur'),
(9, 'RBMs1$A02**oyS%', 'karthik', 'bTq0Wd66RuZ0HmCXtmbriA==', 'R', 'Karthik', 'M', '1991-11-22', '4', '2', NULL, 'Hyderabad', 'Hyderabad', 'Andhra Pradesh', 'RangaReddy', NULL, '500081', 3, NULL, '7777777001', 'karthik@rbm.com', '7777777001', 'karthik@rbm.com', '1', '2014-10-07 06:14:57', NULL, '7777777001', NULL),
(10, 'ZBM!f60N!2h&53%', 'kumar', 'bTq0Wd66RuZ0HmCXtmbriA==', 'Z', 'Kumar', 'M', '1992-04-03', '4', '3', NULL, 'P/no: 2', 'Hyderabad', 'Andhra Pradesh', 'RangaReddy', NULL, '500071', 4, NULL, '7777777002', 'kumar@zbm.com', '7777777002', 'kumar@zbm.com', '1', '2014-10-07 06:15:00', NULL, '7777777002', NULL),
(11, 'ASM#5ASV0qcrlt8', 'nilakanta', 'bTq0Wd66RuZ0HmCXtmbriA==', 'A', 'Nilakanta', 'M', '1993-08-26', '4', '4', NULL, 'H.no: 2-44', 'Hyderabad', 'Andhra Pradesh', 'RangaReddy', NULL, '500081', 5, NULL, '7777777003', 'nilakanta@asm.com', '7777777003', 'nilakanta@asm.com', '1', '2014-10-07 06:15:01', NULL, '7777777003', NULL),
(12, 'TSMe@D4#g5UOT#G', 'farooq', 'bTq0Wd66RuZ0HmCXtmbriA==', 'TL', 'Farooq', 'M', '1984-08-22', '1', '1', NULL, 'p.no:43-6-343', 'Hyderabad', 'Andhra Pradesh', 'RangaReddy', NULL, '500081', 6, NULL, '6666666001', 'farroq@tl.com', '6666666001', 'farroq@tl.com', '1', '2014-10-07 06:15:03', '4356373674576457', '7777777004', ''),
(13, 'TSEEVyHgy%C81&2', 'sairamrn', '7tMnDoJlte2F+tn4P8wY7Q==', 'RN', 'Sairam', 'M', '1993-08-01', '4', '3', NULL, '313, Hill Ridge Township', 'Hyderabad', 'Andhra Pradesh', 'Ranga Reddy', NULL, '500083', 7, NULL, '6666666002', 'sairam@tracer.com', '', 'sairam@gmail.com', '1', '2014-11-03 12:53:43', '4576348963863895', '7777770005', 'Hyderabad'),
(14, 'TSMup3e7fD1*%X*', 'basha', 'bTq0Wd66RuZ0HmCXtmbriA==', 'TL', 'Basha', 'M', '1984-05-17', '1', '3', NULL, 'p.no:44', 'Hyderabad', 'Andhra Pradesh', 'RangaReddy', NULL, '500071', 6, 'basha_1412694275823.jpg', '6666666003', 'basha@tl.com', '6666666003', 'basha@tl.com', '1', '2014-10-07 06:15:06', '9238742938472934', '7777777006', ''),
(15, 'TSE!#Thj&d34jkT', 'rajendraprasad', 'uh4MoDifvbSQ/tcu0S3mRg==', 'Prasad', 'Rajendra', 'M', '1993-08-27', '4', '3', NULL, 'Madhapur', 'Madhapur', 'Telangana', 'Hyderabad', NULL, '500081', 7, NULL, '7777777711', 'rajendraprasad@tracer.com', '', '', '1', '2014-10-10 04:31:01', '1320000111111111', '7777777710', 'Madhapur'),
(16, 'CBM5tc$42J8&6J&', 'circler1', 'bTq0Wd66RuZ0HmCXtmbriA==', 'Manager', 'Circle', 'M', '1983-08-01', '1', '5', NULL, 'House: 13-1A/3, MG Road, Bangalore', 'Banglore', 'Karnataka', 'Banglore', NULL, '570051', 2, NULL, '9999990001', 'circlemanager@tracer.com', '', 'circlemanager@gmail.com', '1', '2014-12-23 22:42:24', NULL, '9999990001', NULL),
(17, 'RBM$O!uTk@568Ln', 'rbmcircle', 'bTq0Wd66RuZ0HmCXtmbriA==', 'Manager', 'Region', 'M', '1983-08-01', '1', '5', NULL, 'H.no: 90/183-2B', 'Hyderabad', 'Andhra Pradesh', 'Hyderabad', NULL, '500012', 3, NULL, '9999990002', 'regionmanager@tracer.com', '', 'regionmanager@gmail.com', '1', '2014-12-23 22:42:26', NULL, '9999990002', NULL),
(18, 'ZBM$&lK3TwkT%%7', 'zbmcircle1', 'bTq0Wd66RuZ0HmCXtmbriA==', 'Manager', 'Zonee', 'M', '1986-08-01', '4', '4', NULL, 'House 13, Banjara Hills', 'Hyderabad', 'Andhra Pradesh', 'Hyderabad', NULL, '500054', 4, NULL, '9999990003', 'zonemanager@tracer.com', '', 'zonemanager@gmail.com', '1', '2014-12-23 22:42:27', NULL, '9999990003', NULL),
(19, 'ASMw04%pW7!OP7J', 'asmcircle1', 'bTq0Wd66RuZ0HmCXtmbriA==', 'Manager', 'Hubbb', 'M', '1991-05-22', '4', '2', NULL, 'g-4 Indu archade', 'Secundrabad', 'Andhra Pradesh', 'Secundrabad', NULL, '500083', 5, NULL, '9999990004', 'hub@manager.com', '', '', '1', '2014-12-23 22:42:28', NULL, '9999990004', NULL),
(20, 'TSM0TymR2$6*3f$', 'tlcirlcle1', 'bTq0Wd66RuZ0HmCXtmbriA==', 'Leader', 'Teamm', 'M', '1986-01-25', '4', '1', NULL, 'Hyderabad', 'Hyderabad', 'Andhra Pradesh', 'Hyderabad', NULL, '500088', 6, NULL, '9696969690', 'teamleader@tracer.com', '', 'teamleader@gmail.com', '1', '2014-12-23 22:42:29', '4575675757657567', '9999990005', 'Hyderabad'),
(21, 'TSE$X4R0J5uVu25', 'rncircle1', 'bTq0Wd66RuZ0HmCXtmbriA==', 'R', 'Runner', 'M', '1982-06-17', '4', '1', NULL, 'H.no: 3\\4\\sd', 'Hyderabad', 'Telangana', 'RangaReddy', NULL, '500081', 7, 'rncircle1_1412773932025.jpg', '9696969691', 'runner@r.com', '', '', '1', '2014-12-23 22:42:30', '4576348963863895', '9999990006', ''),
(22, 'CBM77J$Sr05@0lM', 'testcirclemanager', 'bTq0Wd66RuZ0HmCXtmbriA==', 'Manager', 'TestCircle', 'M', '1996-10-07', '1', '2', NULL, 'Test Address', 'test city', 'Telangana', 'District test', NULL, '500081', 2, NULL, '9666666661', 'testcirclemanager@tracer.com', '', '', '1', '2014-12-23 22:42:31', NULL, '9666666661', NULL),
(23, 'RBMp!KQtI!r0N*8', 'testregionmanager', 'bTq0Wd66RuZ0HmCXtmbriA==', 'Manager', 'TestRegion', 'M', '1996-10-01', '4', '5', NULL, 'test address 2', 'test city', 'Telangana', 'hyderabad', NULL, '500084', 3, NULL, '9666666662', 'testregionmanager@tracer.com', '', '', '0', '2014-12-23 22:42:32', NULL, '9666666662', NULL),
(24, 'ZBMd1*YOfh%2uH0', 'testzonemanager', 'bTq0Wd66RuZ0HmCXtmbriA==', 'Manager', 'TestZone', 'M', '1996-10-07', '0', '', NULL, 'hyderabadf', 'hyderbad', 'Andhra Pradesh', 'hyderabad', NULL, '500081', 4, NULL, '9666666663', 'testzonemanager@tracer.com', '', '', '1', '2014-12-23 22:42:33', NULL, '9666666663', NULL),
(25, 'ASMcP0i1X%7se7I', 'testasm', 'bTq0Wd66RuZ0HmCXtmbriA==', 'Manager', 'TestASM', 'M', '1996-10-01', '0', '4', NULL, 'hyderabad', 'hyderbad', 'Andhra Pradesh', 'hyderabad', NULL, '500081', 5, NULL, '9666666664', 'testhubmanager@tracer.com', '', '', '1', '2014-12-23 22:42:35', NULL, '9666666664', NULL),
(26, 'TSMDJ3U5CD!bnM4', 'testtl', 'bTq0Wd66RuZ0HmCXtmbriA==', 'T', 'TestTL', 'M', '1996-04-02', '4', '', NULL, 'hyderabad', 'hyderbad', 'Andhra Pradesh', '', NULL, '500081', 6, NULL, '9666666666', 'testtl@tracer.com', '', '', '1', '2014-12-23 22:42:37', '1245555555555555', '9666666665', 'hyderabad'),
(27, 'TSE80@wgo#7dW#w', 'testrunner', 'bTq0Wd66RuZ0HmCXtmbriA==', 'TSE', 'TestRunner', 'M', '1996-10-07', '5', '2', NULL, 'hyderabad', 'hyderbad', 'Andhra Pradesh', 'hyderabad', NULL, '500081', 7, NULL, '9666666668', 'testrunner@tracer.com', '', '', '1', '2014-12-23 22:42:47', '1245555555555556', '9666666667', 'hyderabad'),
(28, 'CBM!Md@h50WeR@k', 'aparna', 'bTq0Wd66RuZ0HmCXtmbriA==', 'c', 'aparna', 'F', '1996-10-12', '0', '4', NULL, 'sci group, madhapur, hyderabad', '', 'Andhra Pradesh', '', NULL, '', 2, NULL, '9652055250', 'aparna_aps@gmail.com', '', '', '1', '2014-12-25 21:10:34', NULL, '9652055250', NULL),
(29, 'RBMVBUU&A7!66F#', 'testmanager', 'bTq0Wd66RuZ0HmCXtmbriA==', 'chitta', 'aparna', 'F', '1996-10-12', '0', '4', NULL, 'sci group, hyderabad, India', 'hyderabad', 'Telangana', 'Hyderabad', NULL, '500044', 3, NULL, '8332885230', 'chitta.aparna@gmail.com', '', '', '1', '2014-10-30 04:39:31', NULL, '8332885230', NULL),
(30, 'TSM27F%*R0I$8%Q', 'vidyasagard', 'bTq0Wd66RuZ0HmCXtmbriA==', 'D', 'VidyaSagar', 'M', '1989-10-05', '4', '2', NULL, 'Hyderabad', 'Hyderabad', 'Telangana', 'Hyderabad', NULL, '500081', 6, NULL, '7777777713', 'vidyasagard@tracer.com', '', '', '1', '2014-11-12 23:09:21', '4512444444444444', '7777777712', 'Madhapur'),
(31, 'TSE1bWoS&%E5*h*', 'vinayk', 'bTq0Wd66RuZ0HmCXtmbriA==', 'K', 'Vinay', 'M', '1992-10-17', '4', '1', NULL, 'Madhapur', 'Hyderabad', 'Telangana', 'Hyderabad', NULL, '500081', 7, NULL, '7777777715', 'vinayk@tracer.com', '', '', '1', '2014-12-23 22:42:49', '5127111111111111', '7777777714', 'Madhapur'),
(32, 'CBM2U@$71WY@!7a', 'shanmugama', 'bTq0Wd66RuZ0HmCXtmbriA==', 'A', 'Shanmugam', 'M', '1981-07-30', '1', '1', NULL, 'H No-13B, AnnaNagar', 'Chennai', 'Tamil Nadu', 'Chennai', NULL, '600013', 2, NULL, '7666666601', 'shanmugama_shanmugama*@tracer.com', '7666666001', 'shanmugama@gmail.com', '1', '2014-12-23 22:42:52', NULL, '7666666601', NULL),
(33, 'RBM*7O!Hg%62qmG', 'rajaramanr', 'bTq0Wd66RuZ0HmCXtmbriA==', 'R', 'RajaRaman', 'M', '1983-03-15', '1', '5', NULL, 'House No 14B, Tambaram', 'Tambaram', 'Tamil Nadu', 'Chennai', NULL, '600118', 3, NULL, '7666666602', 'rajaramanr@tracer.com', '7666666002', 'rajaramanr@gmail.com', '1', '2014-12-23 22:42:54', NULL, '7666666602', NULL),
(34, 'ZBMc02&4t&jj0qE', 'venkateshp', 'bTq0Wd66RuZ0HmCXtmbriA==', 'P', 'Venkatesh', 'M', '1990-11-01', '1', '1', NULL, 'House 202, Tambaram', 'Chennai', 'Tamil Nadu', 'Chennai', NULL, '600108', 4, NULL, '7666666603', 'venkateshp@tracer.com', '7666666003', 'venkateshp@gmail.com', '1', '2014-12-23 22:42:56', NULL, '7666666603', NULL),
(35, 'ASM363Vi*HJHJ!4', 'sathishp', 'bTq0Wd66RuZ0HmCXtmbriA==', 'P', 'Sathish', 'F', '1985-04-01', '4', '4', NULL, 'G-2 indu Archade', 'Chennai', 'Tamil Nadu', 'Chennai', NULL, '600013', 5, NULL, '7666666604', 'sathishp@tracer.com', '7666666004', 'sathishp@gmail.com', '1', '2014-12-23 22:42:57', NULL, '7666666604', NULL),
(36, 'TSM@&x3bENi!E5d', 'prakashg', 'bTq0Wd66RuZ0HmCXtmbriA==', 'G', 'Prakash', 'M', '1996-10-01', '0', '', NULL, 'House No. 102, MG road', 'AnnaNagar', 'Andhra Pradesh', 'Chennai', NULL, '600018', 6, NULL, '7777666005', 'prakashg@tracer.com', '', 'prakashg@gmail.com', '1', '2014-12-23 22:42:58', '5555000000000635', '7666666606', 'AnnaNagar'),
(37, 'TSE@0y&N@7*kj2C', 'suresht', 'bTq0Wd66RuZ0HmCXtmbriA==', 'T', 'Suresh', 'M', '1991-08-01', '4', '4', NULL, 'Raj Bhavan Road,1-435', 'T Nagar', 'Andhra Pradesh', 'Chennai', NULL, '600003', 7, NULL, '7666666008', 'satishp@tracer.com', '7777666008', '', '1', '2014-12-23 22:42:59', '4444200000000009', '7666666608', 'T. Nagar'),
(38, 'TSEDT!K53!%!*xM', 'testuser', 'bTq0Wd66RuZ0HmCXtmbriA==', 'Runner', 'Testuser', 'M', '1996-02-07', '0', '1', NULL, 'Testaddress', 'Hyderabad', 'Andhra Pradesh', 'RangaReddi', NULL, '500089', 7, NULL, '9999900013', 'testuser@tracer.com', '', '', '1', '2014-12-23 22:43:00', '3453453476576596', '7777777711', ''),
(39, 'CBMq3Dk@&Y80#Ns', 'aparna1', 'bTq0Wd66RuZ0HmCXtmbriA==', 'chitta', 'aparna', 'M', '1996-10-20', '0', '', NULL, 'hyderbad, telangana india', '', 'Andhra Pradesh', '', NULL, '', 2, NULL, '8332885250', 'chitta.aparna@gmail.com', '', '', '1', '2014-12-23 22:43:02', NULL, '8332885250', NULL),
(40, 'ZBM7fLUjkf866k6', 'testmanager2', 'bTq0Wd66RuZ0HmCXtmbriA==', 'GHIJKL', 'ABCDEF', 'M', '1996-10-20', '0', '', NULL, 'hyderbad, telangana india', 'hyderabad', 'Andhra Pradesh', '', NULL, '500044', 4, NULL, '8332885454', 'chitta.aparna@gmail.com', '', '', '1', '2014-11-19 06:59:33', NULL, '8332885454', NULL),
(41, 'ASMC!f8iI251Xg3', 'testmanager1', 'bTq0Wd66RuZ0HmCXtmbriA==', 'ABCDEF', 'UWXYZ', 'M', '1996-10-20', '0', '', NULL, 'hyderbad, telangana india', 'hyderabad', 'Andhra Pradesh', '', NULL, '500044', 5, NULL, '8334567892', 'chitta.aparna@gmail.com', '', '', '1', '2014-10-30 04:39:53', NULL, '8334567892', NULL),
(42, 'CBM&TCMA!&UaBrK', 'mngrtest1', 'bTq0Wd66RuZ0HmCXtmbriA==', 'Test', 'Manager', 'M', '1986-10-16', '0', '', NULL, 'Test address', 'Test', 'Telangana', 'Test', NULL, '500081', 2, NULL, '3333333333', 'testmanager1@tracer.com', '', '', '1', '2014-12-23 22:43:06', NULL, '3333333333', NULL),
(43, 'TSMh05Gs%*L41%d', 'testmanager4', 'bTq0Wd66RuZ0HmCXtmbriA==', 'C', 'owner', 'M', '1996-10-22', '0', '', NULL, 'hyderbad, telangana india', 'hyderabad', 'Andhra Pradesh', '', NULL, '500044', 6, NULL, '9949999597', 'chitta.aparna@gmail.com', '', '', '1', '2014-12-23 22:43:07', '1233456789022222', '5712189238', ''),
(44, 'TSE7R1o35ok10b#', 'testmanager5', 'Xw4WxrRNAwfz7lmIXGqxYg==', 'ABCDEF', 'ABCDEF', 'M', '1996-10-22', '0', '', NULL, 'hyderbad, telangana india', 'hyderabad', 'Andhra Pradesh', '', NULL, '500044', 7, 'testmanager5_1419576380135.jpeg', '8332885250', 'chitta.aparna@gmail.com', '', '', '1', '2014-12-25 20:16:20', '1111111111111111', '0571218923', ''),
(45, 'TSE%8pyq5HROxYY', 'ravindra', 'bTq0Wd66RuZ0HmCXtmbriA==', 'C', 'ravindra', 'M', '1996-10-22', '0', '', NULL, 'hyderbad, telangana india', 'hyderabad', 'Telangana', '', NULL, '500044', 7, NULL, '8332885250', 'chitta.aparna@gmail.com', '', '', '1', '2014-12-23 22:43:11', '1111111111111111', '0571218921', ''),
(46, 'CBM*KbR64aS&6w7', 'jayanth', 'bTq0Wd66RuZ0HmCXtmbriA==', 'GHIJKL', 'ABCDEF', 'M', '1996-10-08', '0', '', NULL, 'hyderbad, telangana india', 'hyderabad', 'Andhra Pradesh', '', NULL, '500044', 2, NULL, '8334567891', 'chitta.aparna@gmail.com', '', '', '1', '2014-12-23 22:43:12', NULL, '8334567891', NULL),
(47, 'RBM*KTN$DYps#Ng', 'richa', 'bTq0Wd66RuZ0HmCXtmbriA==', 'C', 'laxman', 'M', '1996-10-22', '0', '', NULL, 'hyderbad, telangana india', 'hyderabad', 'Andhra Pradesh', '', NULL, '500044', 3, NULL, '8332885453', 'chitta.aparna@gmail.com', '', '', '1', '2014-12-23 22:43:14', NULL, '8332885453', NULL),
(48, 'ZBMUqUN*!Cqg8F#', 'vallabh', 'bTq0Wd66RuZ0HmCXtmbriA==', 't', 'vikas', 'M', '1996-10-15', '0', '', NULL, 'hyderbad, telangana india', 'hyderabad', 'Andhra Pradesh', '', NULL, '500044', 4, NULL, '8332885235', 'chitta.aparna@gmail.com', '', '', '1', '2014-10-30 04:39:34', NULL, '8332885235', NULL),
(49, 'ASM!5#Q!j#*K8TT', 'vaibhav', 'bTq0Wd66RuZ0HmCXtmbriA==', 's', 'vishnu', 'M', '1996-10-22', '0', '', NULL, 'hyderbad, telangana india', 'hyderabad', 'Andhra Pradesh', '', NULL, '500044', 5, NULL, '8332885450', 'chitta.aparna@gmail.com', '', '', '1', '2014-12-23 22:43:16', NULL, '8332885450', NULL),
(50, 'TSMX$u5WAX1vSQi', 'vikas', 'bTq0Wd66RuZ0HmCXtmbriA==', 'v', 'krishna', 'M', '1996-10-01', '0', '', NULL, 'hyderbad, telangana india', 'hyderabad', 'Andhra Pradesh', '', NULL, '500044', 6, NULL, '8332885239', 'chitta.aparna@gmail.com', '', '', '1', '2014-10-30 04:39:56', '1233456789022222', '0571218928', ''),
(51, 'CBMSSQ@W8oEqF%h', 'ratan1', 'i2CiygJIy/ectkJ1zHmH+Q==', 'c', 'ratan', 'M', '1996-10-30', '0', '', NULL, 'hyderbad, telangana india', 'hyderabad', 'Andhra Pradesh', '', NULL, '500044', 2, NULL, '8332885255', 'chitta.aparna@gmail.com', '', '', '1', '2014-10-30 13:17:08', NULL, '8332885255', NULL),
(52, 'CBM*Ls8O473%@K$', 'sciibmuser1', 'BfHZU4tCHDyW7Zjli+bMcw==', 'asgasdg', 'asdfasdfg', 'M', '1980-05-22', '0', '', NULL, 'hjklp', '', 'Andhra Pradesh', '', NULL, '', 2, NULL, '1231243142', '3423@tracer.com', '', '', '1', '2014-12-23 01:57:32', NULL, '1231243142', NULL),
(53, 'CBM%@1tHc$t$#8T', 'scicbmuser1', '/VT2TA2c+l9ulMBFdPYsaw==', 'UserOne', 'SciCBM', 'M', '1981-07-30', '1', '1', NULL, 'H No-13B, AnnaNagar', 'Hyderabad', 'Telangana', 'Hyderabad', NULL, '500069', 2, NULL, '9999999901', 'scicbmuser1@tracer.com', '', 'scicbmuser1@gmail.com', '1', '2014-11-04 03:21:28', NULL, '9999999901', NULL),
(54, 'RBM7I&05rLw*@5c', 'scirbmuser1', 'wk9/bPxmQ0GQ2JD4/yzLzA==', 'UserOne', 'SciRBM', 'M', '1983-03-15', '1', '5', NULL, 'House No 14B, Tambaram', 'Hyderabad', 'Telangana', 'Hyderabad', NULL, '500118', 3, NULL, '9999999902', 'scirbmuser1@tracer.com', '', 'scirbmuser1@gmail.com', '1', '2014-11-04 03:21:40', NULL, '9999999902', NULL),
(55, 'ZBMTpJ2%0Ew@*2Q', 'scizbmuser1', 'Es3vxxS3krTQYSV88adNCA==', 'UserOne', 'SciZBM', 'M', '1990-11-01', '1', '1', NULL, 'House 202, Tambaram', 'Hyderabad', 'Telangana', 'Hyderabad', NULL, '500108', 4, NULL, '9999999903', 'scizbmuser1@tracer.com', '', 'scizbmuser1@gmail.com', '1', '2014-11-04 03:21:51', NULL, '9999999903', NULL),
(56, 'ASM&*p@OX$B*b$r', 'sciasmuser1', 'ceVCG973OCvI/Tu7HQoPdw==', 'UserOne', 'SciASM', 'F', '1985-04-01', '4', '4', NULL, 'G-2 indu Archade', 'Hyderabad', 'Telangana', 'Hyderabad', NULL, '500013', 5, NULL, '9999999904', 'sciasmuser1@tracer.com', '', 'sciasmuser1@gmail.com', '1', '2014-11-04 03:22:06', NULL, '9999999904', NULL),
(57, 'TSM$Ilc&@8a2q@4', 'scitsmuser1', 'bTq0Wd66RuZ0HmCXtmbriA==', 'UserOne', 'SciTSM', 'M', '1996-11-01', '0', '', NULL, 'House No. 102, MG road', 'Hyderabad', 'Andhra Pradesh', 'Hyderabad', NULL, '500018', 6, NULL, '9999999906', 'scitsmmuser1@tracer.com', '', 'scitsmmuser1@gmail.com', '1', '2014-11-04 03:40:30', '0255000000000635', '9999999905', 'Hyderabad'),
(58, 'TSEL*S3tM02g88W', 'scitseuser1', 'Xw4WxrRNAwfz7lmIXGqxYg==', 'UserOne', 'SciTSE', 'M', '1991-08-01', '4', '4', NULL, 'Raj Bhavan Road,1-435', 'Hyderabad', 'Andhra Pradesh', 'Hyderabad', NULL, '500003', 7, NULL, '9999999908', 'scitseuser1@tracer.com', '', 'scitseuser1@gmail.com', '1', '2014-11-04 03:22:35', '2044200000000009', '9999999907', 'Hyderabad'),
(59, 'TSEhQq!I7L*h14P', 'naresh', 'EL/hvZiw88OeIwytND2eWw==', 'v', 'naresh', 'M', '1996-11-06', '0', '', NULL, 'hyderbad, telangana india', 'hyderabad', 'Andhra Pradesh', '', NULL, '500044', 7, NULL, '8332885239', 'chitta.aparna@gmail.com', '', '', '1', '2014-11-06 13:59:15', '1111111111111111', '5637826429', ''),
(60, 'TSEFg!#Ma68$C7#', 'vishnu', 'EL/hvZiw88PzRpyqyxuJxQ==', 't', 'vishnu', 'M', '1996-11-06', '0', '', NULL, 'hyderbad, telangana india', 'hyderabad', 'Andhra Pradesh', '', NULL, '500044', 7, NULL, '8332885456', 'chitta.aparna@gmail.com', '', '', '1', '2014-11-06 14:02:27', '1111111111111111', '9845568989', ''),
(61, 'CBMO!7#jEc720!U', 'vallabh1', '9CPMdZ/nJHBghJdeLxDmng==', 'v', 'vallabh', 'M', '1996-10-22', '0', '', NULL, 'hyderbad, telangana india', 'hyderabad', 'Andhra Pradesh', '', NULL, '500081', 2, NULL, '9949999590', 'chitta.aparna@gmail.com', '', '', '1', '2014-11-06 14:11:41', NULL, '9949999590', NULL),
(62, 'RBM%64O8*&f1rNc', 'vijay', 'fN2lMgNlGDSclQWDbopRgA==', 'p', 'vishnu', 'M', '1996-11-05', '0', '', NULL, 'hyderbad, telangana india', 'hyderabad', 'Andhra Pradesh', '', NULL, '500081', 3, NULL, '9000143252', 'chitta.aparna@gmail.com', '', '', '1', '2014-11-06 14:12:57', NULL, '9000143252', NULL),
(63, 'ZBM@F%6E@Op!hIA', 'ravindra2', '4whdSqgIub7L/TlQ1Lp2Hw==', 'p', 'vijay ravindra', 'M', '1996-11-04', '0', '', NULL, 'hyderbad, telangana india', 'hyderabad', 'Andhra Pradesh', '', NULL, '500081', 4, NULL, '9949999592', 'chitta.aparna@gmail.com', '', '', '1', '2014-11-06 14:14:15', NULL, '9949999592', NULL),
(64, 'ASM8#SfKC5JsMse', 'srinivas', 'YZxSiNVfWPuVqq1lG2lgSA==', 'v', 'vidyasagar', 'M', '1979-07-01', '0', '', NULL, 'hyderbad, telangana india', 'hyderabad', 'Andhra Pradesh', '', NULL, '500081', 5, NULL, '9000143255', 'chitta.aparna@gmail.com', '', '', '1', '2014-11-06 14:16:02', NULL, '9000143255', NULL),
(65, 'TSM@Oa41Kw8JI4#', 'johnw', 'hkU/vf/AvbPM1FNjGNFilg==', 't', 'Gilli', 'M', '1996-11-04', '0', '', NULL, 'hyderbad, telangana india', 'hyderabad', 'Andhra Pradesh', '', NULL, '221026', 6, NULL, '8332885239', 'chitta.aparna@gmail.com', '', '', '1', '2014-11-06 14:28:14', '1233456789022222', '1234567890', ''),
(66, 'TSMkJty6o5b$8B7', 'ananth', 'foZkdJsC0yb+0De6sLjwXQ==', 'k', 'ananth', 'M', '1996-11-05', '0', '', NULL, 'hyderbad, telangana india', 'hyderabad', 'Andhra Pradesh', '', NULL, '221026', 6, NULL, '8332885456', 'chitta.aparna@gmail.com', '', '', '1', '2014-11-06 14:29:50', '1233456789022222', '1288074681', ''),
(67, 'TSM2b2@COs#@!06', 'vishvas', 'j7lRXqr0bJyTQzlDGtYnQg==', 'v', 'kiran', 'M', '1996-11-04', '0', '', NULL, 'hyderbad, telangana india', 'hyderabad', 'Andhra Pradesh', '', NULL, '201484', 6, NULL, '8332885239', 'chitta.aparna@gmail.com', '', '', '1', '2014-11-06 14:40:55', '6543216543212345', '0571267895', ''),
(68, 'TSEwqUDb1M#h7bi', 'ramana', 'EL/hvZiw88OeIwytND2eWw==', 'v', 'ramana', 'M', '1996-11-06', '0', '', NULL, 'hyderbad, telangana india', '', 'Andhra Pradesh', '', NULL, '', 7, NULL, '8332885250', 'chitta.aparna@gmail.com', '', '', '1', '2014-11-06 14:43:41', '1233456789022222', '5712185567', ''),
(69, 'TSElm%11!o!R$%h', 'tarakarama', 'lmKLOuy+zpvbeoJRoR5MKA==', 'g', 'tarakram', 'M', '1996-11-04', '0', '', NULL, 'hyderbad, telangana india', '', 'Andhra Pradesh', '', NULL, '', 7, NULL, '9949999597', 'chitta.aparna@gmail.com', '', '', '1', '2014-11-06 14:45:39', '1233456789022222', '0984556898', ''),
(70, 'TSER1dYOIs5X1Gt', 'tirupati', 'lmKLOuy+zpvbeoJRoR5MKA==', 'U', 'VAMSIKRISHNA', 'M', '1996-11-04', '0', '', NULL, 'hyderbad, telangana india', '', 'Andhra Pradesh', '', NULL, '', 7, NULL, '8332885230', 'chitta.aparna@gmail.com', '', '', '1', '2014-11-06 14:49:57', '6543216543244444', '9000143333', ''),
(71, 'TSE%p@1p@MF1leh', 'ramesh', 'lmKLOuy+zpvbeoJRoR5MKA==', 'mantha', 'ramesh', 'M', '1996-11-04', '0', '', NULL, 'hyderbad, telangana india', '', 'Andhra Pradesh', '', NULL, '', 7, NULL, '8332885230', 'chitta.aparna@gmail.com', '', '', '1', '2014-11-06 14:52:54', '6543216543233333', '0987654322', ''),
(72, 'CBMGee407*3KF6T', 'rathanpandey', 'wXt/vIUQ49XW4t76mXKGuA==', 'rathan', 'pandey', 'M', '1996-11-06', '0', '1', NULL, 'karkhana', 'karkhana', 'Andhra Pradesh', 'karkhana', NULL, '228844', 2, NULL, '9907797555', 'rpandy@corpone.com', '9907797555', 'rpandy@corpone.com', '1', '2014-11-11 02:52:14', NULL, '9907797555', NULL),
(73, 'CBM!KO#&ApTLVsU', 'rathanpande', 'uK7Yw3jZqeCiNe3tpnP/vg==', 'pande', 'rathan', 'M', '1996-11-06', '0', '5', NULL, 'karkahana', 'karkhana', 'Andhra Pradesh', 'karkhana', NULL, '552299', 2, NULL, '9907797554', 'rpandy@corpone.com', '9987678654', 'rpandy@corpone.com', '1', '2014-11-11 03:05:01', NULL, '9907797554', NULL),
(74, 'TSE$#EGvlWtD0GS', 'runtest', 'uh4MoDifvbSQ/tcu0S3mRg==', 'runnnnnnnnnnn', 'Testss', 'M', '1996-11-04', '0', '', NULL, 'agafgasg', 'gasfag', 'Andhra Pradesh', 'asfgasfga', NULL, '500054', 7, NULL, '2545454534', 'progo@gmsjf.gh', '', '', '1', '2014-11-12 07:22:58', '2453854585543545', '9999990000', ''),
(75, 'TSE%*%A1b6QIBp&', 'vishwanath', 'EL/hvZiw88ODReNPFPWnVw==', 'r', 'visweshwar', 'M', '1996-11-12', '0', '', NULL, 'hyderbad, telangana india', 'hyderabad', 'Andhra Pradesh', '', NULL, '201489', 7, NULL, '8332885250', 'chitta.aparna@gmail.com', '', '', '1', '2014-11-12 17:41:35', '1111111111111111', '0571218920', ''),
(76, 'TSEc3XjQ$oq25&m', 'vamsi', 'lmKLOuy+zpvbeoJRoR5MKA==', 't', 'VAMSIKRISHNA', 'M', '1996-11-12', '0', '', NULL, 'hyderbad, telangana india', '', 'Andhra Pradesh', '', NULL, '', 7, NULL, '8332885230', 'chitta.aparna@gmail.com', '', '', '1', '2014-11-12 17:43:22', '6543216543213333', '0571218922', ''),
(77, 'TSEV3m5HB$I!Bwo', 'kaushik', 'EL/hvZiw88OeIwytND2eWw==', 'k', 'pavan', 'M', '1996-11-12', '0', '', NULL, 'hyderbad, telangana india', '', 'Andhra Pradesh', '', NULL, '', 7, NULL, '8332885239', 'chitta.aparna@gmail.com', '', '', '1', '2014-11-12 17:47:48', '1111111111111111', '0571218929', ''),
(78, 'TSE!68BO$pUBK01', 'krishna', 'GXwf9cJBQLmPJSugET0yxQ==', 'v', 'ABCDEF', 'M', '1996-11-12', '0', '', NULL, 'hyderbad, telangana india', '', 'Andhra Pradesh', '', NULL, '', 7, NULL, '8332885250', 'chitta.aparna@gmail.com', '', '', '1', '2014-11-12 17:55:49', '1233456789022222', '0571218924', ''),
(79, 'RBMP%8sBo7@ok88', 'vikasp', 'SJ9Ftq8r6NYpLOpfvwuHKg==', 'y', 'vikasp', 'M', '1996-11-05', '0', '', NULL, 'hyderbad, telangana india', 'hyderabad', 'Andhra Pradesh', '', NULL, '221026', 3, NULL, '8332885259', 'chitta.aparna@gmail.com', '', '', '1', '2014-11-12 18:02:09', NULL, '8332885259', NULL),
(80, 'ZBMP#M36gn*35Ut', 'vishnuvardhan', 'Y0v6TVPjdZRSIGOB7LrUsw==', 'i', 'vishnuvardhan', 'M', '1996-11-12', '0', '', NULL, 'indiranagar, hyderabad', 'hyderabad', 'Andhra Pradesh', '', NULL, '221026', 4, NULL, '9949999594', 'chitta.aparna@gmail.com', '', '', '1', '2014-11-12 18:03:29', NULL, '9949999594', NULL),
(81, 'ASM%@08a0#$#xu*', 'surendra', 'tW2ONX9Q6nzecZL4xBHE3Q==', 'chitta', 'aparna', 'M', '1996-11-12', '0', '', NULL, '1601 spring gate drive,door no 1304', 'mclean', 'Andhra Pradesh', '', NULL, '221029', 5, NULL, '9949999591', 'chitta.aparna@gmail.com', '', '', '1', '2014-11-12 18:04:37', NULL, '9949999591', NULL),
(82, 'ASM1&4fPa66D3A5', 'pranav', 'mQQDu6j2XW+EKMc9/ac6aw==', 'q', 'pranav', 'M', '1996-11-12', '0', '', NULL, 'hyderbad, telangana india', 'hyderabad', 'Andhra Pradesh', '', NULL, '221026', 5, NULL, '8332885256', 'chitta.aparna@gmail.com', '', '', '1', '2014-11-12 18:05:27', NULL, '8332885256', NULL),
(83, 'TSMka@2kE$hVj4i', 'virat', 'roiXueIxysWbavlaE8HabQ==', 't', 'virat', 'M', '1996-11-12', '0', '', NULL, 'hyderbad, telangana india', 'hyderabad', 'Andhra Pradesh', '', NULL, '221026', 6, NULL, '8332885252', 'chitta.aparna@gmail.com', '', '', '1', '2014-11-12 18:06:32', '1111111111111111', '0571218925', ''),
(84, 'TSE&HlRL$BX0!&e', 'tinku', 'EL/hvZiw88OeIwytND2eWw==', 'g', 'tinku', 'M', '1996-11-12', '0', '', NULL, 'hyderbad, telangana india', '', 'Andhra Pradesh', '', NULL, '', 7, NULL, '8332885238', 'chitta.aparna@gmail.com', '', '', '1', '2014-11-12 18:08:11', '6543216543297799', '0123456780', ''),
(85, 'TSE*3vOl%0tI360', 'kundan', 'lmKLOuy+zpvbeoJRoR5MKA==', 'shah', 'kundan', 'M', '1996-11-05', '0', '', NULL, 'hyderbad, telangana india', '', 'Andhra Pradesh', '', NULL, '', 7, NULL, '8332885239', 'chitta.aparna@gmail.com', '', '', '1', '2014-11-12 18:19:51', '1233456789022222', '0571218934', ''),
(86, 'TSEsvV#03HgHg10', 'venkat', 'lmKLOuy+zpvbeoJRoR5MKA==', 'n', 'venkat', 'M', '1996-11-12', '0', '', NULL, 'hyderbad, telangana india', '', 'Andhra Pradesh', '', NULL, '', 7, NULL, '9949999599', 'chitta.aparna@gmail.com', '', '', '1', '2014-11-12 18:22:20', '1111111111111111', '0571213782', ''),
(87, 'TSE*3wT!b%V@uo&', 'tapan', 'GXwf9cJBQLmPJSugET0yxQ==', 'singhal', 'tapan', 'M', '1996-11-12', '0', '', NULL, 'hyderbad, telangana india', 'hyderabad', 'Andhra Pradesh', '', NULL, '221026', 7, NULL, '8332885254', 'chitta.aparna@gmail.com', '', '', '1', '2014-11-12 18:24:09', '1111111111111111', '0571218977', ''),
(88, 'TSE5!fLm4VX@!Id', 'kareem', 'lmKLOuy+zpvbeoJRoR5MKA==', 'j', 'kareem', 'M', '1996-11-06', '0', '', NULL, '1601 spring gate drive,door no 1304', '', 'Andhra Pradesh', '', NULL, '', 7, NULL, '8332885258', 'chitta.aparna@gmail.com', '', '', '1', '2014-11-12 18:30:51', '1233456789022222', '0571218955', ''),
(89, 'TSE66fFH2J5UKhH', 'runnertest1', 'Xw4WxrRNAwfz7lmIXGqxYg==', 'TestOne', 'Runner', 'M', '1996-11-05', '3', '2', NULL, 'Hyderabad', 'Hyderabad', 'Telangana', 'Hyderabad', NULL, '500081', 7, NULL, '6666666602', 'testrunner1@tracer.com', '', '', '1', '2014-11-13 23:33:50', '1245412120000000', '6666666601', 'Hyderabad'),
(90, 'TSE4P$P!n@C7FW0', 'testtttt', 'Xw4WxrRNAwfz7lmIXGqxYg==', 'Runnerrrrr', 'Testtt', 'M', '1996-11-05', '3', '2', NULL, 'Hyderabad', 'Hyderabad', 'Andhra Pradesh', '', NULL, '500081', 7, NULL, '5555555000', 'sdlfgh@sdjfkg.cwj', '', '', '1', '2014-11-14 02:26:58', '5234790562363047', '5555555500', ''),
(91, 'TSEo&w@Kwvtg1mT', 'testtttt1', 'Xw4WxrRNAwfz7lmIXGqxYg==', 'Runnerrrrr', 'Testttone', 'M', '1996-11-14', '2', '2', NULL, 'Hyderabad', 'Hyderabad', 'Andhra Pradesh', '', NULL, '500081', 7, NULL, '5555555001', 'sdfvg@asudf.csjab', '', '', '1', '2014-11-14 02:33:11', '3467346745784587', '5555555501', '\r\n'),
(92, 'TSE%05JidEq2@0E', 'testtttt2', 'Xw4WxrRNAwfz7lmIXGqxYg==', 'Runnerrrrr', 'Testtttwo', 'M', '1996-11-14', '2', '1', NULL, 'Hyderabad', 'Hyderabad', 'Andhra Pradesh', '', NULL, '500081', 7, NULL, '3435543543', 'qsdfa@dfsig.sadf', '', '', '1', '2014-11-14 02:41:27', '3462398564893756', '5555555502', ''),
(93, 'TSE5$F&73@#@f$n', 'testtttt3', 'Xw4WxrRNAwfz7lmIXGqxYg==', 'Runnerrrrr', 'Testttthree', 'M', '1996-11-14', '2', '1', NULL, 'Hyderabad', 'Hyderabad', 'Andhra Pradesh', '', NULL, '500081', 7, NULL, '3435543543', 'sdfg@fg.dv', '', '', '1', '2014-11-14 02:42:56', '3568385483658934', '5555555503', ''),
(94, 'TSE0J%dhVyR7P&@', 'testtttt4', 'Xw4WxrRNAwfz7lmIXGqxYg==', 'Runnerrrrr', 'Testttfour', 'M', '1996-11-04', '3', '1', NULL, 'Hyderabad', 'Hyderabad', 'Andhra Pradesh', '', NULL, '500081', 7, NULL, '5555555002', 'asdilf@sdlfbg.sdkgb', '', '', '1', '2014-11-14 04:36:59', '4560298409620936', '5555555504', ''),
(95, 'TSEi54*412#f3b*', 'koshik', 'uh4MoDifvbSQ/tcu0S3mRg==', 'Vatsav', 'Koshik', 'M', '1996-04-10', '0', '1', NULL, '1*5445', 'Hyderabad', 'Andhra Pradesh', 'Ranga Reddy', NULL, '500054', 7, NULL, '9966332201', 'koushik@tracer.com', '', '', '1', '2014-11-16 22:50:16', '9966332200124212', '9966332200', ''),
(96, 'TSETM5T$%&6*&qo', 'ahemed', 'uh4MoDifvbSQ/tcu0S3mRg==', 'Khan', 'Ahmed', 'M', '1996-03-13', '0', '', NULL, 'Test Address', 'Hyderabad', 'Andhra Pradesh', 'Ranga Reddy', NULL, '500054', 7, NULL, '9966332203', 'ahemed@tracer.com', '', '', '1', '2014-11-24 03:12:07', '2453854585543541', '9966332202', ''),
(97, 'TSErFuE24%&D4V!', 'testuserr', 'Xw4WxrRNAwfz7lmIXGqxYg==', 'Runnerrrrr', 'Testuserr', 'M', '1996-11-13', '4', '2', NULL, 'Hyderabad', 'Hyderabad', 'Andhra Pradesh', '', NULL, '500081', 7, NULL, '5555555005', 'szjkd@wag.fsg', '', '', '1', '2014-11-16 23:09:13', '3456893765723647', '5555555505', ''),
(98, 'TSEsfIiNf5%8BGd', 'testuserr1', 'Xw4WxrRNAwfz7lmIXGqxYg==', 'Runnerrrrr', 'Testuserrone', 'M', '1996-11-08', '4', '2', NULL, 'Hyderabad', '', 'Andhra Pradesh', '', NULL, '500081', 7, NULL, '5555555006', 'df@sdg.ea', '', '', '1', '2014-11-16 23:10:59', '3453533436778732', '5555555506', ''),
(99, 'CBM!3Jbu47U!g%*', 'raghucbm', 'bTq0Wd66RuZ0HmCXtmbriA==', 'CBM', 'Raghu', 'M', '1996-04-10', '0', '1', NULL, 'Test Address', 'Hyderabad', 'Andhra Pradesh', 'Ranga Reddy', NULL, '500054', 2, NULL, '6000000000', 'raghucbm@tracer.com', '', '', '1', '2014-11-18 01:00:28', NULL, '6000000000', NULL),
(100, 'RBMr6tlc460@8W3', 'jprbm', 'bTq0Wd66RuZ0HmCXtmbriA==', 'RBM', 'JP Manne', 'M', '1996-11-14', '0', '', NULL, 'Test address', 'Hyderabad', 'Andhra Pradesh', 'Ranga Reddy', NULL, '510003', 3, NULL, '6100000000', 'jpmanne@tracer.com', '', '', '1', '2014-11-18 01:03:29', NULL, '6100000000', NULL),
(101, 'ZBMNK1k52xVQ5EO', 'mohinizbm', 'bTq0Wd66RuZ0HmCXtmbriA==', 'ZBM', 'Mohini', 'M', '1996-11-06', '0', '', NULL, 'Test Address', 'Hyderabad', 'Andhra Pradesh', 'Ranga Reddy', NULL, '510003', 4, NULL, '6200000000', 'mohinzbm@gmail.com', '', '', '1', '2014-11-18 01:06:17', NULL, '6200000000', NULL),
(102, 'ASMA$XR0e*vP&QM', 'raviasm', 'bTq0Wd66RuZ0HmCXtmbriA==', 'ASM', 'RaviD', 'M', '1979-05-11', '0', '', NULL, 'Test Address', 'Hyderabad', 'Andhra Pradesh', '', NULL, '510003', 5, NULL, '6300000000', 'raviasm@gmail.com', '', '', '1', '2014-11-18 01:07:55', NULL, '6300000000', NULL),
(103, 'TSM&$T17bT0eA@%', 'poornimatl', 'bTq0Wd66RuZ0HmCXtmbriA==', 'TSM', 'Poornima', 'M', '1996-05-17', '0', '1', NULL, 'Test Address', 'Hyderabad', 'Andhra Pradesh', '', NULL, '510003', 6, NULL, '2300000000', 'poornimatsm@gmail.com', '', '', '1', '2014-11-18 01:12:04', '9865455453553540', '3000000000', ''),
(104, 'TSE718S805DG!!h', 'vivek', 'uh4MoDifvbSQ/tcu0S3mRg==', 'TSE', 'Vivek', 'M', '1996-04-19', '0', '', NULL, 'Test Address', 'Hyderabad', 'Andhra Pradesh', 'Ranga Reddy', NULL, '510003', 7, NULL, '4444444444', 'vivekrunner@gmail.com', '', '', '1', '2014-11-18 01:14:07', '9865455053553540', '8989797900', ''),
(105, 'TSEl34R57&lH2%w', 'kartik', 'h7DAn+CDNiIytWKYYVKD1A==', 'TSE', 'Kartik', 'M', '1996-03-08', '0', '', NULL, 'Test Address', 'Hyderabad', 'Andhra Pradesh', 'Ranga Reddy', NULL, '510003', 7, NULL, '4445556660', 'kartiktse@gmail.com', '', '', '1', '2014-11-18 01:15:37', '9865455053553549', '9988774455', ''),
(106, 'RBM!i#$@7616ACd', 'aparnat', 'bTq0Wd66RuZ0HmCXtmbriA==', 'T', 'vishnuvallab', 'F', '1996-11-01', '0', '', NULL, 'hyderbad, telangana india', 'hyderabad', 'Andhra Pradesh', '', NULL, '', 3, NULL, '8332885245', 'chitta.aparna@gmail.com', '', '', '1', '2014-12-23 22:44:30', NULL, '8332885245', NULL),
(107, 'CBM#Rc$*j2*$*OB', 'aaaaaaaaaaaaaaaaaaaaaaaaaaaaaaaa', 'bTq0Wd66RuZ0HmCXtmbriA==', 'rrrrrrrrrr', 'wwwwe', 'M', '1996-11-12', '0', '', NULL, 'hyderbad, telangana india', '', 'Andhra Pradesh', '', NULL, '', 2, NULL, '8332885277', 'chitta.chitta@gmail.com', '', '', '1', '2014-12-23 22:44:28', NULL, '8332885277', NULL),
(108, 'CBM1Eq2uh6!0$3C', '11111111111111111111111111111111', 'bTq0Wd66RuZ0HmCXtmbriA==', 'GHIJKL', 'aparna', 'M', '1996-11-12', '0', '', NULL, 'hyderbad, telangana india', 'hyderabad', 'Andhra Pradesh', '', NULL, '221026', 2, NULL, '9949999511', 'chitta.aparna@gmail.com', '', '', '1', '2014-12-23 22:44:27', NULL, '9949999511', NULL),
(109, 'TSMG!71$#Bv!ON6', 'dddddddddddddddddddddddddddddddd', 'bTq0Wd66RuZ0HmCXtmbriA==', 'yyyyyyyyyy', 'ssssssss', 'M', '1996-11-05', '0', '', NULL, 'hyderbad, telangana india', 'hyderabad', 'Andhra Pradesh', '', NULL, '221026', 6, NULL, '5555555555', 'chitta.aparna@gmail.com', '', '', '1', '2014-12-26 01:41:25', '1111111111111111', '0571218998', ''),
(110, 'TSE8!xR8HQ!TgM3', 'iiiiiiiiiiiiiiiiiiiiiiiiiiiiiiii', 'bTq0Wd66RuZ0HmCXtmbriA==', 'kghajg', 'kkkkkkkkk', 'M', '1996-11-06', '0', '', NULL, 'hyderbad, telangana india', '', 'Andhra Pradesh', '', NULL, '', 7, NULL, '8332885456', 'chitta.aparna@gmail.com', '', '', '1', '2014-12-23 22:44:25', '6543216543212345', '0571218547', ''),
(111, 'TSMjxo5#3$4Fty&', 'jayprakash', 'bTq0Wd66RuZ0HmCXtmbriA==', 'chitta', 'aparna', 'M', '1996-11-04', '1', '1', NULL, 'hyderbad, telangana india', 'hyderabad', 'Andhra Pradesh', '', NULL, '221026', 6, NULL, '8332885239', 'chitta.aparna@gmail.com', '', '', '1', '2014-12-23 22:44:19', '1111111111111111', '0571218926', ''),
(112, 'CBM67B4#luOM8WU', 'saikarthik', 'bTq0Wd66RuZ0HmCXtmbriA==', 'Kumar', 'Karthik', 'M', '1991-11-22', '4', '2', NULL, 'Hyderabad', '', 'Andhra Pradesh', '', NULL, '456476', 2, NULL, '7207279398', 'gh@sdf.sdfg', '', '', '1', '2014-12-23 22:44:17', NULL, '7207279398', NULL),
(113, 'RBM8lR7T%IY$&ab', 'vodela', 'bTq0Wd66RuZ0HmCXtmbriA==', 'Sai', 'Vodela', 'M', '1996-12-02', '4', '2', NULL, 'sdghdtfh', '', 'Andhra Pradesh', '', NULL, '364643', 3, NULL, '7207279300', 'dfh@sdh.dg', '', '', '1', '2014-12-23 22:44:15', NULL, '7207279300', NULL),
(114, 'ZBMe0e@eCl@518y', 'kumar123', 'bTq0Wd66RuZ0HmCXtmbriA==', 'Kumar', 'Karthik', 'M', '1996-12-05', '4', '2', NULL, 'sdafsgfsdfg', '', 'Andhra Pradesh', '', NULL, '234525', 4, NULL, '7207279301', 'zdfg@sdfg.rth', '', '', '1', '2014-12-23 22:44:14', NULL, '7207279301', NULL),
(115, 'ASM3n#yMGj&1o1P', 'karthik258', 'bTq0Wd66RuZ0HmCXtmbriA==', 'kumar', 'vodela', 'M', '1996-12-04', '4', '2', NULL, 'Hyderabad', '', 'Andhra Pradesh', '', NULL, '325252', 5, NULL, '7207279302', 'dfzg@xcgh.dfg', '', '', '1', '2014-12-23 22:44:13', NULL, '7207279302', NULL),
(116, 'TSM&8t84kpa*5#%', 'karthiktl', 'bTq0Wd66RuZ0HmCXtmbriA==', 'tl', 'karthik', 'M', '1988-04-12', '3', '3', NULL, 'Hyderabad', '', 'Andhra Pradesh', '', NULL, '634346', 6, NULL, '9700040013', 'fxgh@ddsg.com', '', '', '1', '2014-12-23 22:44:10', '4245454343432434', '7207279303', ''),
(117, 'CBM!i#@4R@kj!SS', 'testdeccbm1', 'bTq0Wd66RuZ0HmCXtmbriA==', 'CBM', 'TestDec', 'M', '1983-12-15', '0', '', NULL, 'Secundrabad', 'Hyderabad', 'Telangana', '', NULL, '500081', 2, NULL, '9111122220', 'testdeccbm@tracer.com', '', '', '1', '2014-12-23 22:53:37', NULL, '9111122220', NULL),
(118, 'RBM!BQy5*d&!u!f', 'testdecrbm1', 'bTq0Wd66RuZ0HmCXtmbriA==', 'RBM', 'testdec', 'M', '1982-12-07', '0', '', NULL, 'Secundrabad', 'Hyderabad', 'Telangana', '', NULL, '500081', 3, NULL, '9111122221', 'testdecrbm@tracer.com', '', '', '1', '2014-12-23 22:43:47', NULL, '9111122221', NULL),
(119, 'ZBM%4wH1At!EF56', 'testdeczbm1', 'bTq0Wd66RuZ0HmCXtmbriA==', 'zbm', 'testdec', 'M', '1985-12-05', '0', '', NULL, 'Secundrabad', 'Hyderabad', 'Telangana', '', NULL, '500081', 4, NULL, '9111122222', 'testdeczbm@tracer.com', '', '', '1', '2014-12-23 22:43:48', NULL, '9111122222', NULL),
(120, 'ASMFB7l$vxNm5qy', 'testdecasm1', 'bTq0Wd66RuZ0HmCXtmbriA==', 'ASM', 'TestDec', 'M', '1984-12-08', '0', '', NULL, 'Secundrabad', 'Hyderabad', 'Telangana', '', NULL, '500081', 5, NULL, '9111122223', 'testdecasm@tracer.com', '', '', '1', '2014-12-23 22:43:48', NULL, '9111122223', NULL),
(121, 'TSMjD6R7Kp6AK$!', 'testdectsm1', 'bTq0Wd66RuZ0HmCXtmbriA==', 'TSM', 'TestDec', 'M', '1986-12-26', '0', '', NULL, 'Secundrabad', 'Hyderabad', 'Telangana', '', NULL, '500081', 6, NULL, '9111122225', 'testdectsm@tracer.com', '', '', '1', '2014-12-23 22:43:49', '7434654987987987', '9111122224', ''),
(122, 'TSE7Fx*R7RtJg1q', 'karthirn', 'bTq0Wd66RuZ0HmCXtmbriA==', 'runner', 'Karthik', 'M', '1996-12-03', '0', '', NULL, 'Hyderabad', '', 'Andhra Pradesh', '', NULL, '', 7, NULL, '4674848458', 'dfgsdg@sdhg.fgh', '', '', '1', '2014-12-23 22:43:50', '4576456848675678', '7777777777', ''),
(123, 'TSE@afU5J0%n@81', 'testdecrunner1', 'bTq0Wd66RuZ0HmCXtmbriA==', 'runner', 'testdec', 'M', '1987-12-10', '0', '', NULL, 'Hyderabad', 'Hyderabad', 'Telangana', '', NULL, '500081', 7, NULL, '9111122227', 'testdecrunner1@tracer.com', '', '', '1', '2014-12-23 22:43:51', '8795441328410210', '9111122226', ''),
(124, 'TSEX8@*JdbCOs1l', 'testdecrunner2', 'bTq0Wd66RuZ0HmCXtmbriA==', 'RunnerTwo', 'TestDec', 'M', '1993-12-31', '0', '', NULL, 'Hyderabad', 'Hyderabad', 'Telangana', '', NULL, '500081', 7, NULL, '9111122229', 'testdecrunner1@tracer.com', '', '', '0', '2014-12-23 22:43:57', '8975413210002121', '9111122228', ''),
(125, 'CBM1*Ik41wJ2o&o', 'cbmanger', 'zxkf5i/Bl/Nma/fEz8rc4g==', 'Vodela', 'S kumar', 'M', '1980-12-31', '0', '', NULL, 'Karimnagar', '', 'Andhra Pradesh', '', NULL, '', 2, NULL, '1111111111', 'sdfsdfsdf@sfg.fg', '', '', '1', '2014-12-24 00:08:25', NULL, '1111111111', NULL),
(126, 'RBMvL$*#iD4Lcj8', 'rbmanager', 'HClBzXoC21MYQ5tPPfRkVQ==', 'reddy', 'thirumal', 'M', '1981-12-08', '0', '', NULL, 'Karimnagar', '', 'Andhra Pradesh', '', NULL, '', 3, NULL, '2222222222', 'sdgsdg@sdfg.drrg', '', '', '1', '2014-12-24 00:09:48', NULL, '2222222222', NULL),
(127, 'TSEQ4JMPE*iJ5#R', 'gsfagafshdfg', 'wewKtXGaeCgedvz98TSjqw==', 'BjkgUYIYU', 'AgfgANGJHGJKG', 'M', '1996-12-09', '0', '', NULL, 'hdfgjh', 'gYGHGHGGH', 'Andhra Pradesh', 'JHJHMtreryghjnf', NULL, '500081', 7, NULL, '5332345241', 'gfhg@gfnmgg.com', '', '', '1', '2014-12-28 20:40:27', '2553555454545454', '5355454654', ''),
(128, 'RBM7rB0R3pf&%et', 'test5', 'tTt91L8LoCUG6lA//JTVGg==', 'Tests', 'Tests', 'M', '1996-05-09', '0', '', NULL, 'Test5', 'Test', 'Andhra Pradesh', 'Test', NULL, '500521', 3, NULL, '8343243254', 'test5@sci.com', '', '', '1', '2014-12-28 23:24:49', NULL, '8343243254', NULL),
(129, 'ZBM&Q%%U7$&02Xs', 'test6', 'CmYvPDHbiSkJK2hU0x8KKg==', 'Tests', 'Tests', 'M', '1996-06-13', '0', '', NULL, 'Test6', '', 'Andhra Pradesh', '', NULL, '', 4, NULL, '4534545454', 'test6@sci.com', '', '', '1', '2014-12-28 23:26:52', NULL, '4534545454', NULL),
(130, 'DEOP#nKENO*&H%o', 'deouser', 'bTq0Wd66RuZ0HmCXtmbriA==', 'Operator', 'Data Entry', 'M', '1947-08-15', '1', '1', '1962-08-15', 'Madhapur', '', 'Hyderabad', 'HYDERABAD', '1', '500081', 8, '', '9999999999', 'deouser@tracer.com', '', '', '1', '2015-02-23 05:58:43', '654321654321', '9000143256', NULL),
(131, 'CBM@o*Q@Ju@X4*0', 'democirclemanager', 'i+7EHj8cFjPJej8m1Uv5zA==', 'Manager', 'DemoCircle', 'M', '1981-07-30', '1', '5', NULL, 'Hyderabad', 'Secundrabad', 'Andhra Pradesh', 'RangaReddy', NULL, '500013', 2, NULL, '9000900000', 'DemoCircle@manager.com', '9000911112', 'democircle@manager.com', '1', '2015-03-26 13:43:17', NULL, '9000900000', NULL),
(132, 'RBM24b*G7&8@r04', 'demoregionmanager', '05MSo6Ask3j3g3u4bL8z4Q==', 'Manager', 'DemoRegion', 'M', '1975-07-30', '4', '5', NULL, 'House No 13B, Karkhana', 'Karkhana', 'Andhra Pradesh', 'RangaReddy', NULL, '500013', 3, NULL, '9000900001', 'DemoRegion@manager.com', '9000911112', 'demoregion@manager.com', '1', '2015-03-26 13:43:25', NULL, '9000900001', NULL),
(133, 'ZBM5ts5m64v4#n%', 'demozonemanager', 'FLmMKMRB9Mz+jL6+tCtLsg==', 'Manager', 'DemoZone', 'M', '1990-11-01', '1', '1', NULL, 'Vanasthalipuram, Hyderabad', 'Hyderabad', 'Andhra Pradesh', 'RangaReddy', NULL, '500081', 4, NULL, '9000900002', 'DemoZone@manager.com', '9000911114', 'demozone@manager.com', '1', '2015-03-26 13:43:34', NULL, '9000900002', NULL),
(134, 'ASMlDD60#&0*$Uv', 'demohubmanager', 'N1mZrGYUuflDnBiJNAgSgA==', 'Manager', 'DemoHub', 'M', '1991-07-01', '4', '4', NULL, 'G-2 indu Archade', 'Hyderabad', 'Andhra Pradesh', 'Ranga Reddy', NULL, '500082', 5, NULL, '9000900003', 'DemoHub@manager.com', '9000911115', 'demohub@manager.com', '1', '2015-03-26 13:43:47', NULL, '9000900003', NULL),
(135, 'TSMFpjf%te7y1k7', 'demoteamleader', '7z892C3NTxzwtrqMWxDpcQ==', 'Leader', 'DemoTeam', 'M', '1997-03-01', '0', '', NULL, 'Karkhana', 'Secundrabad', 'Andhra Pradesh', 'RangaReddy', NULL, '500012', 6, NULL, '9000911114', 'DemoTeam@Leader.com', '9000911115', 'demoteam@leader.com', '1', '2015-03-26 13:44:00', '5555000000000635', '9000900004', 'Karkhana'),
(136, 'TSEA1Q@Co%6fB%l', 'demorunner', 'Xw4WxrRNAwfz7lmIXGqxYg==', 'Runner', 'DemoRunner', 'M', '1991-07-01', '4', '4', NULL, 'Raj Bhavan Road,1-435', 'Hyderabad', 'Andhra Pradesh', 'Ranga Reddy', NULL, '500035', 7, NULL, '9000911118', 'DemoRunner@runner.com', '9000911119', 'demorunner@runner.com', '1', '2015-03-26 13:44:09', '4444200000000009', '9000900005', 'Bandlaguda PS'),
(137, 'CBMt3806qj#8u1c', 'pavandevu', '1DEnnlgTp1A5dybP1iV2Pw==', 'devu', 'pavan kumar', 'M', '1997-06-10', '2', '4', NULL, '23,rerer', '', 'Andhra Pradesh', '', NULL, '', 2, NULL, '9010118308', 'pavandevu@gmail.com', '', '', '1', '0000-00-00 00:00:00', NULL, '9010118308', NULL),
(138, 'TSEC!&#@5q4!33@', 'devupavan', 'cN5wKbQBK9OEzueI/1Og5A==', 'devu', 'pavan kumar', 'M', '1997-06-10', '2', '2', NULL, 'lig-17, pavan', '', 'Assam', '', NULL, '', 7, NULL, '9010118308', 'pavandevu@gmail.com', '', '', '1', '0000-00-00 00:00:00', '1234567890123434', '5454545454', ''),
(139, 'TSEXb*r&X8fNM&i', 'pavandd', 'tznjZfuA3AnYQ+YPMby0cw==', 'devu', 'pavan kumar', 'M', '1997-06-12', '1', '1', NULL, 'sds,223,ererer', '', 'Andhra Pradesh', '', NULL, '', 7, NULL, '9010118308', 'pavandevu@gmail.com', '', '', '1', '0000-00-00 00:00:00', '1234567890123434', '9010118307', ''),
(140, 'TSE211eF*FqCV%2', 'sddsdsd', 'TBtCcf1+OVt4Z6Sg0ZaOIA==', 'devu', 'pavan kumar', 'M', '1997-06-03', '0', '1', NULL, '2-4, dsds', '', 'Andhra Pradesh', '', NULL, '', 7, NULL, '9010118308', 'pavandevu@gmail.com', '', '', '1', '0000-00-00 00:00:00', '1234567890123434', '9010118305', ''),
(141, 'TSE*6rpc5M341S#', 'dsdsd', 'QcDgiT9BDu/qLahPC7OLIg==', 'devu', 'pavan kumar', 'M', '1997-06-10', '0', '', NULL, '2-434, dsdsdd', '', 'Andhra Pradesh', '', NULL, '', 7, NULL, '9010118308', 'pavandevu@gmail.com', '', '', '1', '0000-00-00 00:00:00', '1234567890123434', '9010118303', ''),
(142, 'TSEVh3*!YPR@5r6', 'fdfdfsdfdfs', 'jNv/DbmcklWQPhpN+koxRQ==', 'devu', 'pavan kumar', 'M', '1997-06-03', '0', '', NULL, '2, dfdf', '', 'Andhra Pradesh', '', NULL, '', 7, NULL, '9010118308', 'pavandevu@gmail.com', '', '', '1', '0000-00-00 00:00:00', '1234567890123434', '9010118304', ''),
(143, 'TSEvvK&u04w3Xed', 'fggffgrfgfg', 'jNv/DbmcklVKeulenNsB4A==', 'devu', 'pavan kumar', 'M', '1997-06-04', '0', '', NULL, '2-9,fgfg', '', 'Andhra Pradesh', '', NULL, '', 7, NULL, '9010118308', 'pavandevu@gmail.com', '', '', '1', '0000-00-00 00:00:00', '1234567890123434', '9010118302', ''),
(144, 'TSE1@20h@HaQ%c5', 'dfdfdfdfdf', 'nfGCylWhheBBfyEsGeLcYQ==', 'devu', 'pavan kumar', 'M', '1997-06-11', '0', '1', NULL, '2-34,wewe', '', 'Andhra Pradesh', '', NULL, '', 7, NULL, '9010118308', 'pavandevu@gmail.com', '', '', '1', '0000-00-00 00:00:00', '1234567890123434', '9010118301', ''),
(145, 'TSEA67tw7K55Eb0', 'dfdfdfdfdfsfss', 'QcDgiT9BDu/qLahPC7OLIg==', 'devu', 'pavan kumar', 'M', '1997-06-02', '0', '', NULL, '2-13,Pavan', '', 'Andhra Pradesh', '', NULL, '', 7, NULL, '9010118308', 'pavandevu@gmail.com', '', '', '1', '0000-00-00 00:00:00', '1234567890123434', '5454545452', ''),
(146, 'TSE5*&JFW3j07rI', 'sdsdsdsdad', 'TBtCcf1+OVt4Z6Sg0ZaOIA==', 'devu', 'pavan kumar', 'M', '1997-06-10', '0', '', NULL, '3234,dsd', '', 'Andhra Pradesh', '', NULL, '', 7, NULL, '9010118308', 'pavandevu@gmail.com', '', '', '1', '0000-00-00 00:00:00', '1234567890123434', '9010118312', '');

-- --------------------------------------------------------

--
-- Table structure for table `user_password_history_details`
--

CREATE TABLE IF NOT EXISTS `user_password_history_details` (
`user_password_history_details_id` bigint(20) NOT NULL,
  `user_id` bigint(20) NOT NULL,
  `password` varchar(150) CHARACTER SET utf8 NOT NULL
) ENGINE=InnoDB  DEFAULT CHARSET=latin1 AUTO_INCREMENT=28 ;

--
-- Dumping data for table `user_password_history_details`
--

INSERT INTO `user_password_history_details` (`user_password_history_details_id`, `user_id`, `password`) VALUES
(7, 1, '1IHUDMzowM4Y409KYM5xEg=='),
(8, 1, 'Gb55NiX4xhr5K2jaSc6bCw=='),
(10, 1, 'kPTF4wCF+qaATSGxYtRtCg=='),
(11, 1, 'JrpAoT0avnKR0e5JG9fCzA=='),
(12, 1, 'YAnIBUOIyiCi3inPpNpcnQ=='),
(13, 1, 'RMXka0hZOuz+iuOEvnxIng=='),
(14, 1, 'bTq0Wd66RuZ0HmCXtmbriA=='),
(15, 1, '6zGnWjNbMDtMS9GBN9HPuA=='),
(16, 1, 'kPTF4wCF+qaATSGxYtRtCg=='),
(17, 1, 'JrpAoT0avnKR0e5JG9fCzA=='),
(18, 2, 'Gb55NiX4xhqQygh2Rf3Z1A=='),
(19, 1, 'YAnIBUOIyiAQpjzGDtXvLQ=='),
(20, 1, 'YAnIBUOIyiCi3inPpNpcnQ=='),
(21, 2, 'kPTF4wCF+qaATSGxYtRtCg=='),
(22, 2, 'JrpAoT0avnKR0e5JG9fCzA=='),
(23, 2, 'YAnIBUOIyiCi3inPpNpcnQ=='),
(24, 2, 'RMXka0hZOuz+iuOEvnxIng=='),
(25, 2, '+wxALQbv5h0Ya5HYzEmYTg=='),
(26, 2, 'KyZpBlONViEIek8YiOwIow=='),
(27, 1, 'KyZpBlONViEIek8YiOwIow==');

-- --------------------------------------------------------

--
-- Table structure for table `user_reporting_to_details`
--

CREATE TABLE IF NOT EXISTS `user_reporting_to_details` (
`user_reporting_to_details_id` bigint(20) NOT NULL,
  `user_id` bigint(20) NOT NULL,
  `reporting_to_user_id` bigint(20) NOT NULL,
  `status` char(1) NOT NULL
) ENGINE=InnoDB  DEFAULT CHARSET=utf8 AUTO_INCREMENT=145 ;

--
-- Dumping data for table `user_reporting_to_details`
--

INSERT INTO `user_reporting_to_details` (`user_reporting_to_details_id`, `user_id`, `reporting_to_user_id`, `status`) VALUES
(1, 2, 1, '1'),
(2, 3, 2, '1'),
(3, 4, 3, '1'),
(4, 5, 4, '1'),
(5, 6, 5, '1'),
(6, 7, 6, '1'),
(7, 8, 6, '1'),
(8, 9, 2, '1'),
(9, 10, 3, '1'),
(10, 11, 4, '1'),
(11, 12, 5, '1'),
(12, 13, 6, '1'),
(13, 14, 5, '1'),
(14, 15, 6, '1'),
(15, 16, 1, '1'),
(16, 17, 16, '1'),
(17, 18, 17, '1'),
(18, 19, 18, '1'),
(19, 20, 19, '1'),
(20, 21, 20, '1'),
(21, 22, 1, '1'),
(22, 23, 22, '1'),
(23, 24, 23, '1'),
(24, 25, 24, '1'),
(25, 26, 25, '1'),
(26, 27, 26, '1'),
(27, 28, 1, '1'),
(28, 29, 28, '1'),
(29, 30, 11, '1'),
(30, 31, 30, '1'),
(31, 32, 1, '1'),
(32, 33, 2, '1'),
(33, 34, 3, '1'),
(34, 35, 4, '1'),
(35, 36, 5, '1'),
(36, 37, 6, '1'),
(37, 38, 26, '1'),
(38, 39, 1, '1'),
(39, 40, 29, '1'),
(40, 41, 34, '1'),
(41, 42, 1, '1'),
(42, 43, 25, '1'),
(43, 44, 30, '1'),
(44, 45, 30, '1'),
(45, 46, 1, '1'),
(46, 47, 46, '1'),
(47, 48, 47, '1'),
(48, 49, 48, '1'),
(49, 50, 49, '1'),
(50, 51, 1, '1'),
(51, 52, 1, '1'),
(52, 53, 1, '1'),
(53, 54, 53, '1'),
(54, 55, 54, '1'),
(55, 56, 55, '1'),
(56, 57, 56, '1'),
(57, 58, 57, '1'),
(58, 59, 50, '1'),
(59, 60, 50, '1'),
(60, 61, 1, '1'),
(61, 62, 61, '1'),
(62, 63, 62, '1'),
(63, 64, 63, '1'),
(64, 65, 64, '1'),
(65, 66, 64, '1'),
(66, 67, 49, '1'),
(67, 68, 50, '1'),
(68, 69, 67, '1'),
(69, 70, 50, '1'),
(70, 71, 67, '1'),
(71, 72, 1, '1'),
(72, 73, 1, '1'),
(73, 74, 6, '1'),
(74, 75, 50, '1'),
(75, 76, 50, '1'),
(76, 77, 65, '1'),
(77, 78, 50, '1'),
(78, 79, 61, '1'),
(79, 80, 79, '1'),
(80, 81, 80, '1'),
(81, 82, 80, '1'),
(82, 83, 82, '1'),
(83, 84, 83, '1'),
(84, 85, 83, '1'),
(85, 86, 83, '1'),
(86, 87, 50, '1'),
(87, 88, 65, '1'),
(88, 89, 6, '1'),
(89, 90, 6, '1'),
(90, 91, 6, '1'),
(91, 92, 12, '1'),
(92, 93, 12, '1'),
(93, 94, 12, '1'),
(94, 95, 12, '1'),
(95, 96, 12, '1'),
(96, 97, 6, '1'),
(97, 98, 6, '1'),
(98, 99, 1, '1'),
(99, 100, 99, '1'),
(100, 101, 100, '1'),
(101, 102, 101, '1'),
(102, 103, 102, '1'),
(103, 104, 103, '1'),
(104, 105, 103, '1'),
(105, 106, 61, '1'),
(106, 107, 1, '1'),
(107, 108, 1, '1'),
(108, 109, 11, '1'),
(109, 110, 50, '1'),
(110, 111, 11, '1'),
(111, 112, 1, '1'),
(112, 113, 112, '1'),
(113, 114, 113, '1'),
(114, 115, 114, '1'),
(115, 116, 115, '1'),
(116, 117, 1, '1'),
(117, 118, 117, '1'),
(118, 119, 118, '1'),
(119, 120, 119, '1'),
(120, 121, 120, '1'),
(121, 122, 116, '1'),
(122, 123, 121, '1'),
(123, 124, 121, '1'),
(124, 125, 1, '1'),
(125, 126, 125, '1'),
(126, 127, 57, '1'),
(127, 128, 99, '1'),
(128, 129, 128, '1'),
(129, 131, 1, '1'),
(130, 132, 131, '1'),
(131, 133, 132, '1'),
(132, 134, 133, '1'),
(133, 135, 134, '1'),
(134, 136, 135, '1'),
(135, 137, 1, '1'),
(136, 138, 30, '1'),
(137, 139, 30, '1'),
(138, 140, 26, '1'),
(139, 141, 30, '1'),
(140, 142, 26, '1'),
(141, 143, 6, '1'),
(142, 144, 30, '1'),
(143, 145, 30, '1'),
(144, 146, 30, '1');

-- --------------------------------------------------------

--
-- Table structure for table `user_to_circle_details`
--

CREATE TABLE IF NOT EXISTS `user_to_circle_details` (
`user_to_circle_details_id` bigint(20) NOT NULL,
  `user_id` bigint(20) NOT NULL,
  `circle_id` bigint(20) NOT NULL,
  `status` char(1) NOT NULL
) ENGINE=InnoDB  DEFAULT CHARSET=utf8 AUTO_INCREMENT=23 ;

--
-- Dumping data for table `user_to_circle_details`
--

INSERT INTO `user_to_circle_details` (`user_to_circle_details_id`, `user_id`, `circle_id`, `status`) VALUES
(1, 2, 1, '1'),
(2, 16, 2, '1'),
(3, 22, 3, '1'),
(4, 28, 4, '1'),
(5, 32, 1, '1'),
(6, 39, 7, '1'),
(7, 42, 3, '1'),
(8, 46, 8, '1'),
(9, 51, 7, '1'),
(10, 52, 1, '1'),
(11, 53, 9, '1'),
(12, 61, 10, '1'),
(13, 72, 1, '1'),
(14, 73, 1, '1'),
(15, 99, 12, '1'),
(16, 107, 10, '1'),
(17, 108, 10, '1'),
(18, 112, 13, '1'),
(19, 117, 14, '1'),
(20, 125, 13, '1'),
(21, 131, 18, '1'),
(22, 137, 1, '1');

-- --------------------------------------------------------

--
-- Table structure for table `user_to_hub_details`
--

CREATE TABLE IF NOT EXISTS `user_to_hub_details` (
`user_to_hub_details_id` bigint(20) NOT NULL,
  `user_id` bigint(20) NOT NULL,
  `hub_id` bigint(20) NOT NULL,
  `status` char(1) NOT NULL
) ENGINE=InnoDB  DEFAULT CHARSET=utf8 AUTO_INCREMENT=91 ;

--
-- Dumping data for table `user_to_hub_details`
--

INSERT INTO `user_to_hub_details` (`user_to_hub_details_id`, `user_id`, `hub_id`, `status`) VALUES
(1, 5, 1, '1'),
(2, 6, 1, '1'),
(3, 7, 1, '1'),
(4, 8, 1, '1'),
(5, 11, 2, '1'),
(6, 12, 1, '1'),
(7, 13, 1, '1'),
(8, 14, 1, '1'),
(9, 15, 1, '1'),
(10, 19, 3, '1'),
(11, 20, 3, '1'),
(12, 21, 3, '1'),
(13, 25, 4, '1'),
(14, 26, 4, '1'),
(15, 27, 4, '1'),
(16, 30, 2, '1'),
(17, 31, 2, '1'),
(18, 35, 1, '1'),
(19, 36, 1, '1'),
(20, 37, 1, '1'),
(21, 38, 4, '1'),
(22, 41, 2, '1'),
(23, 43, 4, '1'),
(24, 44, 2, '1'),
(25, 45, 2, '1'),
(26, 49, 10, '1'),
(27, 50, 10, '1'),
(28, 56, 11, '1'),
(29, 57, 11, '1'),
(30, 58, 11, '1'),
(31, 59, 10, '1'),
(32, 60, 10, '1'),
(33, 64, 13, '1'),
(34, 65, 13, '1'),
(35, 66, 13, '1'),
(36, 67, 10, '1'),
(37, 68, 10, '1'),
(38, 69, 10, '1'),
(39, 70, 10, '1'),
(40, 71, 10, '1'),
(41, 74, 1, '1'),
(42, 75, 10, '1'),
(43, 76, 10, '1'),
(44, 77, 13, '1'),
(45, 78, 10, '1'),
(46, 81, 12, '1'),
(47, 82, 12, '1'),
(48, 83, 12, '1'),
(49, 84, 12, '1'),
(50, 85, 12, '1'),
(51, 86, 12, '1'),
(52, 87, 10, '1'),
(53, 88, 13, '1'),
(54, 89, 1, '1'),
(55, 90, 1, '1'),
(56, 91, 1, '1'),
(57, 92, 1, '1'),
(58, 93, 1, '1'),
(59, 94, 1, '1'),
(60, 95, 1, '1'),
(61, 96, 1, '1'),
(62, 97, 1, '1'),
(63, 98, 1, '1'),
(64, 102, 18, '1'),
(65, 103, 18, '1'),
(66, 104, 18, '1'),
(67, 105, 18, '1'),
(68, 109, 2, '1'),
(69, 110, 10, '1'),
(70, 111, 2, '1'),
(71, 115, 19, '1'),
(72, 116, 19, '1'),
(73, 120, 20, '1'),
(74, 121, 20, '1'),
(75, 122, 19, '1'),
(76, 123, 20, '1'),
(77, 124, 20, '1'),
(78, 127, 11, '1'),
(79, 134, 25, '1'),
(80, 135, 25, '1'),
(81, 136, 25, '1'),
(82, 138, 2, '1'),
(83, 139, 2, '1'),
(84, 140, 4, '1'),
(85, 141, 2, '1'),
(86, 142, 4, '1'),
(87, 143, 1, '1'),
(88, 144, 2, '1'),
(89, 145, 2, '1'),
(90, 146, 2, '1');

-- --------------------------------------------------------

--
-- Table structure for table `user_to_region_details`
--

CREATE TABLE IF NOT EXISTS `user_to_region_details` (
`user_to_region_details_id` bigint(20) NOT NULL,
  `user_id` bigint(20) NOT NULL,
  `regiion_id` bigint(20) NOT NULL,
  `status` char(1) NOT NULL
) ENGINE=InnoDB  DEFAULT CHARSET=utf8 AUTO_INCREMENT=18 ;

--
-- Dumping data for table `user_to_region_details`
--

INSERT INTO `user_to_region_details` (`user_to_region_details_id`, `user_id`, `regiion_id`, `status`) VALUES
(1, 3, 1, '1'),
(2, 9, 1, '1'),
(3, 17, 2, '1'),
(4, 23, 3, '1'),
(5, 29, 4, '1'),
(6, 33, 1, '1'),
(7, 47, 8, '1'),
(8, 54, 9, '1'),
(9, 62, 10, '1'),
(10, 79, 10, '1'),
(11, 100, 14, '1'),
(12, 106, 11, '1'),
(13, 113, 15, '1'),
(14, 118, 16, '1'),
(15, 126, 15, '1'),
(16, 128, 14, '1'),
(17, 132, 21, '1');

-- --------------------------------------------------------

--
-- Table structure for table `user_to_zone_details`
--

CREATE TABLE IF NOT EXISTS `user_to_zone_details` (
`user_to_zone_details_id` bigint(20) NOT NULL,
  `user_id` bigint(20) NOT NULL,
  `zone_id` bigint(20) NOT NULL,
  `status` char(1) NOT NULL
) ENGINE=InnoDB  DEFAULT CHARSET=utf8 AUTO_INCREMENT=16 ;

--
-- Dumping data for table `user_to_zone_details`
--

INSERT INTO `user_to_zone_details` (`user_to_zone_details_id`, `user_id`, `zone_id`, `status`) VALUES
(1, 4, 1, '1'),
(2, 10, 1, '1'),
(3, 18, 2, '1'),
(4, 24, 3, '1'),
(5, 34, 1, '1'),
(6, 40, 4, '1'),
(7, 48, 8, '1'),
(8, 55, 9, '1'),
(9, 63, 10, '1'),
(10, 80, 10, '1'),
(11, 101, 15, '1'),
(12, 114, 16, '1'),
(13, 119, 17, '1'),
(14, 129, 15, '1'),
(15, 133, 22, '1');

-- --------------------------------------------------------

--
-- Table structure for table `zone_details`
--

CREATE TABLE IF NOT EXISTS `zone_details` (
`zone_id` bigint(20) NOT NULL,
  `zone_name` varchar(100) NOT NULL,
  `zone_code` varchar(15) NOT NULL DEFAULT '',
  `status` char(1) NOT NULL COMMENT '0-Inactive,1-Active',
  `region_id` bigint(20) NOT NULL,
  `user_id` bigint(20) NOT NULL,
  `date_time` timestamp NOT NULL DEFAULT CURRENT_TIMESTAMP ON UPDATE CURRENT_TIMESTAMP
) ENGINE=InnoDB  DEFAULT CHARSET=utf8 AUTO_INCREMENT=24 ;

--
-- Dumping data for table `zone_details`
--

INSERT INTO `zone_details` (`zone_id`, `zone_name`, `zone_code`, `status`, `region_id`, `user_id`, `date_time`) VALUES
(1, 'Zone 11', 'ZON5Ki3T2456KWo', '1', 1, 1, '2014-10-07 04:38:51'),
(2, 'Zone', 'ZONafC0RXaq0CjS', '1', 2, 1, '2014-10-08 03:08:05'),
(3, 'Test zone 1', 'ZONvg3UHyiO6mWU', '1', 3, 1, '2014-10-10 07:23:25'),
(4, 'AP ZONE', 'ZONUErFeDH38s2B', '1', 4, 1, '2014-10-12 17:33:32'),
(5, 'shyamoct17rezone', 'ZONRVB8daMQQXR5', '1', 5, 1, '2014-10-17 08:42:18'),
(6, 'Test zone 2', 'ZONNWGq8NBGG103', '0', 6, 1, '2014-10-20 12:29:58'),
(7, 'Test Zone 11', 'ZONWv3dp7tAWfCM', '1', 7, 1, '2014-10-20 13:03:54'),
(8, 'AP80', 'ZONYMx723rpWmPV', '1', 8, 1, '2014-10-22 18:32:07'),
(9, 'SCI Zone1', 'ZON6lDeWLcNPXuF', '1', 9, 1, '2014-11-03 23:07:53'),
(10, 'aparna zone', 'ZONBP3Ng3025Dt5', '1', 10, 1, '2014-11-06 14:08:26'),
(11, 'AP', 'ZONLGUXKFfpLDU8', '1', 10, 1, '2014-11-06 14:08:26'),
(12, 'TL', 'ZONDINDPEHjQ2JU', '1', 11, 1, '2014-11-06 14:08:26'),
(13, 'AP1', 'ZON1BjJgqiR32C7', '1', 12, 1, '2014-11-06 14:08:26'),
(14, 'APZone', 'ZONVbdv6OYGF41S', '1', 13, 1, '2014-11-11 00:26:35'),
(15, 'SCIITZone', 'ZON0M5mDYnefEEP', '1', 14, 1, '2014-11-18 00:57:43'),
(16, 'Siddipet', 'ZON8BWLED6BYr6W', '0', 15, 1, '2014-12-18 21:13:04'),
(17, 'Test Zone Dec', 'ZONijQHj0NdPTWS', '1', 16, 1, '2014-12-22 23:37:31'),
(18, 'ku', 'ZONs6V2l3TLIK1i', '0', 17, 1, '2014-12-23 19:28:17'),
(19, 'Test Zon1', 'ZONqVM4I04uti7D', '1', 18, 1, '2014-12-28 23:31:10'),
(20, 'Test Zon2', 'ZONS2DWBObpBiPB', '1', 19, 1, '2014-12-28 23:31:10'),
(21, 'Demo Zone1', 'ZONLT3h1UjQg6B7', '1', 20, 1, '2015-03-03 04:58:13'),
(22, 'Demo Zone', 'ZONNXNLr04vHFtx', '1', 21, 1, '2015-03-26 13:43:12'),
(23, 'TestMateCirclekv5R1Z1', 'ZONYFU3eh6J36UD', '1', 22, 1, '2015-04-20 07:42:36');

--
-- Indexes for dumped tables
--

--
-- Indexes for table `attendance_details`
--
ALTER TABLE `attendance_details`
 ADD PRIMARY KEY (`attendance_details_id`), ADD KEY `FK_user_attendance_details` (`user_id`);

--
-- Indexes for table `beat_plan_details`
--
ALTER TABLE `beat_plan_details`
 ADD PRIMARY KEY (`beat_plan_id`), ADD KEY `FK_beat_plan_details` (`user_id`);

--
-- Indexes for table `beat_plan_distributor_assignments`
--
ALTER TABLE `beat_plan_distributor_assignments`
 ADD PRIMARY KEY (`bp_dist_assignments_id`), ADD KEY `FK_beat_plan_distributor_assignments` (`beat_plan_id`), ADD KEY `FK_beat_plan_distributor` (`distributor_id`);

--
-- Indexes for table `beat_plan_user_assignments`
--
ALTER TABLE `beat_plan_user_assignments`
 ADD PRIMARY KEY (`bp_user_assignment_id`), ADD KEY `FK_beat_plan_user_assignments` (`bp_dist_assignment_id`), ADD KEY `FK_beat_plan_user_assignment` (`user_id`);

--
-- Indexes for table `caf_collection_details`
--
ALTER TABLE `caf_collection_details`
 ADD PRIMARY KEY (`caf_collection_id`), ADD KEY `FK_caf_collection_details` (`runner_visit_id`);

--
-- Indexes for table `caf_scan_details`
--
ALTER TABLE `caf_scan_details`
 ADD PRIMARY KEY (`caf_scan_details_id`);

--
-- Indexes for table `circle_details`
--
ALTER TABLE `circle_details`
 ADD PRIMARY KEY (`circle_id`), ADD KEY `FK_circle_details` (`user_id`);

--
-- Indexes for table `dashboard_details`
--
ALTER TABLE `dashboard_details`
 ADD PRIMARY KEY (`dashboard_details_id`), ADD KEY `FK_dashboard_details` (`user_id`);

--
-- Indexes for table `distributor_details`
--
ALTER TABLE `distributor_details`
 ADD PRIMARY KEY (`distributor_id`), ADD KEY `FK_distributor_details` (`user_id`);

--
-- Indexes for table `distributor_to_hub_details`
--
ALTER TABLE `distributor_to_hub_details`
 ADD PRIMARY KEY (`distributor_to_hub_id`), ADD KEY `FK_distributor_to_hub_details` (`distributor_id`), ADD KEY `FK_distributor_to_hub` (`hub_id`);

--
-- Indexes for table `hub_details`
--
ALTER TABLE `hub_details`
 ADD PRIMARY KEY (`hub_id`), ADD KEY `FK_hub_details_user` (`user_id`), ADD KEY `FK_hub_details` (`zone_id`);

--
-- Indexes for table `region_details`
--
ALTER TABLE `region_details`
 ADD PRIMARY KEY (`region_id`), ADD KEY `FK_region_details_circle` (`circle_id`), ADD KEY `FK_region_details_user` (`user_id`);

--
-- Indexes for table `role_details`
--
ALTER TABLE `role_details`
 ADD PRIMARY KEY (`role_id`);

--
-- Indexes for table `runner_offline_visit_details`
--
ALTER TABLE `runner_offline_visit_details`
 ADD PRIMARY KEY (`runner_offline_visit_id`);

--
-- Indexes for table `runner_visitted_location_details`
--
ALTER TABLE `runner_visitted_location_details`
 ADD PRIMARY KEY (`runner_visitted_location_id`), ADD KEY `FK_runner_visitted_location_details` (`user_id`);

--
-- Indexes for table `runner_visit_details`
--
ALTER TABLE `runner_visit_details`
 ADD PRIMARY KEY (`runner_visit_id`), ADD KEY `FK_runner_visit_details` (`bp_user_assignment_id`);

--
-- Indexes for table `sms_category_details`
--
ALTER TABLE `sms_category_details`
 ADD PRIMARY KEY (`sms_category_id`);

--
-- Indexes for table `sms_template_details`
--
ALTER TABLE `sms_template_details`
 ADD PRIMARY KEY (`sms_template_id`), ADD KEY `FK_sms_template_category` (`sms_category_id`), ADD KEY `FK_sms_template_details` (`user_id`);

--
-- Indexes for table `uploaded_caf_details`
--
ALTER TABLE `uploaded_caf_details`
 ADD PRIMARY KEY (`upload_caf_details_id`), ADD KEY `FK_uploaded_caf_details` (`distributor_id`);

--
-- Indexes for table `user_auth_code_details`
--
ALTER TABLE `user_auth_code_details`
 ADD PRIMARY KEY (`user_auth_code_id`), ADD KEY `FK_user_auth_code_details` (`user_id`);

--
-- Indexes for table `user_details`
--
ALTER TABLE `user_details`
 ADD PRIMARY KEY (`user_id`), ADD KEY `FK_user_details` (`role_id`);

--
-- Indexes for table `user_password_history_details`
--
ALTER TABLE `user_password_history_details`
 ADD PRIMARY KEY (`user_password_history_details_id`), ADD KEY `user_password_history_details_ibfk_1` (`user_id`);

--
-- Indexes for table `user_reporting_to_details`
--
ALTER TABLE `user_reporting_to_details`
 ADD PRIMARY KEY (`user_reporting_to_details_id`), ADD KEY `FK_user_reporting_to_details` (`reporting_to_user_id`);

--
-- Indexes for table `user_to_circle_details`
--
ALTER TABLE `user_to_circle_details`
 ADD PRIMARY KEY (`user_to_circle_details_id`), ADD KEY `FK_user_to_circle_details` (`user_id`), ADD KEY `FK_user_to_circle` (`circle_id`);

--
-- Indexes for table `user_to_hub_details`
--
ALTER TABLE `user_to_hub_details`
 ADD PRIMARY KEY (`user_to_hub_details_id`), ADD KEY `FK_user_to_hub_details` (`user_id`), ADD KEY `FK_user_to_hub` (`hub_id`);

--
-- Indexes for table `user_to_region_details`
--
ALTER TABLE `user_to_region_details`
 ADD PRIMARY KEY (`user_to_region_details_id`), ADD KEY `FK_user_to_region_details` (`user_id`), ADD KEY `FK_user_to_region` (`regiion_id`);

--
-- Indexes for table `user_to_zone_details`
--
ALTER TABLE `user_to_zone_details`
 ADD PRIMARY KEY (`user_to_zone_details_id`), ADD KEY `FK_user_to_zone_details` (`user_id`), ADD KEY `FK_user_to_zone` (`zone_id`);

--
-- Indexes for table `zone_details`
--
ALTER TABLE `zone_details`
 ADD PRIMARY KEY (`zone_id`), ADD KEY `FK_zone_details` (`user_id`), ADD KEY `FK_zone_region` (`region_id`);

--
-- AUTO_INCREMENT for dumped tables
--

--
-- AUTO_INCREMENT for table `attendance_details`
--
ALTER TABLE `attendance_details`
MODIFY `attendance_details_id` bigint(20) NOT NULL AUTO_INCREMENT,AUTO_INCREMENT=283;
--
-- AUTO_INCREMENT for table `beat_plan_details`
--
ALTER TABLE `beat_plan_details`
MODIFY `beat_plan_id` bigint(20) NOT NULL AUTO_INCREMENT,AUTO_INCREMENT=43;
--
-- AUTO_INCREMENT for table `beat_plan_distributor_assignments`
--
ALTER TABLE `beat_plan_distributor_assignments`
MODIFY `bp_dist_assignments_id` bigint(20) NOT NULL AUTO_INCREMENT,AUTO_INCREMENT=92;
--
-- AUTO_INCREMENT for table `beat_plan_user_assignments`
--
ALTER TABLE `beat_plan_user_assignments`
MODIFY `bp_user_assignment_id` bigint(20) NOT NULL AUTO_INCREMENT,AUTO_INCREMENT=239;
--
-- AUTO_INCREMENT for table `caf_collection_details`
--
ALTER TABLE `caf_collection_details`
MODIFY `caf_collection_id` bigint(20) NOT NULL AUTO_INCREMENT,AUTO_INCREMENT=591;
--
-- AUTO_INCREMENT for table `caf_scan_details`
--
ALTER TABLE `caf_scan_details`
MODIFY `caf_scan_details_id` bigint(20) NOT NULL AUTO_INCREMENT,AUTO_INCREMENT=47;
--
-- AUTO_INCREMENT for table `circle_details`
--
ALTER TABLE `circle_details`
MODIFY `circle_id` bigint(20) NOT NULL AUTO_INCREMENT,AUTO_INCREMENT=20;
--
-- AUTO_INCREMENT for table `dashboard_details`
--
ALTER TABLE `dashboard_details`
MODIFY `dashboard_details_id` bigint(20) NOT NULL AUTO_INCREMENT,AUTO_INCREMENT=147;
--
-- AUTO_INCREMENT for table `distributor_details`
--
ALTER TABLE `distributor_details`
MODIFY `distributor_id` bigint(20) NOT NULL AUTO_INCREMENT,AUTO_INCREMENT=84;
--
-- AUTO_INCREMENT for table `distributor_to_hub_details`
--
ALTER TABLE `distributor_to_hub_details`
MODIFY `distributor_to_hub_id` bigint(20) NOT NULL AUTO_INCREMENT,AUTO_INCREMENT=85;
--
-- AUTO_INCREMENT for table `hub_details`
--
ALTER TABLE `hub_details`
MODIFY `hub_id` bigint(20) NOT NULL AUTO_INCREMENT,AUTO_INCREMENT=27;
--
-- AUTO_INCREMENT for table `region_details`
--
ALTER TABLE `region_details`
MODIFY `region_id` bigint(20) NOT NULL AUTO_INCREMENT,AUTO_INCREMENT=23;
--
-- AUTO_INCREMENT for table `role_details`
--
ALTER TABLE `role_details`
MODIFY `role_id` bigint(20) NOT NULL AUTO_INCREMENT,AUTO_INCREMENT=9;
--
-- AUTO_INCREMENT for table `runner_offline_visit_details`
--
ALTER TABLE `runner_offline_visit_details`
MODIFY `runner_offline_visit_id` bigint(20) NOT NULL AUTO_INCREMENT;
--
-- AUTO_INCREMENT for table `runner_visitted_location_details`
--
ALTER TABLE `runner_visitted_location_details`
MODIFY `runner_visitted_location_id` bigint(20) NOT NULL AUTO_INCREMENT,AUTO_INCREMENT=3802;
--
-- AUTO_INCREMENT for table `runner_visit_details`
--
ALTER TABLE `runner_visit_details`
MODIFY `runner_visit_id` bigint(20) NOT NULL AUTO_INCREMENT,AUTO_INCREMENT=1126;
--
-- AUTO_INCREMENT for table `sms_category_details`
--
ALTER TABLE `sms_category_details`
MODIFY `sms_category_id` bigint(20) NOT NULL AUTO_INCREMENT,AUTO_INCREMENT=11;
--
-- AUTO_INCREMENT for table `sms_template_details`
--
ALTER TABLE `sms_template_details`
MODIFY `sms_template_id` bigint(20) NOT NULL AUTO_INCREMENT,AUTO_INCREMENT=11;
--
-- AUTO_INCREMENT for table `user_auth_code_details`
--
ALTER TABLE `user_auth_code_details`
MODIFY `user_auth_code_id` bigint(20) NOT NULL AUTO_INCREMENT,AUTO_INCREMENT=405;
--
-- AUTO_INCREMENT for table `user_details`
--
ALTER TABLE `user_details`
MODIFY `user_id` bigint(20) NOT NULL AUTO_INCREMENT,AUTO_INCREMENT=147;
--
-- AUTO_INCREMENT for table `user_password_history_details`
--
ALTER TABLE `user_password_history_details`
MODIFY `user_password_history_details_id` bigint(20) NOT NULL AUTO_INCREMENT,AUTO_INCREMENT=28;
--
-- AUTO_INCREMENT for table `user_reporting_to_details`
--
ALTER TABLE `user_reporting_to_details`
MODIFY `user_reporting_to_details_id` bigint(20) NOT NULL AUTO_INCREMENT,AUTO_INCREMENT=145;
--
-- AUTO_INCREMENT for table `user_to_circle_details`
--
ALTER TABLE `user_to_circle_details`
MODIFY `user_to_circle_details_id` bigint(20) NOT NULL AUTO_INCREMENT,AUTO_INCREMENT=23;
--
-- AUTO_INCREMENT for table `user_to_hub_details`
--
ALTER TABLE `user_to_hub_details`
MODIFY `user_to_hub_details_id` bigint(20) NOT NULL AUTO_INCREMENT,AUTO_INCREMENT=91;
--
-- AUTO_INCREMENT for table `user_to_region_details`
--
ALTER TABLE `user_to_region_details`
MODIFY `user_to_region_details_id` bigint(20) NOT NULL AUTO_INCREMENT,AUTO_INCREMENT=18;
--
-- AUTO_INCREMENT for table `user_to_zone_details`
--
ALTER TABLE `user_to_zone_details`
MODIFY `user_to_zone_details_id` bigint(20) NOT NULL AUTO_INCREMENT,AUTO_INCREMENT=16;
--
-- AUTO_INCREMENT for table `zone_details`
--
ALTER TABLE `zone_details`
MODIFY `zone_id` bigint(20) NOT NULL AUTO_INCREMENT,AUTO_INCREMENT=24;
--
-- Constraints for dumped tables
--

--
-- Constraints for table `attendance_details`
--
ALTER TABLE `attendance_details`
ADD CONSTRAINT `FK_user_attendance_details` FOREIGN KEY (`user_id`) REFERENCES `user_details` (`user_id`) ON DELETE CASCADE ON UPDATE CASCADE;

--
-- Constraints for table `beat_plan_details`
--
ALTER TABLE `beat_plan_details`
ADD CONSTRAINT `FK_beat_plan_details` FOREIGN KEY (`user_id`) REFERENCES `user_details` (`user_id`) ON DELETE CASCADE ON UPDATE CASCADE;

--
-- Constraints for table `beat_plan_distributor_assignments`
--
ALTER TABLE `beat_plan_distributor_assignments`
ADD CONSTRAINT `FK_beat_plan_distributor_assignments` FOREIGN KEY (`beat_plan_id`) REFERENCES `beat_plan_details` (`beat_plan_id`) ON DELETE CASCADE ON UPDATE CASCADE,
ADD CONSTRAINT `FK_beat_plan_distributor_assignments_distributor` FOREIGN KEY (`distributor_id`) REFERENCES `distributor_details` (`distributor_id`) ON DELETE CASCADE ON UPDATE CASCADE;

--
-- Constraints for table `beat_plan_user_assignments`
--
ALTER TABLE `beat_plan_user_assignments`
ADD CONSTRAINT `FK_beat_plan_user_assignment` FOREIGN KEY (`user_id`) REFERENCES `user_details` (`user_id`) ON DELETE CASCADE ON UPDATE CASCADE,
ADD CONSTRAINT `FK_beat_plan_user_assignments` FOREIGN KEY (`bp_dist_assignment_id`) REFERENCES `beat_plan_distributor_assignments` (`bp_dist_assignments_id`) ON DELETE CASCADE ON UPDATE CASCADE;

--
-- Constraints for table `caf_collection_details`
--
ALTER TABLE `caf_collection_details`
ADD CONSTRAINT `FK_caf_collection_details` FOREIGN KEY (`runner_visit_id`) REFERENCES `runner_visit_details` (`runner_visit_id`) ON DELETE CASCADE ON UPDATE CASCADE;

--
-- Constraints for table `circle_details`
--
ALTER TABLE `circle_details`
ADD CONSTRAINT `FK_circle_details` FOREIGN KEY (`user_id`) REFERENCES `user_details` (`user_id`) ON DELETE CASCADE ON UPDATE CASCADE;

--
-- Constraints for table `dashboard_details`
--
ALTER TABLE `dashboard_details`
ADD CONSTRAINT `FK_dashboard_details` FOREIGN KEY (`user_id`) REFERENCES `user_details` (`user_id`) ON DELETE CASCADE ON UPDATE CASCADE;

--
-- Constraints for table `distributor_details`
--
ALTER TABLE `distributor_details`
ADD CONSTRAINT `FK_distributor_details` FOREIGN KEY (`user_id`) REFERENCES `user_details` (`user_id`) ON DELETE CASCADE ON UPDATE CASCADE;

--
-- Constraints for table `distributor_to_hub_details`
--
ALTER TABLE `distributor_to_hub_details`
ADD CONSTRAINT `FK_distributor_to_hub` FOREIGN KEY (`hub_id`) REFERENCES `hub_details` (`hub_id`) ON DELETE CASCADE ON UPDATE CASCADE,
ADD CONSTRAINT `FK_distributor_to_hub_details` FOREIGN KEY (`distributor_id`) REFERENCES `distributor_details` (`distributor_id`) ON DELETE CASCADE ON UPDATE CASCADE;

--
-- Constraints for table `hub_details`
--
ALTER TABLE `hub_details`
ADD CONSTRAINT `FK_hub_details` FOREIGN KEY (`zone_id`) REFERENCES `zone_details` (`zone_id`) ON DELETE CASCADE ON UPDATE CASCADE,
ADD CONSTRAINT `FK_hub_details_user` FOREIGN KEY (`user_id`) REFERENCES `user_details` (`user_id`) ON DELETE CASCADE ON UPDATE CASCADE;

--
-- Constraints for table `region_details`
--
ALTER TABLE `region_details`
ADD CONSTRAINT `FK_region_details_circle` FOREIGN KEY (`circle_id`) REFERENCES `circle_details` (`circle_id`) ON DELETE CASCADE ON UPDATE CASCADE,
ADD CONSTRAINT `FK_region_details_user` FOREIGN KEY (`user_id`) REFERENCES `user_details` (`user_id`) ON DELETE CASCADE ON UPDATE CASCADE;

--
-- Constraints for table `runner_visitted_location_details`
--
ALTER TABLE `runner_visitted_location_details`
ADD CONSTRAINT `FK_runner_visitted_location_details` FOREIGN KEY (`user_id`) REFERENCES `user_details` (`user_id`) ON DELETE CASCADE ON UPDATE CASCADE;

--
-- Constraints for table `runner_visit_details`
--
ALTER TABLE `runner_visit_details`
ADD CONSTRAINT `FK_runner_visit_details` FOREIGN KEY (`bp_user_assignment_id`) REFERENCES `beat_plan_user_assignments` (`bp_user_assignment_id`) ON DELETE CASCADE ON UPDATE CASCADE;

--
-- Constraints for table `sms_template_details`
--
ALTER TABLE `sms_template_details`
ADD CONSTRAINT `FK_sms_template_category` FOREIGN KEY (`sms_category_id`) REFERENCES `sms_category_details` (`sms_category_id`) ON DELETE CASCADE ON UPDATE CASCADE,
ADD CONSTRAINT `FK_sms_template_details` FOREIGN KEY (`user_id`) REFERENCES `user_details` (`user_id`) ON DELETE CASCADE ON UPDATE CASCADE;

--
-- Constraints for table `uploaded_caf_details`
--
ALTER TABLE `uploaded_caf_details`
ADD CONSTRAINT `FK_uploaded_caf_details` FOREIGN KEY (`distributor_id`) REFERENCES `distributor_details` (`distributor_id`) ON DELETE CASCADE ON UPDATE CASCADE;

--
-- Constraints for table `user_auth_code_details`
--
ALTER TABLE `user_auth_code_details`
ADD CONSTRAINT `FK_user_auth_code_details` FOREIGN KEY (`user_id`) REFERENCES `user_details` (`user_id`) ON DELETE CASCADE ON UPDATE CASCADE;

--
-- Constraints for table `user_details`
--
ALTER TABLE `user_details`
ADD CONSTRAINT `FK_user_details` FOREIGN KEY (`role_id`) REFERENCES `role_details` (`role_id`) ON DELETE CASCADE ON UPDATE CASCADE;

--
-- Constraints for table `user_password_history_details`
--
ALTER TABLE `user_password_history_details`
ADD CONSTRAINT `user_password_history_details_ibfk_1` FOREIGN KEY (`user_id`) REFERENCES `user_details` (`user_id`) ON DELETE CASCADE ON UPDATE CASCADE;

--
-- Constraints for table `user_reporting_to_details`
--
ALTER TABLE `user_reporting_to_details`
ADD CONSTRAINT `FK_user_reporting_to_details_user` FOREIGN KEY (`reporting_to_user_id`) REFERENCES `user_details` (`user_id`) ON DELETE CASCADE ON UPDATE CASCADE;

--
-- Constraints for table `user_to_circle_details`
--
ALTER TABLE `user_to_circle_details`
ADD CONSTRAINT `FK_user_to_circle` FOREIGN KEY (`circle_id`) REFERENCES `circle_details` (`circle_id`) ON DELETE CASCADE ON UPDATE CASCADE,
ADD CONSTRAINT `FK_user_to_circle_details` FOREIGN KEY (`user_id`) REFERENCES `user_details` (`user_id`) ON DELETE CASCADE ON UPDATE CASCADE;

--
-- Constraints for table `user_to_hub_details`
--
ALTER TABLE `user_to_hub_details`
ADD CONSTRAINT `FK_user_to_hub` FOREIGN KEY (`hub_id`) REFERENCES `hub_details` (`hub_id`) ON DELETE CASCADE ON UPDATE CASCADE,
ADD CONSTRAINT `FK_user_to_hub_details` FOREIGN KEY (`user_id`) REFERENCES `user_details` (`user_id`) ON DELETE CASCADE ON UPDATE CASCADE;

--
-- Constraints for table `user_to_region_details`
--
ALTER TABLE `user_to_region_details`
ADD CONSTRAINT `FK_user_to_region` FOREIGN KEY (`regiion_id`) REFERENCES `region_details` (`region_id`) ON DELETE CASCADE ON UPDATE CASCADE,
ADD CONSTRAINT `FK_user_to_region_details` FOREIGN KEY (`user_id`) REFERENCES `user_details` (`user_id`) ON DELETE CASCADE ON UPDATE CASCADE;

--
-- Constraints for table `user_to_zone_details`
--
ALTER TABLE `user_to_zone_details`
ADD CONSTRAINT `FK_user_to_zone` FOREIGN KEY (`zone_id`) REFERENCES `zone_details` (`zone_id`) ON DELETE CASCADE ON UPDATE CASCADE,
ADD CONSTRAINT `FK_user_to_zone_details` FOREIGN KEY (`user_id`) REFERENCES `user_details` (`user_id`) ON DELETE CASCADE ON UPDATE CASCADE;

--
-- Constraints for table `zone_details`
--
ALTER TABLE `zone_details`
ADD CONSTRAINT `FK_zone_details` FOREIGN KEY (`user_id`) REFERENCES `user_details` (`user_id`) ON DELETE CASCADE ON UPDATE CASCADE,
ADD CONSTRAINT `FK_zone_region` FOREIGN KEY (`region_id`) REFERENCES `region_details` (`region_id`) ON DELETE CASCADE ON UPDATE CASCADE;

/*!40101 SET CHARACTER_SET_CLIENT=@OLD_CHARACTER_SET_CLIENT */;
/*!40101 SET CHARACTER_SET_RESULTS=@OLD_CHARACTER_SET_RESULTS */;
/*!40101 SET COLLATION_CONNECTION=@OLD_COLLATION_CONNECTION */;
